INSERT INTO OKM_USER (USR_ID, USR_NAME, USR_PASSWORD, USR_EMAIL, USR_ACTIVE) VALUES ('okmAdmin', 'Administrator', '21232f297a57a5a743894a0e4a801fc3', 'admin@noreply.com', 'T');
INSERT INTO OKM_ROLE (ROL_ID, ROL_ACTIVE) VALUES ('AdminRole', 'T');
INSERT INTO OKM_ROLE (ROL_ID, ROL_ACTIVE) VALUES ('UserRole', 'T');
INSERT INTO OKM_USER_ROLE (UR_USER, UR_ROLE) VALUES ('okmAdmin', 'AdminRole');
INSERT INTO OKM_PROFILE (PRF_ID, PRF_NAME, PRF_ACTIVE) VALUES (1, 'Default', 'T');
INSERT INTO OKM_MIME_TYPE (MT_ID, MT_NAME, MT_IMAGE_CONTENT, MT_IMAGE_MIME) VALUES (1, 'application/vnd.oasis.opendocument.text', 'R0lGODlhFwAQAOeeABUyQBkyPxc2Rhg5SRg6Sh84RR05Rxk7Sxk7TCE6SBk9Tho9Tho+Txo+UBtAUhtBUxxEVx1FWB5GWSVLXSZOYTVWZzpVYkJVYkNXYz5ZZj5aZ0VYYjpdb0Jeb0JfbUNgbklebEhfa0Bic0pfbUxicUZlc01jckpqeVFpeUtsfFNqelRreFhuflJxgFZvgFl0hVl0hlp1hl52hl55i155jF56jF97jWB7jWR6iGV9iGl/jmiAkG9/h2uAjWiElnWDjG+GlXaEjniIkHeOmHmNmnaPoHeQoYGSnHyUn32UoICUooWTnIaWoYyVmo+Xm4yZoI+Yn4qbp46bo4mdq4qeq5GcpI6eqo+gq5Kgpo2isI6ir5WhqZGlrpakrZeosaGlqJmos56nraGnqZ2or5ypsp6ttpyuuaWsr6CutqGwuqKyvaOzu6KzvqO0v6S0v6izvKe1vq20t6e2wai2wLK1tqi4w7K4u7W4urK7wba6vLe7vbe8vrPBy77Bw7nEy7/Dxb/ExbrGzMXHyMbJysPKzcLN1MfMzsPP1tDR0tHS087T1tHT09DV2NTV1tTW1tTb39Tc39fd4Nzi5tzj597k5+Lm6uHn6uPo6+fn5+Pp7Onq6/Dx8fv7+/3+/v///////////////////////////////////////////////////////////////////////////////////////////////////////////////////////////////////////////////////////////////////////////////////////////////////////////////////////////////////////////////////////////////////////////////////////////////////////////////////////////////////////////////////////////////////////////////////////////////////////yH5BAEKAP8ALAAAAAAXABAAAAjlAP8J/HeCAgEATpwI+cHjR5OBECO+0ADAghM9mDh5MkTpzJ2IEV2EeORJo0InPyRx4uEE5EATK2QACMCDRxNHTlR64uFSoIUEAGZiKqmJxwoTX1b0/Oekk6ennpzQGRSpUZ8fP3pG8gToDI9OPJ6kqcNn0yYhPQcN+hm0hI8iRqZMycSp5VISEwAU2MRJI1RND3vGOJHXRKHDhfwaCuzyRokIAErIlZvpKZ2l/26IeADgTKfPoDt9wayZMxHEiDmNXppjc2QjsGFP2fRx6YwSnFmY3W12EGOXFIIGaFLli3HjxUEGBAA7', 'image/gif');
INSERT INTO OKM_MIME_TYPE_EXTENSION (MTE_ID, MTE_NAME) VALUES (1, 'ott');
INSERT INTO OKM_MIME_TYPE_EXTENSION (MTE_ID, MTE_NAME) VALUES (1, 'odt');
INSERT INTO OKM_MIME_TYPE (MT_ID, MT_NAME, MT_IMAGE_CONTENT, MT_IMAGE_MIME) VALUES (2, 'application/vnd.oasis.opendocument.presentation', 'R0lGODlhFwAQAOesABQwPSgwMhg3Rhg5SRg6Shg7TBk7TBk8TS43OBo+Tzo1LRo/URs/UBxBUz03MBxCVBxCVR1EWB5HWiVLXSZOYTVWZ0VTVz5ZZj9baTpdb0Fea0tdZT9hcUNgbqtFAJZNGk1kb0dmdXJZRkpqektsfLxLAL1MAMFNAMJNAFJxgMlQANdWAMhcFNNaCWV9iOJaAG5+huldAOleAupeAOxeANtkFe1fAO5fAPViAORnFPdjAHiJkHeOmbl6UcV3Q+5rFLKBXutxIP5sCd12MnyTn/ZvFX2UoKKNfoyVmYuZoNGGVP55IP95IOKDRK6Vg8KRcN6JUOmGQ5OgptONXpGlrvGJQ82UbeOOVeCPWfiKQviLQ5eosdSWbfeMROWTXeaUXaSoqv+PRLmklv+QRuyWXeqYYdaeeKCvt9ChgvOZXeadbe6bY6iws+SfcPyYVaSzu+ygbayztvOha7G3usGzqf+iZP+iZfqla8m0pv2la/ymbOishP2mbLa7vci3rPyocOmvif+pcOC0lu2yir/CxL3Dxcy/tvK0i/2xfrrGzNK/s/a2i/K6lfu4i87GwcTKzv26jODIudTNyc7Pz/3DnNXPy/3EndbQy//EnejOvdvSzOvRv9Tc3/XVwPLYxt7k5/3cx//dx+fl5Ofo6Pzi0f3i0P/j0f/k0fPw7vP09Pj49/z8/P///////////////////////////////////////////////////////////////////////////////////////////////////////////////////////////////////////////////////////////////////////////////////////////////////////////////////////////////////////////////////////////////////////////////////////////////////////////////////////////////////////////////yH5BAEKAP8ALAAAAAAXABAAAAjeAP8J/BeCAgEASJDs2AFjB5KBECOmuCDAgpQ+o1StmiSKTZ+IEjtwWkVSoRQYn1TBeAhSIAgQLgAEgLGSE5KUq2C0FGihAQCZolapQgXjJRgQO/8lIckUSZxHnCYRarhzZCEwMFZJIcRpVKpVqHbsfPTIAoOfH1jUCBJkiKVVLHeCmCAT0CBGeOEEGRUXZIoRdEUwJckoyqS+EV2EiABA8ODCcZL+c8EBAoAjg1cVBiOZsk8geEPDycQ5KeUHjdmqbkJqTucQPlOgmk0b1SPEESn8DIBECpjfv6VIARkQADs=', 'image/gif');
INSERT INTO OKM_MIME_TYPE_EXTENSION (MTE_ID, MTE_NAME) VALUES (2, 'odp');
INSERT INTO OKM_MIME_TYPE_EXTENSION (MTE_ID, MTE_NAME) VALUES (2, 'otp');
INSERT INTO OKM_MIME_TYPE (MT_ID, MT_NAME, MT_IMAGE_CONTENT, MT_IMAGE_MIME) VALUES (3, 'application/vnd.oasis.opendocument.spreadsheet', 'R0lGODlhFwAQAOfAABQwPRg3Rh85Mxg5SRg6Shg7TBk7TBk8TRo+Txo/URs/UBxBUyRCOhxCVBxCVSlFMR1EWB5HWitIMyVLXSZOYTVWZz5aWD5ZZkVZYj9baTpdb0Feaz9hcUNgbkhga0dmdUpqelNyRUtsfFJxgGCFJGmIDGqIDGV9iG5+h3SVDnSWDnaZDneaDniIkHyfDneOmYSqD3yUn32UoIWrD4apGIyWmY6jVY2wH4uZoI2hgZCyJJOqTJC4EI+5EpC5EZKqbpKgppK8EZqlgpe1O5Glrpm0T5fCEZjEEpeosZ25RqKwc53BLp+7SaKoqaK4X57GIaOqrqDHJp+utaPAS6mvlqDLG6e4cqbCUKXIPKm+aqOzuqyztq2/dKzEY6zFXqrLR6nQMKnRMLC+ha7FZqzMS67GZ7PDgK7TO7O5u7LKZ7DRS7i8q7a7vbLST7PSUbLVRbTOa7bPZ7fMd7zBrbjOdrjOd7u/wbnOd7nOeLfTZLnRbbrOfrfYUb7EqrnUZ7nUaLvRdr3Td73Sfr/ExrrGzL7UeL/Ve8PIuMDXdcHWfsTRm8PJzMPXgsbMtcPXg8bJysjKwcPcdcXWksTbf8XedsfYkcXed8bfeMbfesfef8bgesfge8jhesnhgMvdk8rig8vihdDWutHTy9HS0s3gk9LUzM/gnM/jktTWz9HmlNfaz9ffwNTc39riwtjppNjqo9rrpN7k5+HpyeHqxOfn5erq6+jyy+nzy+r0y+vz0+vz1O311O311fDx7fz9/P7+/v///////////////////////////////////////////////////////////////////////////////////////////////////////////////////////////////////////////////////////////////////////////////////////////////////////////////////////////////////////////////////////////////yH5BAEKAP8ALAAAAAAXABAAAAjhAP8J/PeBAgEANWq0aIGiRY2BECOOuBDAAhA2tHwBe0RrC5qIEj2wAqZRIRAUsXyheAhS4AcQJwAIQLFSVY2UwFC0FGhhAQCZtEjWQuHBQxMPO//V0AisaY0tj1iNGtRw58hBUFD4AmKHVa1evnq12PnokQUFP4GMqsWUJMudHybIpHHjho67smq9BTkChFwJsoDpCDxY1N6IJz5AAECCsOMtSf+d4OCA8d3LOmw1iTzZJ4lZvm6AvsFrc9LJDRi3Cr36hq6Ppz/4lECjdu0htB4djkjhp4AaQJoIFw4ECMiAADs=', 'image/gif');
INSERT INTO OKM_MIME_TYPE_EXTENSION (MTE_ID, MTE_NAME) VALUES (3, 'ots');
INSERT INTO OKM_MIME_TYPE_EXTENSION (MTE_ID, MTE_NAME) VALUES (3, 'ods');
INSERT INTO OKM_MIME_TYPE (MT_ID, MT_NAME, MT_IMAGE_CONTENT, MT_IMAGE_MIME) VALUES (4, 'application/vnd.oasis.opendocument.graphics', 'R0lGODlhFwAQAOegAAoYHwwcJAwdJRAnMhInMR4lKB4mKhIqNhIrNxMsORMtOhQvPRUxPhYzQRY0QyExORg6Sic4QBxBVCY+ShxCVBxCVR1EWDBDTSJJXSdJWS9OXCxQYjxMUz5OVj5SWzpZaD9hcUZgbUBic0Jjc0pjcUVnd0doeE9mb2JjZEtremRkZFZrdWZmZlhxf1h1gmRxd1t3g2R1fVx6iGp3fnB3e2F9iWB9jHZ2dmJ/jXp6enp7e3p8fX5+foCAgJmAQYGBgYODg4SEhIaGhoSHh4mJiYuLi46Ojo+Pj5CQkI2Wmo2Xm5WVlZWWlpaWlpSYmpOanJmZmZebnJqampubm5ycnJ2dndSbEp6enqGgoaSkpKWlpaOpraSrr+unBqWtsO6pBq2trrCwsPavBrKysvuyBvazFfyzBre3t/61Bv+1Bri4uLu7u/+6Fu67QL6+vva8M8LCwvbBQsDFx//DNfvFQ8jIx8jIyMnJyf/IRMrKysvLy83NzfzNY/7QZNXV1dPY29fX1/7Xc//Xc9ra2v/Zg9zc3O7ctN3d3fbfq+Hh4fzgoOPj4+Xl5ejo6Orq6uzs7O3t7e7u7vDw8P/x0PPz8/b29v/24Pn5+f757vr6+v/67/v7+/z8/Pz9/f39/f7+/v///////////////////////////////////////////////////////////////////////////////////////////////////////////////////////////////////////////////////////////////////////////////////////////////////////////////////////////////////////////////////////////////////////////////////////////////////////////////////////////////////////////////////////////////////////////////////////////////yH5BAEKAP8ALAAAAAAXABAAAAj+AP8J/GdiAwQETpgMAZLjR5GBECO6+OCAQ5Q1jS6B0rMIjJqIEVuE+AOKEygoRKb0SHRpRxOQA0+siBHAwI0cRwBJYQlKB0yBHS4QAFCAEahLkG6wQKFFxc9/TzqBmgpqyZg7h/zA4RHkZyFQcrbQ8HTFzSBHlDZJEvIzjx0PEw4I8GGlCxlBUzO9fEoiQ4MIX8rQYZNmEqhHR57CSIGhwQxCmjTNKQxqj5GnOEpYWKAElCXCeKaGefoPh4gKCrh8CoSmD6ZPn7KQtgFCQgIvnPiYUcSpNxbSNUZQUJCkEiIxYt7EeXOGtIwSEhi8iBTJUJsv2OtcfqphwYAHSKoJaBk/nsoVkAEBADs=', 'image/gif');
INSERT INTO OKM_MIME_TYPE_EXTENSION (MTE_ID, MTE_NAME) VALUES (4, 'odg');
INSERT INTO OKM_MIME_TYPE (MT_ID, MT_NAME, MT_IMAGE_CONTENT, MT_IMAGE_MIME) VALUES (5, 'application/vnd.oasis.opendocument.database', 'R0lGODlhFwAQAOfOABQwPSMuMhg3RjAwLSg0OBg5SRg6SjIyMBg7TBk7TBk8TRo+Txo/URs/UBxBUxxCVBxCVR1EWB5HWiVLXSZOYYQyAYQzAVtCMXY+GpE4AUFRV5Q5AZU5ATVXZ5c8BJs7AYlBFD5ZZp89AT9baUZZYjpdb6I+AaI/AUFea6ZAAT9hcUNgbqdCBKRFCkphbK5DAa5EAq5EA7NEAUdmdbRFAaVKEbJGBLNGA7ZGAbdGAbBJCbdIBEpqerdJBbFLDEtsfL5JAcFLAapTHcJMBK1UHlJxgMZSCsVUD7JaJMdUDq9cKbxcIbldJLFhMLViLsBfJMpcGrRjMcVeIGV8iKdpRLxkLsZhJKBtTm1+hsliIstiIcdjJ8NnLsxlJsloLsxqLc9tMXiIkLt2S7V5VXeOmc52QJWIfs54Q855RXyTn32UoMN/Va6GbdR7Rch/UryFY6KNgbeKb8SHYpCYnMaIYYyaoNeEUr2MbtSHWc6MZJOgptmMXbyWfsmScdiOYcuSb5Glrs6SbtqPYNqPYcKXfdSTa9STbK+flJeosdmVbNuWbKKoqtuXbdCbedOad9CcfNuZcdebddCeft6acdicd5+utt+ddKeustGihN+edaSzu+Chetujgdukgqyzt9ymhbyxquGmgt+nhM+slr+xqeKng8Syp7O4u+Oqh+Gsi7a7vd2xlce9tsu8s73CxbrGzMHExue5nOe5nem6ncvEwNXDt8TKzt7KvdPOy8/Q0OHMv9XQzdnSztjT0OnPwOjTx9Tc3/HXx/LXx/Pd0N7k5/Le0fXe0ePk5fXf0efl5O/s6vr6+v39/f7+/v///////////////////////////////////////////////////////////////////////////////////////////////////////////////////////////////////////////////////////////////////////////////////////////////////////yH5BAEKAP8ALAAAAAAXABAAAAjxAP8J/DeDggEAc+aECYMljJmBECMWCSFAwxxVyZY1s3Xs0qmIElcAa8as2RwzCo8twzIH5EAXPKYECICFZa85KpthcSlQgwMAM481W6YMiwsXi1zw/DenZLOnczzZAtYLVkOeI2EtwsLsitdRGZU9dGnLloYGQDGAUNLEQ5OMLZe6mAA0wy+NujxgUhbXZREedAd4IHTrVh8Pj3L1BTllRgQAFzzU8CBZr6el/6aogAAAA5VkxYola9JnEWbNPzE0YcaaGWnTSzU/gJxh1K9fmCqM+hh7xk8XYzKAAJGBTTJbi0FSAACAwBw9i6JHfw4yIAA7', 'image/gif');
INSERT INTO OKM_MIME_TYPE_EXTENSION (MTE_ID, MTE_NAME) VALUES (5, 'odb');
INSERT INTO OKM_MIME_TYPE (MT_ID, MT_NAME, MT_IMAGE_CONTENT, MT_IMAGE_MIME) VALUES (6, 'application/msword', 'R0lGODlhFwAQAMQfAJSt6Ofq99Xc57rK8mR5rfn6/fP1+3CT6RM6VydNjylWpKSyu6e77HuX1xVGkVV3yWaI23OTykR13DRgse3v+Yij30ZswICc1QY4gnmNnVh91HKN0maBwV2C1v///////yH5BAEAAB8ALAAAAAAXABAAAAW/4PcdJAlBXac9j+VOYiweQ20zOAPsACzPA49wWCgWDb0fcCg0FgxQgEI5GjQ2mwejoCiwNJbKVAmx7ggeSGIA4EwuYmonWCEEKoA1Y4KgVBJyWw0cDBwSCQAWCRkUFw5UGlsbBBeHFm4IAo2PSloFHAeHAhqHjAGOVJ4PhwEUipkBAQ2cPxYMBgoJCwYUCggLsQERGFQWAFBQFMoUwcLESsbIy8zNw8U8ABXaFxcNEd/WShPjCuUJDugOGOvrPyEAOw==', 'image/gif');
INSERT INTO OKM_MIME_TYPE_EXTENSION (MTE_ID, MTE_NAME) VALUES (6, 'doc');
INSERT INTO OKM_MIME_TYPE_EXTENSION (MTE_ID, MTE_NAME) VALUES (6, 'dot');
INSERT INTO OKM_MIME_TYPE (MT_ID, MT_NAME, MT_IMAGE_CONTENT, MT_IMAGE_MIME) VALUES (7, 'application/vnd.ms-excel', 'R0lGODlhFwAQAMQfAPz9/ISsddvp2+v06425gHijaFGLOg1uDfX59URpL+Lu4nS1ay1QHFmkVJzHlGeVWHGbXufw51mCVqfQnbLWqjSHMVh8QkuVSPD38GGHTGarXy9RKzdcJUtyOV6TSP///yH5BAEAAB8ALAAAAAAXABAAAAW94PcRRBAUBfQ8WWa9XSfOIkFR0+TsZGkWMlqNAigaEUgMZgAUigJEIwCJUA6YQWFgAlhoNA+kZCwZQBLOT4F7oSwWHsmiUTkozumCo3iZeA10BxEKD2hOEHtIFQ4aDQl2CoSGQg8EVHQEHhccKwoeHGmVVQ1zB5mbAQKfaRmWDRuwGwdwm6qgThYBS1eDAbEbAgYMabm8g5ECycnCxAUDEccKysrMTh0oKSoPHtwG3tVCMR0J5OUc5wzpwzQhADs=', 'image/gif');
INSERT INTO OKM_MIME_TYPE_EXTENSION (MTE_ID, MTE_NAME) VALUES (7, 'xls');
INSERT INTO OKM_MIME_TYPE (MT_ID, MT_NAME, MT_IMAGE_CONTENT, MT_IMAGE_MIME) VALUES (8, 'application/vnd.ms-powerpoint', 'R0lGODlhFwAQAMQfAK5JMvqnbOtyM//695E0Kv7ayGoVE+iSbPy5h7RcQ//m2f7z7f3RufDDjdVkLu2IVb1bK//u5dN4Wf3DpsNjSfmVV8ttUfeISeKGZfN/Qe6RSdqAYO+XXsFzWv///////yH5BAEAAB8ALAAAAAAXABAAAAXJ4PcdJIZtkmRRVJIAsCiLB2IHeFBV15VlAsBMVvMYj4PBYhkJDmkIz+GkWrUSTeETEzUmlcyIQkB4fjYBIyNBICQQEfG4/JSkGYDFwNBGMAwKDnRDdgMJeh4GEA8JCgoFgmYWFQMEGQ8HAA8cBBMGBRCDMxSUBA0NCA+bBAWtEAZmFBcLCRoNAaoZCZ6gsE8JGQt4GhwPGQAIrQyvZsBxDB1tHckFDHi+QwACco6tytYA2DPaAuUCDugQ6hAw4jIwAG3yBAb19u4hADs=', 'image/gif');
INSERT INTO OKM_MIME_TYPE_EXTENSION (MTE_ID, MTE_NAME) VALUES (8, 'pps');
INSERT INTO OKM_MIME_TYPE_EXTENSION (MTE_ID, MTE_NAME) VALUES (8, 'ppt');
INSERT INTO OKM_MIME_TYPE (MT_ID, MT_NAME, MT_IMAGE_CONTENT, MT_IMAGE_MIME) VALUES (9, 'application/vnd.ms-project', 'R0lGODlhFwAQAMQfALTGs9Pb0+T45Ki0qfv++lBpT9jr2IyajXWVcoakhZukmpu1l2N3ZHiJeWyCab/QvkhaR/D38KbDoYCcf4+qjeTw5aK6nztUN+3+7JWvk4CUgEBZPVl1VmSAYW+Kb////yH5BAEAAB8ALAAAAAAXABAAAAXd4PdJ0jAoVJJoiOc4XMeJtEg+OCBZgLVYmQViVhMtHoSk4GEJJCMYTIZYXACSBJzmEKhEIgIKtZa5EgxMRiDw6GIohaIocY3gOo12ADAwwOUfdARsFB0BCicDBwsZcXITEhEDABwLGA8UGgweAH9yCBIADQ0doWiaCAYJEICgFgwaexkWFBkNAxirgA4LFQoKXQCaDA0GAhOscrwYEYcDAQMeDAMVBhMbgB0UXxEVAAcHEx4G5NeAHBkYAgJRBhYIANXHF+ceCRP4LC2jLwX0ch1kFBg4EILBgwaLhAAAOw==', 'image/gif');
INSERT INTO OKM_MIME_TYPE_EXTENSION (MTE_ID, MTE_NAME) VALUES (9, 'mpp');
INSERT INTO OKM_MIME_TYPE (MT_ID, MT_NAME, MT_IMAGE_CONTENT, MT_IMAGE_MIME) VALUES (10, 'application/vnd.ms-access', 'R0lGODlhFwAQAMQfALeQpcqYrnAhT6hykclokv77/te5xc+nuYxddujK1+OpwZdqhP/r+oQzYf/z/d/D0PHX6FETPPTr8t+Wsvbl631RZZdggvjn9bCBnu7o76Vgguny9c5+nff0+////////yH5BAEAAB8ALAAAAAAXABAAAAXP4PdNymEGAIANrIVYjSiLypM8j6GbR4AOsRkt4Sl6CgWH5OIoYoLCA9FYoOhSjwJGIBQdHkaPNRHQDBaJbfcTyB4LNgWBw6mkuN2AofA2TDgEgQIqeEIYBlQHdIENEQ9qXYdGZBMEDQIRAB0LhTMYB0cPAXQCFQsGDgwDEWsDBw4GAROXCBQOHRQMC6xdGgEQPhUVEA4UEscOu2u+EhWlCR0bFxIZErq8QggAHhAPGQUdHQzjDMnYMxYDGBgqLCwL8AuNaw31Avf4Efr75x8hADs=', 'image/gif');
INSERT INTO OKM_MIME_TYPE_EXTENSION (MTE_ID, MTE_NAME) VALUES (10, 'mdb');
INSERT INTO OKM_MIME_TYPE (MT_ID, MT_NAME, MT_IMAGE_CONTENT, MT_IMAGE_MIME) VALUES (11, 'application/vnd.visio', 'R0lGODlhFwAQAOfAABcZRBwkZBwlZB8maCIpbSIpbiUrcyUrdCcteSkvfywyhSwyhi4ziy40jDA1kTE2kTI3ljM5mzQ5mzY8nzc8oDg9ozs/pzZMpjRNrzRNsENQvENRu0BWtj9ZukFav05enENfy0dhxUtlzkxmyktmzk9i31NpwFVn4FVo4FFs2VNt2FBu4Ftu4lx102J142N44WJ63WN54WV82HN+sHN+sWh75XN/s3SAtnWBtm2B0XWCuHWCuXaEvHeEvXeFv2+C52+F23iGwHCD53uGwXmHw3mHxHuJx36KxHyLyn2LzHeK6X2Nz4GNyn6O0HuO2X6P0n+P0oOS0H+R6nuS83yT7H2T64GT4YCS636V7n+V7H6W84OX5oCX8oKY8YaY7YeY7Yeb6oma7Yec7Ymb7Yic8oud7o2d7Yye7o6f7o6g6Yyg74+g7pCi75yl0pOk8JSk8JSl8JWl8Jio8Zmo8qCr35ur8Jyr85ys8Z2s852t8p+v8aGw86Cx9qCy96Ky8qKy86Oy8qKz9qez6qyz4ay04q204KW19Ka19Ka19aO1/qW29qW4/6m49ay57qq59a2797G/9rW/8Le/7LTA87PB97jB67vE87rG9bvH+LvI+MPP/8vR8c3T9c3T9tPX+Nzg+N7g+eDg9eHl++Pl++bm+efm+efn+ebq/Ovq+urs++vt++7s+uvu/O7t+u7u+u/u++/v/PDw/PHw++/y/fDy/fLy/fPz/fTz/fP1/fX0/fb1/ff2/ff3/fn4/vr6/v3+/////////////////////////////////////////////////////////////////////////////////////////////////////////////////////////////////////////////////////////////////////////////////////////////////////////////////////////////////////////////////////////////////yH5BAEAAP8ALAAAAAAXABAAAAj+AP/9MwNIz504aL5cUfKjhgsWKEpoEEhRoB9FlCA9cnToD545cNicCRPDQkWKeij9wjWL1SlRvnqp2pLrFpQKJwXWgYTrEqZAXFb04pWKjq1aTSbk/Pfm0axMmhJhIbFLF6xJtWQlibAUDSNWfBZpkdFBV65ROWS9QgJhqRdDp7pMgWHiQs1Yn161MvJgqZQ9tBo5aRGlzdFPIFytKsJgqRI7MSuJ2XRUFihOq1AFUbBUiJyhlsh0yuoJkRpJpnokWFrDDS9dkaiASWMlT58sIwjtQLDUxRqzglSI8MABSJUUGZjgMLCURZlclV8pHhQCw5BQNggsPTHmVla9mUkxFToSqtSMAUtLvHiyJAkSI0R88NBxwwaNDwKWbrBQgYIECA40sEACCBxQwAABAHBSQAA7', 'image/gif');
INSERT INTO OKM_MIME_TYPE_EXTENSION (MTE_ID, MTE_NAME) VALUES (11, 'vsd');
INSERT INTO OKM_MIME_TYPE (MT_ID, MT_NAME, MT_IMAGE_CONTENT, MT_IMAGE_MIME) VALUES (12, 'application/x-mspublisher', 'R0lGODlhFwAQAOfpABIlLBY7RBY8RRg9Rho+SBo/SB1BSh1BSyBFUCFFTyRIVCZKViZLVidOWihPWyxRXS1RXi9SXy9TXzJUYTZaZjZbZjpfajtfajJmcjljbzRmbylwfUJqdDJ0gTd3hDd5hj1+ij99ikN/i0CBjFB+hkOEj1d9hFh+hFh+hUKHk1l/hVp/hVeBiFuAhlyBiEuIk12BiFCHk16CilKHklOIk0+KlVGKlF+FjFeIkleIk2GGjGKGjmGHj16Jj1iMlFiMmFSPmWOKkFyNl2SLkVuPml6OmWaMkmSOlV2RnGaOlF6RmmCRm2iPlFSXommPlVqVn2mQlV6UnmKTmlmXoGuQlmaTmmuSmFyYomySmGeUm2GXoWyTmmSWoGeVn26Um2WYomiYomuXoGqYomWapWeapG2YoWmapGSdpmacpmWdpmKfqGWeqHCaom6bpGWgqmegqXKcpGahqnCdpnGdpm+ep3qaoWuirHaepnGhqmqkrm2krHWhqnKjq3GkrXmhqHiiq3uhqnyhqnyiqXqjrHujrIKhp3imroWiqXmpsoijq4qjqn2ptICrtH6stnuvuYGut4Stt4KvuH+xuoWwuIWxuoeyuoO1vIizu4W2v4u0vJWwuIi2vou1vou2vYu3vo+3vo64wJK3voy6wpC5wJK4wJG5wJC6xJW6wJa7wpS9wpa8w5C/xpa9xZi+xpbAx5q/xZu/x5bCyZzAyKa9wqHAxZ3DyZ7DyKTCyaXFyqPIzqjIz6nIzafK0K/HzKzJzavL0qzM0q7L067N0rPP1LnU2LrU2LvV2r/W2b/Y3cbd4c/e5M/i5NTj6Nbj6Njn69vn7N3r7OHs7eLu8OTu7uXu9efv7+fv9Ofv9efx8uz09+r29+729+/39/D4+fX3/PX7+/f6+/j7+/T9/fn7/Pf9//v9/ff///j///z//////////////////////////////////////////////////////////////////////////////////////////////yH5BAEAAP8ALAAAAAAXABAAAAj+AP/9MxIIkJ87cNiUCdNlSREhOXBwEEhRICFTrViVGvWp0yZKkR41WjTmQkWKg2SVGxeuJbhw38SZI+dtS4WTAv/AwmXLlShHeZo84ZTMGzcrE3D+m4PK2CtkdiypWZMimKpQy5xEUCoHVTphv/Sck+YGBClnZHwxgaC0zal0vGq90XbszAZawEIU6uFAqZhS6XJhmhInzYcYxLT4qBNkgVIwoNDFQjRiD51byzy9IKGMhwKlXDKZW9VHRDFs0IYBUXKI2o0ESpFc6iYJjQczeHbxscGCmTUXBpQSqZTqSo0OGLJEKSEl0bVqKwgo/TFJFyNDghT1OlJFR7Nq004+DFBKA5JRbty2ZXumaRb4aCYEKJ3xxQsWKlCSDNkhA0YLFShoEIBSGVhAwQQSPNAAAwogcEABAwgQAAAnBQQAOw==', 'image/gif');
INSERT INTO OKM_MIME_TYPE_EXTENSION (MTE_ID, MTE_NAME) VALUES (12, 'pub');
INSERT INTO OKM_MIME_TYPE (MT_ID, MT_NAME, MT_IMAGE_CONTENT, MT_IMAGE_MIME) VALUES (13, 'application/vnd.openxmlformats-officedocument.wordprocessingml.document', 'R0lGODlhFwAQAOeOAAAugQUzmBRGpyREoDVJYzZKZCtKqCRPnSFTxSVVpjNSsExUX0hXazpZuTBcwEBdmD5eo0JiwSxqz0lqyk1urkhvxVFx01NzwVJ10Ft2snR3fnR4flh52nd6fnl7fzuF2Xl8f3p8fl9/xFx/4F+CyV6C1mWKvniXznyY14GW4H+X4Xej63uk6ZOit3ql6JWkuX+n54Cn54+k2Zamu5movpWm5ISr5piqvIWs5oit5ZyrwIqu5JCu1pWs3Zytx4yv5I+x45Gx4pWz4p+w5pW04pyz66W0ypm24Ka2y6i2zZ243p6436e16KG63aq5z6u60aS73aW83K290q286a6+1LDA1rHB17LC2LbD67rF1MDW7Mfa+Mnb+crb+Mzd+M7e+M7e+dDg+dbh7dLh+tLi+tPi+tPi+9bk+tbk+9fl+tfl+9jl+tnm+9rm+9rn+93n9Nbq89zo+9Tr9d3p+9/q++Hq++Hr+9ru9uHs/OLs++Ls/Nvv9+Tt/OXt/Obu/Ofv/OLx+Ojw/ePy+enw/Onw/enx/ezx+e30/e/0/ez2++/1/fP3/vT3/vT6/P///////////////////////////////////////////////////////////////////////////////////////////////////////////////////////////////////////////////////////////////////////////////////////////////////////////////////////////////////////////////////////////////////////////////////////////////////////////////////////////////////////////////////////////////////////////////////////////////////////////////////////////////////////////////////////////////////////yH5BAEKAP8ALAAAAAAXABAAAAj8AP8JFHjFShUqUp44SYLEyMCHEEdInDhi0aJDOgpAhKhiCpaPHzkwYoToRRaNG/9ZGMLEkcuXjkIoalGgZsoJNWoUKfEGhaEMJxjwKBQFCkqIEVKkaIRBBokeFG6A4DEITxMCKRsgQJCowoUDDh6I8cDDDx0lWDcqkCBBEAQRCQD4ANSBB585R9JCNPDhw54AWkwIgHNHaJ02QvQ+HMBYjuPHcjToiXMGiOKNCzZsYMCZMw81Y3ZchkgjEKFAf/rYiZOmDBgcox/OyKOHh+3bX7rEiD3wRRs3bNagMRPGC5ctLHgLbEFmyREiQX7ksAHDxQrl/who3859O8SAADs=', 'image/gif');
INSERT INTO OKM_MIME_TYPE_EXTENSION (MTE_ID, MTE_NAME) VALUES (13, 'docx');
INSERT INTO OKM_MIME_TYPE (MT_ID, MT_NAME, MT_IMAGE_CONTENT, MT_IMAGE_MIME) VALUES (14, 'application/vnd.openxmlformats-officedocument.wordprocessingml.template', 'R0lGODlhFwAQAOerAAAugQUzmBRGpyREoDZJZDVKYzZKZDZLZTdLZjhMZitKqDhNaDlNZzlNaCRPnTpOaDpOaTtPajxQa0pPVz1SbSFTxSVVpj9UbjNSsEFVcEJWcUhXa0RYc0ZadEZcdjpZuTBcwEBdmEhed0leeD5eo1BheVJke0JiwSxqz1Vofllqgklqyk1urkhvxV1wh2tvdV9yil5zjmFzjFFx01NzwVJ10Ft2snF2fmV4kHR4fmZ7lml7k1h52mp9ljuF2Xt8f19/xH1+f1x/4F+CyV6C1neDk2+FoXiElHmFlXqGlmWKvtJ7In2JmYKOnYaSoX+XtniXzouXpXyY14GW4H+X4YObuY+aqJSeq4mgvZSfruyXO+2XO4+mwo+k2e2ZPO2aPO2cPJWm5O6dPJiqvO2ePe+gPJesyZStzpCu1pWs3e6iPZytx/CkPvCnP5+w5p+zzpu00/GqPpyz6/KuQKe16PKwQK+3wqa51POzQaa71/O0Qau+2K286bbBz6/C27bD67fI3r3N4fvMdfvOesDW7PvRgfvTivvWlMvd+czd+dbe6s7f+tDf+dbh7dPi+tXk+tbk+tfm+t3n9Nvn+9bq89zo+9Tr9d3o+uDr++Hr/Nru9tvv9+Xu++bv/eLx+OPy+enw/Onw/erx/ezx+e7z/e70/ez2+/L2/fT4/vT6/Pf6/v///////////////////////////////////////////////////////////////////////////////////////////////////////////////////////////////////////////////////////////////////////////////////////////////////////////////////////////////////////////////////////////////////////////////////////////////////////////////////////////////////////////////////yH5BAEKAP8ALAAAAAAXABAAAAj+AP8JHKgHT505cdqwKSPmy5YlAyMKFEKxopBDhwwVGiQIokSBVPj8GTmShxo1ZMB40eJR4gw3dFbJnLkqiCpUpQJB+PhvRZgwcohIkjLKBpQNaNCIAvSA54kpU1LV6DIkDYsxP06h6eSnAc8PFSqYakHDAYgQjTaQQpMpDwOeGFCg+EQCiAUAazxtCIWmEpwFPBX48LEpACElAihpQorm0ZkEPAdItkS5sqUbkyAxegKZp8AJL3JsGD06aaIYCDwLzKIIFCdMlyI5WoQohpEDnu1csRLFSRMmSZAcKVKEiw4DnvvAMPKkChYuZt7c2cMlhh8CqkuUMJFChQsZOHYY9Ojx5EwB1QL7jBDhoQMHDRkuUJAQQWJAADs=', 'image/gif');
INSERT INTO OKM_MIME_TYPE_EXTENSION (MTE_ID, MTE_NAME) VALUES (14, 'dotx');
INSERT INTO OKM_MIME_TYPE (MT_ID, MT_NAME, MT_IMAGE_CONTENT, MT_IMAGE_MIME) VALUES (15, 'application/vnd.openxmlformats-officedocument.presentationml.template', 'R0lGODlhFwAQAOeVAKQXCMcSANUWAK4iEDZJZDVKYzZKZDZLZTdLZjhMZrouGDhNaDlNZzlNaDpOaDpOaTtPajxQa0pPV9EuGD1SbT9UbkFVcEJWcUhXa0RYc8U6IkZadEZcdkhed0leeFBhedRENlJke9NIK1Vofu9GG1lqgl1wh2tvdd5UNd9UN19yimlxfV5zjmFzjGtzfW1zfW50fXB1fdxbSmV4kHJ3fXR4fmZ7lml7k+pfPWp9lnl7fv1hK3eDk2+FoXiElHmFlehsTHqGlvRrRdJ7In2JmYKOnfx0S4aSoe59Wn+XtouXpYObuY+aqNaLhpSeq4mgve6OdvGPd+yXO+2XO4+mwu2ZPO2aPO2cPO6dPO2ePe+gPJesyZStzpCu1u6iPfKcgt2gnPCkPvCnP5+zzpu00/GqPvKuQPKwQK+3wuaqpKa51POzQaa716u+2OWyrrbBz6/C2+65s7fI3u3Avr3N4fvMdfvOevvRgfvTivvTjPvUj/vVkfrRz8vd+czd+c7f+tDf+frZ19Xk+tbk+tvn+/vh4Nzo++Hr/OLs/P3q6ebv/enw/erx/ezz/e70/f7z8vL2/fT4/vf6/vn7/v76+v///////////////////////////////////////////////////////////////////////////////////////////////////////////////////////////////////////////////////////////////////////////////////////////////////////////////////////////////////////////////////////////////////////////////////////////////////////////////////////////////////////////////////////////////////////////////////////////////////////////////////////////////////////////yH5BAEKAP8ALAAAAAAXABAAAAj+AP8JHOhlzRkzZcSE0YLFypQhAyNG9LJHTx48GPHcsVMHosSBRkKKNJKl5JUqUjx+jBJnjkuXQiZJkhTJEZ0HH//hSOOmks+flTB06cJIjoOcKMCAoUTpCxJKT3VAaqQIToOcIpo0eQQFCJBHYIV2OcSGQU4NAgQkSsGWbaIaixAZIrMgpwISJArJmMBXRiGxgrgkyDlgx45AgUAEAIH4BaFBgJIM/gigMp/LmPmI9cMCQc6BEk7UoBEDhosVf/qw6HHgMxonTJQcKUIkyA8fPHhQsWHg8xsVPZIseUJlyxg1baiwgEPg878PH0KMKGGixYwbOXIk4VLAucA3HjoNcNiQ4YKFChQiQJAYEAA7', 'image/gif');
INSERT INTO OKM_MIME_TYPE_EXTENSION (MTE_ID, MTE_NAME) VALUES (15, 'potx');
INSERT INTO OKM_MIME_TYPE (MT_ID, MT_NAME, MT_IMAGE_CONTENT, MT_IMAGE_MIME) VALUES (16, 'application/vnd.openxmlformats-officedocument.presentationml.slideshow', 'R0lGODlhFwAQAOeFACFEjCJHkjVJYzZKZDdNaCdQpTxQaXw4sDxSby5YrUBZeUZZckZZc0Vgg1FifDpjt8FMGsFNG0tojT5ou0BpvVdpgkVuwFFvljly4lV2n1l7p0p+41x/rGOP5W+X54eWs3Ga6Hac6Hec6Haf7Hej63uk6ZOit5WkuYCn54Sm6pinvYCq7mTJGIWs5pyrwJyswIqu5JCu1oiu9Y+x4+WigpWz4oy086W0yqa2y6i2zZ243qG63aq5zzzqLqu60aS73bG6xq290pq/+KPA+LDA1rHB17LC2LrCzKjE+rrF1KfK/MTK0rDQ/83T2MLV9sPV9rXkmsfY99PY3Lvnmsfa+Mnb+crb+Mzd+M7e+dDg+dHg/9Lh+tPi+tPi+9bk+tbk+9fl+trm+9vn/9zo+93p+9/q++Hr++Hs/OLs/OTt/OXt/Ofv/Ojv/Onw/Onw/erx/ezz/O3z/e30/e/0/e/1/fD1/fL3/vP3/vP4/vT4/fT4/vX4/vb6/vf6/vj7/vn7/vr8/vv8/vv8//z9//7+/////////////////////////////////////////////////////////////////////////////////////////////////////////////////////////////////////////////////////////////////////////////////////////////////////////////////////////////////////////////////////////////////////////////////////////////////////////////////////////////////////////////////////////////////////////////////////////////////////////////////////////////////////////////////////////////////////////////////////////////////////////////yH5BAEKAP8ALAAAAAAXABAAAAjuAP8JHGikCJEgPnjkwHFjoMOHAo0UIjQIEJ87clwMgDhwgcePH/3koXMiyUaO/1RIabLkCJAFgWLINDGgJkoVU3pA+fBhgaA+eOa0OfPjJEQVB1hEEKPFwB+ZMsvsEHDzHwQagwYJ6KNnzps0ZHRQRVnBAQMDW6HKDFNjLMp/DPbssVMHDhs0Y7zMcMuRwQsGdOKojbEFBl+OIaK4WaPGzBgwXLC0OPwwxRAPT8oMtoKC8kARSGSA6ODkS5csV6pQKeH5X4gHFEZMSFCACRMlQmysINFa4AYLAThw0JDhgoQGChAQePsPQwAAzB8GBAA7', 'image/gif');
INSERT INTO OKM_MIME_TYPE_EXTENSION (MTE_ID, MTE_NAME) VALUES (16, 'ppsx');
INSERT INTO OKM_MIME_TYPE (MT_ID, MT_NAME, MT_IMAGE_CONTENT, MT_IMAGE_MIME) VALUES (17, 'application/vnd.openxmlformats-officedocument.presentationml.presentation', 'R0lGODlhFwAQAMZwAKQXCMcSANUWAK4iEDVJYzZKZLouGNEuGExUX0hXa8U6ItRENtNIK+9GG95UNd9UN9xbSnR3fupfPXp7fnp8fv1hK+hsTPRrRfx0S+59WtaLhnej63uk6ZOit+6Odnql6PGPd5WkuX+n54Cn55amu5movoSr5oWs5oit5ZyrwIqu5JCu1oyv5PKcgt2gnI+x45Gx4pWz4pW04qW0ypm24Ka2y6i2zZ243p643+aqpKG63aq5z6u60aS73aW83K290q6+1OWyrrDA1rHB17rF1O65s+3Avsfa+Mnb+crb+PrRz8zd+M7e+dDg+dLh+vrZ19Li+tPi+tPi+9bk+tbk+9fl+tjl+tnm+9rm+9rn+/vh4Nzo+93p+9/q++Hr++Hs/OLs++Ls/OTt/OXt/P3q6enw/Orx/e30/e/0/e/1/f7z8vP3/vT3/PT3/vT4/f76+v///////////////////////////////////////////////////////////////yH5BAEKAH8ALAAAAAAXABAAAAfggH+CgiVDQkA/PDs2NTODj5AYkpMYa2tnKQWQkCBFRp+fF21taCFEmpt/EjlBcK6vcBRpHQW1qQ4uLm9vLRlvvgkrKz49qJAMGhpqHhYWas8TaGVfOgSpCgICZA/c3GTBK1031psGDQ1aEAfrEFoTZmJcNOSQAxUVT08LAQv54Fgx6D0CQFCJwYNKIoTZMuWFwE0IJkxIMDEBOCcqHkIq4aYjmzFetlSJwuSExkckwIQJJ6xlkhEnB4XAkuWKFSpSmixBcoRDTEEdoOCgIQMGCxQmRHzY8PMPgadQo0KFFAgAOw==', 'image/gif');
INSERT INTO OKM_MIME_TYPE_EXTENSION (MTE_ID, MTE_NAME) VALUES (17, 'pptx');
INSERT INTO OKM_MIME_TYPE (MT_ID, MT_NAME, MT_IMAGE_CONTENT, MT_IMAGE_MIME) VALUES (18, 'application/vnd.openxmlformats-officedocument.spreadsheetml.sheet', 'R0lGODlhFwAQAOeEADVJYzZKZBdjFxJlEx1sHRZ5GSN3I0tvOkh2NiqDKmdscmZtdkx8PUx8PxqRGzKOMk+FP3B1fXF2fnJ2fnN3fnR3fnR4fkOOPz+QP1WJTHd6fnl8f3p8fjmaOj+lP26bZEWuRVymW12rYV2sY0u3S2OuZ26ra3ej63uk6ZOit3ql6HG0cZWkuX+n54Cn55amu3G5epmovoSr5oWs5oit5ZyrwIqu5JCu1nDCcIe5iYyv5I+x45Gx4pWz4pW04pK+jYbEhqW0ypm24Ka2y6i2zZ243p6436G63aq5z6u60aS73aW83K290q6+1JLOkrDA1rHB17LC2JrSmrrF1KTZpa3ersPdvsfa+Mnb+crb+Mzd+M7e+czmwdDg+dLh+tLi+tPi+9bk+tbk+9fl+tjl+tnm+9rm+9rn+trn+9zo+93o+93p+9/q+9bx0uHr++Hs/OLs++Ls/OXt/N7z3Ofv/Ojw/enw/erx/ef24+30/e/0/d3/x+/1/eL/0PP3/vT3/un/2/D/5vb/8fz/+f///////////////////////////////////////////////////////////////////////////////////////////////////////////////////////////////////////////////////////////////////////////////////////////////////////////////////////////////////////////////////////////////////////////////////////////////////////////////////////////////////////////////////////////////////////////////////////////////////////////////////////////////////////////////////////////////////////////////////////////////////////////////yH5BAEKAP8ALAAAAAAXABAAAAj5AP8JFBgFypMmTJIgITIkyMCHEElInEjCj588NQJAhIiDSpWPH0H8+aOHxRSNG/95cCKFkMuXhDjwSRGgZsoOQIAMEmFiUA4MgxbcuLFECUqID1asEISnxIUMcwRt0HPjzREAKRMMGBCoDYwRCKwEEnqDTRGsGw0UKAAIQoMfIRgA0nDnxhohaCEScOCgj18uHw70IWumR96HAhLvWcx4T4U4acLsOLxRgYXLFCZEkKDmhhcblCHGqGOnDh05bm6MubFlRuiHL+AMHXpmdhYXrweyMIOmDBkxYLpowXIFRW6BKb4YEeKDhw4aMlqoOHH8H4Dr2LNjhxgQADs=', 'image/gif');
INSERT INTO OKM_MIME_TYPE_EXTENSION (MTE_ID, MTE_NAME) VALUES (18, 'xlsx');
INSERT INTO OKM_MIME_TYPE (MT_ID, MT_NAME, MT_IMAGE_CONTENT, MT_IMAGE_MIME) VALUES (19, 'application/vnd.openxmlformats-officedocument.spreadsheetml.template', 'R0lGODlhFwAQAOejADZJZDVKYzZKZDZLZTdLZjhMZjhNaDlNZzlNaDpOaDpOaTtPahdjFxJlEzxQaz1SbT9UbkFVcEJWcR1sHURYc0ZadEZcdkhed0leeBZ5GSN3I1BheVJke0tvOlVofkh2NllqgiqDKmpsb0x8PUx8P11wh2lvd2tvdRqRG19yil5zjmFzjGtzfW1zfW50fTKOMk+FP3B1fWV4kHJ3fXR4fkOOP2Z7lml7kz+QP1WJTGp9lnl7fnt9fzmaOneDk2+FoXiElHmFlXqGltJ7In2JmT+lP4KOnW6bZEWuRYaSoVymW3+Xtl2rYYuXpV2sY4ObuUu3S4+aqGOuZ26ra5Seq4mgvZSfrnG0ceyXO+2XO4+mwu2ZPO2aPHG5eu2cPO6dPO2ePe+gPJesyZStzpCu1nDCcIe5ifCkPvCnP5+zzpu005K+jfGqPobEhvKuQPKwQK+3wqa51POzQaa71/O0Qau+2JLOkrbBz6/C25rSmrfI3qTZpb3N4fvMda3ervvOevvRgcPdvvvTisvd+czd+dbe6s7f+tDf+czmwdPi+tXk+tfm+tvn+9zo+93o+tbx0uDr++Hr/N7z3OXu++bv/enw/Onw/erx/ef24+70/d3/x+L/0PL2/fT4/un/2/f6/vD/5vb/8fz/+f///////////////////////////////////////////////////////////////////////////////////////////////////////////////////////////////////////////////////////////////////////////////////////////////////////////////////////////////////////////////////////////////////////////////////////////////////////////////////////////////////////////////////////////////////////////////////yH5BAEKAP8ALAAAAAAXABAAAAj+AP8JHEhHzhs3bNCcCfOFS5YhAyMKhEKxIhRBGAH96QNRosAye/yIFIkEjEkvW7B0lFjETp5RMGOO4vGpUyY+Cjz+69GmjSgmU0SZwSHKBBkyl/Qk0PniypVQmKTUyCEp1A5OZCjhQaAzRIMGoB51cfIhECijZCLNOaBTQ4YMnmCQWKNkhCcalsg0UmNA5wQUKDYJRnSkwya0isYU0MmgsabHkDW1YETm0JLFOgWKOEFjRgwXLNASUkEgs0ArhSpNguRoUSJDg1T8GJAZDpUoTZIYISIkCBAfPrTYEJD5ToofS55U0SImTZw6WlTgAWB6wwYOHkCUWCHjhg4dS8YUBDAt8A6GCxYqUJAQAcIDBwskBgQAOw==', 'image/gif');
INSERT INTO OKM_MIME_TYPE_EXTENSION (MTE_ID, MTE_NAME) VALUES (19, 'xltx');
INSERT INTO OKM_MIME_TYPE (MT_ID, MT_NAME, MT_IMAGE_CONTENT, MT_IMAGE_MIME) VALUES (20, 'image/gif', 'R0lGODlhFwAQAMZlAFWGLFqLMaF4MWCRNk6XTmaXPHCLuGudQnWSwF6oL3mTuXCiR3iVwniVw2OqMXqVwHqVwXiWw3mWw32XwWymZX6ZxGqtOX6axX+axn+bxH+bxX+bxoedw4Sex4SfxXeuWISfx4WfyIefw4afx4Wgx3W0OcyeT4mqy4mu0ovAQJC8Xo2y1o3CSJXERZG32pq30pnHT5zISKm40Z/KSp3KU5u93p6+3K691r6+vqjPWq7H37HI3LvP4cjZ58zb6ebm5ufn5+np6erq6urr6+vr6+zs7Obt9+bu9u3t7eju8ufu9uru8uzu8Ofv9e/v7+nw9+zx9+3x9vHx8fLy8u7z9+/z9/Pz8+/09/D09/D0+PH0+PT09PD19/T19/X19fb29vj4+Pn5+fr6+vv7+/z8/P///////////////////////////////////////////////////////////////////////////////////////////////////////////yH5BAEKAH8ALAIAAAAQABAAAAe+gH9/OISFhoKIg2BjZI2OYDiJg2NbXpZSTkFkQJF/ChwIGxEYpBkyQmRfW5EiQ12vsEkeRI5kOA1dPiozLR87TyFSRUI/thJcPTE5NCUvTRleU05Itg1XPCkwLA4nSiRgX1ZT1VQ6FBYJBCjeYmFfX7YRUDY1JgIuK0caY2FhYLYMoiw4UGBAAABGLogRA+YfjgdMtGTBUqXikhELF9oyMAECiAogOnTwcGOMSUadcNRa6ShlGJa1wqQ0RNNQIAA7', 'image/gif');
INSERT INTO OKM_MIME_TYPE_EXTENSION (MTE_ID, MTE_NAME) VALUES (20, 'gif');
INSERT INTO OKM_MIME_TYPE (MT_ID, MT_NAME, MT_IMAGE_CONTENT, MT_IMAGE_MIME) VALUES (21, 'image/jpeg', 'R0lGODlhFwAQAMZlAFWGLFqLMaF4MWCRNk6XTmaXPHCLuGudQnWSwF6oL3mTuXCiR3iVwniVw2OqMXqVwHqVwXiWw3mWw32XwWymZX6ZxGqtOX6axX+axn+bxH+bxX+bxoedw4Sex4SfxXeuWISfx4WfyIefw4afx4Wgx3W0OcyeT4mqy4mu0ovAQJC8Xo2y1o3CSJXERZG32pq30pnHT5zISKm40Z/KSp3KU5u93p6+3K691r6+vqjPWq7H37HI3LvP4cjZ58zb6ebm5ufn5+np6erq6urr6+vr6+zs7Obt9+bu9u3t7eju8ufu9uru8uzu8Ofv9e/v7+nw9+zx9+3x9vHx8fLy8u7z9+/z9/Pz8+/09/D09/D0+PH0+PT09PD19/T19/X19fb29vj4+Pn5+fr6+vv7+/z8/P///////////////////////////////////////////////////////////////////////////////////////////////////////////yH5BAEKAH8ALAIAAAAQABAAAAe+gH9/OISFhoKIg2BjZI2OYDiJg2NbXpZSTkFkQJF/ChwIGxEYpBkyQmRfW5EiQ12vsEkeRI5kOA1dPiozLR87TyFSRUI/thJcPTE5NCUvTRleU05Itg1XPCkwLA4nSiRgX1ZT1VQ6FBYJBCjeYmFfX7YRUDY1JgIuK0caY2FhYLYMoiw4UGBAAABGLogRA+YfjgdMtGTBUqXikhELF9oyMAECiAogOnTwcGOMSUadcNRa6ShlGJa1wqQ0RNNQIAA7', 'image/gif');
INSERT INTO OKM_MIME_TYPE_EXTENSION (MTE_ID, MTE_NAME) VALUES (21, 'jpg');
INSERT INTO OKM_MIME_TYPE (MT_ID, MT_NAME, MT_IMAGE_CONTENT, MT_IMAGE_MIME) VALUES (22, 'image/png', 'R0lGODlhFwAQAMZlAFWGLFqLMaF4MWCRNk6XTmaXPHCLuGudQnWSwF6oL3mTuXCiR3iVwniVw2OqMXqVwHqVwXiWw3mWw32XwWymZX6ZxGqtOX6axX+axn+bxH+bxX+bxoedw4Sex4SfxXeuWISfx4WfyIefw4afx4Wgx3W0OcyeT4mqy4mu0ovAQJC8Xo2y1o3CSJXERZG32pq30pnHT5zISKm40Z/KSp3KU5u93p6+3K691r6+vqjPWq7H37HI3LvP4cjZ58zb6ebm5ufn5+np6erq6urr6+vr6+zs7Obt9+bu9u3t7eju8ufu9uru8uzu8Ofv9e/v7+nw9+zx9+3x9vHx8fLy8u7z9+/z9/Pz8+/09/D09/D0+PH0+PT09PD19/T19/X19fb29vj4+Pn5+fr6+vv7+/z8/P///////////////////////////////////////////////////////////////////////////////////////////////////////////yH5BAEKAH8ALAIAAAAQABAAAAe+gH9/OISFhoKIg2BjZI2OYDiJg2NbXpZSTkFkQJF/ChwIGxEYpBkyQmRfW5EiQ12vsEkeRI5kOA1dPiozLR87TyFSRUI/thJcPTE5NCUvTRleU05Itg1XPCkwLA4nSiRgX1ZT1VQ6FBYJBCjeYmFfX7YRUDY1JgIuK0caY2FhYLYMoiw4UGBAAABGLogRA+YfjgdMtGTBUqXikhELF9oyMAECiAogOnTwcGOMSUadcNRa6ShlGJa1wqQ0RNNQIAA7', 'image/gif');
INSERT INTO OKM_MIME_TYPE_EXTENSION (MTE_ID, MTE_NAME) VALUES (22, 'png');
INSERT INTO OKM_MIME_TYPE (MT_ID, MT_NAME, MT_IMAGE_CONTENT, MT_IMAGE_MIME) VALUES (23, 'image/tiff', 'R0lGODlhFwAQAMZlAFWGLFqLMaF4MWCRNk6XTmaXPHCLuGudQnWSwF6oL3mTuXCiR3iVwniVw2OqMXqVwHqVwXiWw3mWw32XwWymZX6ZxGqtOX6axX+axn+bxH+bxX+bxoedw4Sex4SfxXeuWISfx4WfyIefw4afx4Wgx3W0OcyeT4mqy4mu0ovAQJC8Xo2y1o3CSJXERZG32pq30pnHT5zISKm40Z/KSp3KU5u93p6+3K691r6+vqjPWq7H37HI3LvP4cjZ58zb6ebm5ufn5+np6erq6urr6+vr6+zs7Obt9+bu9u3t7eju8ufu9uru8uzu8Ofv9e/v7+nw9+zx9+3x9vHx8fLy8u7z9+/z9/Pz8+/09/D09/D0+PH0+PT09PD19/T19/X19fb29vj4+Pn5+fr6+vv7+/z8/P///////////////////////////////////////////////////////////////////////////////////////////////////////////yH5BAEKAH8ALAIAAAAQABAAAAe+gH9/OISFhoKIg2BjZI2OYDiJg2NbXpZSTkFkQJF/ChwIGxEYpBkyQmRfW5EiQ12vsEkeRI5kOA1dPiozLR87TyFSRUI/thJcPTE5NCUvTRleU05Itg1XPCkwLA4nSiRgX1ZT1VQ6FBYJBCjeYmFfX7YRUDY1JgIuK0caY2FhYLYMoiw4UGBAAABGLogRA+YfjgdMtGTBUqXikhELF9oyMAECiAogOnTwcGOMSUadcNRa6ShlGJa1wqQ0RNNQIAA7', 'image/gif');
INSERT INTO OKM_MIME_TYPE_EXTENSION (MTE_ID, MTE_NAME) VALUES (23, 'tif');
INSERT INTO OKM_MIME_TYPE_EXTENSION (MTE_ID, MTE_NAME) VALUES (23, 'tiff');
INSERT INTO OKM_MIME_TYPE (MT_ID, MT_NAME, MT_IMAGE_CONTENT, MT_IMAGE_MIME) VALUES (24, 'image/bmp', 'R0lGODlhFwAQAMZlAFWGLFqLMaF4MWCRNk6XTmaXPHCLuGudQnWSwF6oL3mTuXCiR3iVwniVw2OqMXqVwHqVwXiWw3mWw32XwWymZX6ZxGqtOX6axX+axn+bxH+bxX+bxoedw4Sex4SfxXeuWISfx4WfyIefw4afx4Wgx3W0OcyeT4mqy4mu0ovAQJC8Xo2y1o3CSJXERZG32pq30pnHT5zISKm40Z/KSp3KU5u93p6+3K691r6+vqjPWq7H37HI3LvP4cjZ58zb6ebm5ufn5+np6erq6urr6+vr6+zs7Obt9+bu9u3t7eju8ufu9uru8uzu8Ofv9e/v7+nw9+zx9+3x9vHx8fLy8u7z9+/z9/Pz8+/09/D09/D0+PH0+PT09PD19/T19/X19fb29vj4+Pn5+fr6+vv7+/z8/P///////////////////////////////////////////////////////////////////////////////////////////////////////////yH5BAEKAH8ALAIAAAAQABAAAAe+gH9/OISFhoKIg2BjZI2OYDiJg2NbXpZSTkFkQJF/ChwIGxEYpBkyQmRfW5EiQ12vsEkeRI5kOA1dPiozLR87TyFSRUI/thJcPTE5NCUvTRleU05Itg1XPCkwLA4nSiRgX1ZT1VQ6FBYJBCjeYmFfX7YRUDY1JgIuK0caY2FhYLYMoiw4UGBAAABGLogRA+YfjgdMtGTBUqXikhELF9oyMAECiAogOnTwcGOMSUadcNRa6ShlGJa1wqQ0RNNQIAA7', 'image/gif');
INSERT INTO OKM_MIME_TYPE_EXTENSION (MTE_ID, MTE_NAME) VALUES (24, 'bmp');
INSERT INTO OKM_MIME_TYPE (MT_ID, MT_NAME, MT_IMAGE_CONTENT, MT_IMAGE_MIME) VALUES (25, 'image/x-ico', 'R0lGODlhFwAQAMZlAFWGLFqLMaF4MWCRNk6XTmaXPHCLuGudQnWSwF6oL3mTuXCiR3iVwniVw2OqMXqVwHqVwXiWw3mWw32XwWymZX6ZxGqtOX6axX+axn+bxH+bxX+bxoedw4Sex4SfxXeuWISfx4WfyIefw4afx4Wgx3W0OcyeT4mqy4mu0ovAQJC8Xo2y1o3CSJXERZG32pq30pnHT5zISKm40Z/KSp3KU5u93p6+3K691r6+vqjPWq7H37HI3LvP4cjZ58zb6ebm5ufn5+np6erq6urr6+vr6+zs7Obt9+bu9u3t7eju8ufu9uru8uzu8Ofv9e/v7+nw9+zx9+3x9vHx8fLy8u7z9+/z9/Pz8+/09/D09/D0+PH0+PT09PD19/T19/X19fb29vj4+Pn5+fr6+vv7+/z8/P///////////////////////////////////////////////////////////////////////////////////////////////////////////yH5BAEKAH8ALAIAAAAQABAAAAe+gH9/OISFhoKIg2BjZI2OYDiJg2NbXpZSTkFkQJF/ChwIGxEYpBkyQmRfW5EiQ12vsEkeRI5kOA1dPiozLR87TyFSRUI/thJcPTE5NCUvTRleU05Itg1XPCkwLA4nSiRgX1ZT1VQ6FBYJBCjeYmFfX7YRUDY1JgIuK0caY2FhYLYMoiw4UGBAAABGLogRA+YfjgdMtGTBUqXikhELF9oyMAECiAogOnTwcGOMSUadcNRa6ShlGJa1wqQ0RNNQIAA7', 'image/gif');
INSERT INTO OKM_MIME_TYPE_EXTENSION (MTE_ID, MTE_NAME) VALUES (25, 'ico');
INSERT INTO OKM_MIME_TYPE (MT_ID, MT_NAME, MT_IMAGE_CONTENT, MT_IMAGE_MIME) VALUES (26, 'image/x-psd', 'R0lGODlhFwAQAMZlAFWGLFqLMaF4MWCRNk6XTmaXPHCLuGudQnWSwF6oL3mTuXCiR3iVwniVw2OqMXqVwHqVwXiWw3mWw32XwWymZX6ZxGqtOX6axX+axn+bxH+bxX+bxoedw4Sex4SfxXeuWISfx4WfyIefw4afx4Wgx3W0OcyeT4mqy4mu0ovAQJC8Xo2y1o3CSJXERZG32pq30pnHT5zISKm40Z/KSp3KU5u93p6+3K691r6+vqjPWq7H37HI3LvP4cjZ58zb6ebm5ufn5+np6erq6urr6+vr6+zs7Obt9+bu9u3t7eju8ufu9uru8uzu8Ofv9e/v7+nw9+zx9+3x9vHx8fLy8u7z9+/z9/Pz8+/09/D09/D0+PH0+PT09PD19/T19/X19fb29vj4+Pn5+fr6+vv7+/z8/P///////////////////////////////////////////////////////////////////////////////////////////////////////////yH5BAEKAH8ALAIAAAAQABAAAAe+gH9/OISFhoKIg2BjZI2OYDiJg2NbXpZSTkFkQJF/ChwIGxEYpBkyQmRfW5EiQ12vsEkeRI5kOA1dPiozLR87TyFSRUI/thJcPTE5NCUvTRleU05Itg1XPCkwLA4nSiRgX1ZT1VQ6FBYJBCjeYmFfX7YRUDY1JgIuK0caY2FhYLYMoiw4UGBAAABGLogRA+YfjgdMtGTBUqXikhELF9oyMAECiAogOnTwcGOMSUadcNRa6ShlGJa1wqQ0RNNQIAA7', 'image/gif');
INSERT INTO OKM_MIME_TYPE_EXTENSION (MTE_ID, MTE_NAME) VALUES (26, 'psd');
INSERT INTO OKM_MIME_TYPE (MT_ID, MT_NAME, MT_IMAGE_CONTENT, MT_IMAGE_MIME) VALUES (27, 'image/x-freehand', 'R0lGODlhFwAQAMZlAFWGLFqLMaF4MWCRNk6XTmaXPHCLuGudQnWSwF6oL3mTuXCiR3iVwniVw2OqMXqVwHqVwXiWw3mWw32XwWymZX6ZxGqtOX6axX+axn+bxH+bxX+bxoedw4Sex4SfxXeuWISfx4WfyIefw4afx4Wgx3W0OcyeT4mqy4mu0ovAQJC8Xo2y1o3CSJXERZG32pq30pnHT5zISKm40Z/KSp3KU5u93p6+3K691r6+vqjPWq7H37HI3LvP4cjZ58zb6ebm5ufn5+np6erq6urr6+vr6+zs7Obt9+bu9u3t7eju8ufu9uru8uzu8Ofv9e/v7+nw9+zx9+3x9vHx8fLy8u7z9+/z9/Pz8+/09/D09/D0+PH0+PT09PD19/T19/X19fb29vj4+Pn5+fr6+vv7+/z8/P///////////////////////////////////////////////////////////////////////////////////////////////////////////yH5BAEKAH8ALAIAAAAQABAAAAe+gH9/OISFhoKIg2BjZI2OYDiJg2NbXpZSTkFkQJF/ChwIGxEYpBkyQmRfW5EiQ12vsEkeRI5kOA1dPiozLR87TyFSRUI/thJcPTE5NCUvTRleU05Itg1XPCkwLA4nSiRgX1ZT1VQ6FBYJBCjeYmFfX7YRUDY1JgIuK0caY2FhYLYMoiw4UGBAAABGLogRA+YfjgdMtGTBUqXikhELF9oyMAECiAogOnTwcGOMSUadcNRa6ShlGJa1wqQ0RNNQIAA7', 'image/gif');
INSERT INTO OKM_MIME_TYPE_EXTENSION (MTE_ID, MTE_NAME) VALUES (27, 'fh9');
INSERT INTO OKM_MIME_TYPE_EXTENSION (MTE_ID, MTE_NAME) VALUES (27, 'fh8');
INSERT INTO OKM_MIME_TYPE_EXTENSION (MTE_ID, MTE_NAME) VALUES (27, 'fh10');
INSERT INTO OKM_MIME_TYPE_EXTENSION (MTE_ID, MTE_NAME) VALUES (27, 'fh11');
INSERT INTO OKM_MIME_TYPE_EXTENSION (MTE_ID, MTE_NAME) VALUES (27, 'fh');
INSERT INTO OKM_MIME_TYPE (MT_ID, MT_NAME, MT_IMAGE_CONTENT, MT_IMAGE_MIME) VALUES (28, 'application/illustrator', 'R0lGODlhFwAQAIQfAOKSsbGxsapKg/Hx8ZBNcOvr69ZimNfX1/Da5KKioklHQI2Njfv7+8djlL5UkNlamNB1pOGkxON+msxViOzK3MDAwOLh4clEi8dPkfrt9Pfi6uBwmvb29iYmJsfHx////yH5BAEAAB8ALAAAAAAXABAAAAWp4CeKR2CeZjGu7Ocx3DAUVmUFVtt6c+FbCcYtpxvxZL0FQxhQFV0xZCGxqCYOTyhyAEBELJ5FJevhmBsUDARjgBzGz5cZMnFgGhMAJUDmaGITAg4SBhEXfHESFxcQEBsYDxsGBohFLxQQD5EEAgYbG5U6HggNBAQSDgoEBoShOxoRAAICEgQNAA0NriwvGQYNEg0ODg0GD7srL7ACwhizEcdZFSjUJnAjIQA7', 'image/gif');
INSERT INTO OKM_MIME_TYPE_EXTENSION (MTE_ID, MTE_NAME) VALUES (28, 'ai');
INSERT INTO OKM_MIME_TYPE (MT_ID, MT_NAME, MT_IMAGE_CONTENT, MT_IMAGE_MIME) VALUES (29, 'application/zip', 'R0lGODlhFwAQAMQfAPveavzxkPzysNq6MIvH9iRgsbF6E3e69/b89pS330yL1WKp6zyC0fv1y9WpHvzUOVun8HSk4Lzd+WW1/9SkC3Wx51GY4s+hDt61AfEZAejRh2+f2gRLsCdpx////////yH5BAEAAB8ALAAAAAAXABAAAAWL4CeOI3Gc1bKQ7KddsLYgUk2YSjteWX91wCADYuHoPpeBcrk0eCoVo84RaAiugSzAmSBIW1SENQAAPDBc75E6Lj/O6S+LLSCb4Z6unMTW3tF5ajoUAQ4OFxSJFIAJUUcGkJBBQRsVEHtHMxMTJwcQDEc6Cx0FpQWYoSwqqUcWERsWCgoMqK02lkUsIQA7', 'image/gif');
INSERT INTO OKM_MIME_TYPE_EXTENSION (MTE_ID, MTE_NAME) VALUES (29, 'zip');
INSERT INTO OKM_MIME_TYPE (MT_ID, MT_NAME, MT_IMAGE_CONTENT, MT_IMAGE_MIME) VALUES (30, 'application/x-rar-compressed', 'R0lGODlhFwAQAMQfAPveavzxkPzysNq6MIvH9iRgsbF6E3e69/b89pS330yL1WKp6zyC0fv1y9WpHvzUOVun8HSk4Lzd+WW1/9SkC3Wx51GY4s+hDt61AfEZAejRh2+f2gRLsCdpx////////yH5BAEAAB8ALAAAAAAXABAAAAWL4CeOI3Gc1bKQ7KddsLYgUk2YSjteWX91wCADYuHoPpeBcrk0eCoVo84RaAiugSzAmSBIW1SENQAAPDBc75E6Lj/O6S+LLSCb4Z6unMTW3tF5ajoUAQ4OFxSJFIAJUUcGkJBBQRsVEHtHMxMTJwcQDEc6Cx0FpQWYoSwqqUcWERsWCgoMqK02lkUsIQA7', 'image/gif');
INSERT INTO OKM_MIME_TYPE_EXTENSION (MTE_ID, MTE_NAME) VALUES (30, 'rar');
INSERT INTO OKM_MIME_TYPE (MT_ID, MT_NAME, MT_IMAGE_CONTENT, MT_IMAGE_MIME) VALUES (31, 'application/x-tar', 'R0lGODlhFwAQAMQfAPveavzxkPzysNq6MIvH9iRgsbF6E3e69/b89pS330yL1WKp6zyC0fv1y9WpHvzUOVun8HSk4Lzd+WW1/9SkC3Wx51GY4s+hDt61AfEZAejRh2+f2gRLsCdpx////////yH5BAEAAB8ALAAAAAAXABAAAAWL4CeOI3Gc1bKQ7KddsLYgUk2YSjteWX91wCADYuHoPpeBcrk0eCoVo84RaAiugSzAmSBIW1SENQAAPDBc75E6Lj/O6S+LLSCb4Z6unMTW3tF5ajoUAQ4OFxSJFIAJUUcGkJBBQRsVEHtHMxMTJwcQDEc6Cx0FpQWYoSwqqUcWERsWCgoMqK02lkUsIQA7', 'image/gif');
INSERT INTO OKM_MIME_TYPE_EXTENSION (MTE_ID, MTE_NAME) VALUES (31, 'tar');
INSERT INTO OKM_MIME_TYPE (MT_ID, MT_NAME, MT_IMAGE_CONTENT, MT_IMAGE_MIME) VALUES (32, 'application/x-gzip', 'R0lGODlhFwAQAMQfAPveavzxkPzysNq6MIvH9iRgsbF6E3e69/b89pS330yL1WKp6zyC0fv1y9WpHvzUOVun8HSk4Lzd+WW1/9SkC3Wx51GY4s+hDt61AfEZAejRh2+f2gRLsCdpx////////yH5BAEAAB8ALAAAAAAXABAAAAWL4CeOI3Gc1bKQ7KddsLYgUk2YSjteWX91wCADYuHoPpeBcrk0eCoVo84RaAiugSzAmSBIW1SENQAAPDBc75E6Lj/O6S+LLSCb4Z6unMTW3tF5ajoUAQ4OFxSJFIAJUUcGkJBBQRsVEHtHMxMTJwcQDEc6Cx0FpQWYoSwqqUcWERsWCgoMqK02lkUsIQA7', 'image/gif');
INSERT INTO OKM_MIME_TYPE_EXTENSION (MTE_ID, MTE_NAME) VALUES (32, 'gz');
INSERT INTO OKM_MIME_TYPE (MT_ID, MT_NAME, MT_IMAGE_CONTENT, MT_IMAGE_MIME) VALUES (33, 'application/x-compressed-tar', 'R0lGODlhFwAQAMQfAPveavzxkPzysNq6MIvH9iRgsbF6E3e69/b89pS330yL1WKp6zyC0fv1y9WpHvzUOVun8HSk4Lzd+WW1/9SkC3Wx51GY4s+hDt61AfEZAejRh2+f2gRLsCdpx////////yH5BAEAAB8ALAAAAAAXABAAAAWL4CeOI3Gc1bKQ7KddsLYgUk2YSjteWX91wCADYuHoPpeBcrk0eCoVo84RaAiugSzAmSBIW1SENQAAPDBc75E6Lj/O6S+LLSCb4Z6unMTW3tF5ajoUAQ4OFxSJFIAJUUcGkJBBQRsVEHtHMxMTJwcQDEc6Cx0FpQWYoSwqqUcWERsWCgoMqK02lkUsIQA7', 'image/gif');
INSERT INTO OKM_MIME_TYPE_EXTENSION (MTE_ID, MTE_NAME) VALUES (33, 'tgz');
INSERT INTO OKM_MIME_TYPE (MT_ID, MT_NAME, MT_IMAGE_CONTENT, MT_IMAGE_MIME) VALUES (34, 'text/plain', 'R0lGODlhFwAQAKUzAKWlpaqqqqysrK6urq+vr7GxsbS0tLi4uLq6ury8vL29vb6+vsDAwMLCwsPDw8bGxsfHx8jIyMrKysvLy83Nzc7Ozs/Pz9PT09TU1NXV1dbW1tfX19nZ2dvb293d3ebm5ufn5+np6erq6uzs7O3t7e/v7/Dw8PHx8fLy8vPz8/T09PX19fb29vf39/j4+Pn5+fr6+vv7+/z8/P///////////////////////////////////////////////////yH5BAEKAD8ALAIAAAAQABAAAAaKwN9vQSwahciha8ZsylyL5DCmWllPpZAMFEUuZK1Xq5UyiWQsVXcoezEQBkIAIKvLut9YPeZanUYiH3dCXzIQDQsHBgUDAiSDbHZ7LiwpKJCFFRIPDgwKCQgsmJJ2MS8vLqMyGhcWFBMREQ+peJIxMTC5uaoeHRwbGRjCerWkxngvTU52L3hGz0ZBADs=', 'image/gif');
INSERT INTO OKM_MIME_TYPE_EXTENSION (MTE_ID, MTE_NAME) VALUES (34, 'properties');
INSERT INTO OKM_MIME_TYPE_EXTENSION (MTE_ID, MTE_NAME) VALUES (34, 'txt');
INSERT INTO OKM_MIME_TYPE (MT_ID, MT_NAME, MT_IMAGE_CONTENT, MT_IMAGE_MIME) VALUES (35, 'text/html', 'R0lGODlhFwAQAMZ1AEWJwGWVVk+RwGqZWU2YvG2cXGudWWyeWmyeW1KlZGyfWlahim2fW26gXFCh02ajg2elolil1VmmzX+nalap4Ver23yrdICrcoCsbIGrc4GscoGsc4Ksc2OuyISteGis2YWud4WueVW5nIaveG6uzmq1qoiyfIKzhFvDYWq0zIq5bWe8t424eIu1pnC8wI22u5a6e5K6kXzFdEXaX3rA1prDf5vDhZ/CiHfIxYTD2mzPrILGyozD0VvbfaPEkY7Kr3HWk6jFn6nFn729vanIj6LKmqvHoavIoavIonnZlZ/LuoPVsKHRjaPXlJHfi5rV2J/bj8LUu4znoaPb27zaubXc1MfZwcLirtLdzb7k1NPfz6vxu7rsyb3q1dnk1Nrm1ubm5ufn58/yzenp6erq6uvr6+zs7O3t7e/v7/Dw8PHx8fLy8vPz8/T09PX19fb29vj4+Pn5+fr6+vv7+/z8/P///////////////////////////////////////////yH5BAEKAH8ALAAAAAAXABAAAAfXgH+Cf0OFhoeDiYqEcHN0j5BwQ4uLQ3NtbplqaGN0YZOUg0NHGgwbQlppZHRvbaChAz5UVUonI1FlkHSvig1XYllTOTxFIFhmZGC7lAc2W1xPNCtAThhBa2hny4sMTVJdKTg9Myg3GW9sa9uKDFBJOxIuOiIJRAhxb2/riQpMSx0VHAAQ8AAGhzhx4OwbdICFjBIRKBBYYKKAETlwFPJKZKDGDxIfIKiY4MGLnJMLEwWw0OJFjAMhrMyZ6WhjoiFGLiDYgOSLrkc2RcX5+TNOUEGHkiZVFAgAOw==', 'image/gif');
INSERT INTO OKM_MIME_TYPE_EXTENSION (MTE_ID, MTE_NAME) VALUES (35, 'html');
INSERT INTO OKM_MIME_TYPE_EXTENSION (MTE_ID, MTE_NAME) VALUES (35, 'htm');
INSERT INTO OKM_MIME_TYPE (MT_ID, MT_NAME, MT_IMAGE_CONTENT, MT_IMAGE_MIME) VALUES (36, 'text/css', 'R0lGODlhFwAQAKU+AM+oKM+vRL6+vvTBLPPDKfTDMvTDM/XHMPfOUffPTffQTPbQVPbPYfjSUvjSWffTdvfWZ/jXZvjZYvnYavfXhffZcvjac/nZevjadPndgvndg/neg/jei/rgi/rgjPjiqubm5ufn5/novOnp6erq6uvr6+zs7Prtxe3t7fjuy+/v7/Dw8Prw1Pvx0PHx8fLy8vPz8/T09PX19fb29vf39/v47Pz47Pj4+Pn5+fz69Pr6+vv7+/z7+fz8/P///////yH5BAEKAD8ALAAAAAAXABAAAAakwJ/wJygaj8Okknjb9Z7Qm2C5FOxisqxLNeqFptShoEfD0WiwFak3i4HDglYKZ569StDeu1qBPHc3Mi4mJCB6YT8BEQ4cJzmAMi8qKIdLEhMWHRkIBQ89gDMwL5VLDRgeGgsMPE86ODMzpEsKGxcDLFA7dDeySgkHBAYiO8Q6Oje8e0oANjUUH8XGxr1JY3nE2E7K1XndUNtiON55OOBCR+joSkEAOw==', 'image/gif');
INSERT INTO OKM_MIME_TYPE_EXTENSION (MTE_ID, MTE_NAME) VALUES (36, 'css');
INSERT INTO OKM_MIME_TYPE (MT_ID, MT_NAME, MT_IMAGE_CONTENT, MT_IMAGE_MIME) VALUES (37, 'text/csv', 'R0lGODlhFwAQAKUzAKWlpaqqqqysrK6urq+vr7GxsbS0tLi4uLq6ury8vL29vb6+vsDAwMLCwsPDw8bGxsfHx8jIyMrKysvLy83Nzc7Ozs/Pz9PT09TU1NXV1dbW1tfX19nZ2dvb293d3ebm5ufn5+np6erq6uzs7O3t7e/v7/Dw8PHx8fLy8vPz8/T09PX19fb29vf39/j4+Pn5+fr6+vv7+/z8/P///////////////////////////////////////////////////yH5BAEKAD8ALAIAAAAQABAAAAaLwN9vQSwahciha8ZsylyL5DCmWllPpZAMFEUuZK1Xq5UyiWQsVXcoezEQMULgJKvLut9YPeZanUYiH3dCXzIQDTIHBi4DAiSDbHZ7LiwpKJCFFRIyDgwxCQgsmJJ2MS8vLqMyGhcyFBMwEQ+peJIxMTC5uaoeHTEbGTIYGHq1pMd4L01Odi94RtBGQQA7', 'image/gif');
INSERT INTO OKM_MIME_TYPE_EXTENSION (MTE_ID, MTE_NAME) VALUES (37, 'csv');
INSERT INTO OKM_MIME_TYPE (MT_ID, MT_NAME, MT_IMAGE_CONTENT, MT_IMAGE_MIME) VALUES (38, 'text/xml', 'R0lGODlhFwAQAMZHADl4z0SS2FWQ4F2U4WWV4Vma41ec42eZ41+c5FWf5Vqe5Geb42Gg5Vik5WKi5WWj5Ven51um5l2o6GWn6Fur6Wio52Wp6Gqq6GKv6Gau6XCw6nGz6mq163Wy6We37HG16nK263K363m47Ha77L29va/F7bDJ7dHf9NLh9ebm5ufn5+np6erq6uXr+Ovr6+zs7OXt+O3t7ebv+erv9u/v7+vw+PDw8Ozx9+7x+PHx8fLy8vPz8/T09PD1+vX19fT1+Pb29vf39/j4+Pn5+fr6+vv7+/z8/P///////////////////////////////////////////////////////////////////////////////////////////////////////////////////////////////////////////////////////////////////////////////////////////////////////////////////////////////////yH5BAEKAH8ALAAAAAAXABAAAAe6gH+CfySFhoeDiYqEQkVGj5BCJIuLJEU8Ppk5NCtGKpOUgyRGQUNBQTs2LEZAPKChJD1Ds0FAOi6QRq+VGxhGHiE3PjkvLCm6oX8BIBZGHCMaMz46NDHIlBQfEzBGMhkfEiZAOzrXihAiDSeQKBEdCj9AQOaKCRcILUYwDhcGJbNC6CkC8GCAEQYVFtQgQkRIwF2KSBAQYKTAARwMMwpMNCpXkY8gN4rKRRISRI5DSuYaclLUoZeIEgUCADs=', 'image/gif');
INSERT INTO OKM_MIME_TYPE_EXTENSION (MTE_ID, MTE_NAME) VALUES (38, 'xml');
INSERT INTO OKM_MIME_TYPE (MT_ID, MT_NAME, MT_IMAGE_CONTENT, MT_IMAGE_MIME) VALUES (39, 'text/x-sql', 'R0lGODlhFwAQAMZCAJOTk5SUlJaWlpeXl5qamp2dnZ6enqKioqWlpaampqenp6ioqKWqpaurq6urrKysrKysra2tra2urqyvrLCwsLGxsba2tre3t7i4uLy8vL6+vr+/v8DBw8LCwsXFxcbGxsjIyMrKysvLy8/Pz9DQ0NHR0dTU1NXV1dfX19nZ2dvb2+Li4uTk5Obm5ufn5+jo6Onp6erq6uvr6+zs7O3t7e/v7/Dw8PHx8fLy8vPz8/T09PX19fb29vj4+Pn5+fr6+vv7+/z8/P///////////////////////////////////////////////////////////////////////////////////////////////////////////////////////////////////////////////////////////////////////////////////////////////////////////////////////////////////////////////////////yH5BAEKAH8ALAAAAAAXABAAAAfWgH+CfwsDAYeIh4OLjH8DPUBBkpM9CI2NAUA6O5w3NTBBLgmXgxwNGRgbJTM5NjFBPDoLpBImND5ANikXPDgyk0EBlxM7Org8PAs9OzczMS3Blww4KSwrIDcIQMs4NTTRjRE9KjUkJEIHQds8OTjgjA4uJzUiIkIGkj8+yO+LEC6rPHwQQkASEB8+evQbROEFihUhRggBAATIjx89FAprVKFDDBs4ZoQoYPHixYWDLBR4oCCBBhsVY0baeCkAsJuTaDYS4AMnMB8DSP1RICCR0QADFDAKBAA7', 'image/gif');
INSERT INTO OKM_MIME_TYPE_EXTENSION (MTE_ID, MTE_NAME) VALUES (39, 'sql');
INSERT INTO OKM_MIME_TYPE (MT_ID, MT_NAME, MT_IMAGE_CONTENT, MT_IMAGE_MIME) VALUES (40, 'text/x-java', 'R0lGODlhFwAQAMZMAI9QNZJVO5RYP5tkTJxlTp1mT55oUXt7e6V0X42NjbKIdraQgKOjo7+ekK6ursWpnbCwsLGxsbW1tbe3t7m5uc21qrq6uru7u7y8vL29vb+/v8LCwsPDw8TExMbGxsjIyNbFvsvLy8zMzM3Nzc7Ozs/Pz9DQ0NHR0dLS0tPT09TU1NfX19vb293d3d7e3uDg4OHh4eLi4uPj4+Tk5OXl5ebm5ufn5+jo6Onp6erq6uvr6+zs7O3t7e7u7u/v7/Dw8PHx8fTx7/Ly8vPz8/T09PX19fb29vj4+Pn5+fr6+vv7+/z8/P///////////////////////////////////////////////////////////////////////////////////////////////////////////////////////////////////////////////////////////////////////////////////////////////////////////////yH5BAEKAH8ALAIAAAAQABAAAAe+gH9/GYSFhoKIg0dKS42ORxmJg0pERZZAPjhLNpGIGSUkIyEhHysxS0ZEnR0tNzc4NzY0JxmajRkaPxUDAQAAAgYPLxk5NUsZDkJBDQoEBQgLIDkSPjzHFElHPkU93Tg0NBZDQscbSzIXMzIxLigyKipGRtdHJB4wLy0rKDsRM0hHjv0hwYJEDRoxWtBAwaHIkYCdGJjgwUNHDBEYeCTZKHAQiQkTJEBIMUSJSUadMjhayTIlEpYskaQ0RNNQIAA7', 'image/gif');
INSERT INTO OKM_MIME_TYPE_EXTENSION (MTE_ID, MTE_NAME) VALUES (40, 'java');
INSERT INTO OKM_MIME_TYPE (MT_ID, MT_NAME, MT_IMAGE_CONTENT, MT_IMAGE_MIME) VALUES (41, 'application/pdf', 'R0lGODlhEAAQAMZHAMAWEMoVDs0YEdo4Ld9QRttVT99VTOZeU+JlXeVpYOpoXehqYOFsZeRuZud1bex2bO52aeV5cuR8duR9d+WBeu5/dPF/c/GEeOaHge2cl+mgm+ujn/Kmnu2rp/Otpr6+vu+4tPO/ufHDwPLLyfXQzPTV0/fW1Pba2Pfc2vfd2/je3Obm5ufn5/jl5Onp6erq6uvr6/fp6Ozs7Pnp5+3t7e/v7/Dw8Pnu7fHx8fTx8fLy8vPz8/fz8vT09Pnz8/X19fb29vf39/j4+Pn5+fr6+vv7+/z8/OrXgOrXgOrXgOrXgOrXgOrXgOrXgOrXgOrXgOrXgOrXgOrXgOrXgOrXgOrXgOrXgOrXgOrXgOrXgOrXgOrXgOrXgOrXgOrXgOrXgOrXgOrXgOrXgOrXgOrXgOrXgOrXgOrXgOrXgOrXgOrXgOrXgOrXgOrXgOrXgOrXgOrXgOrXgOrXgOrXgOrXgOrXgOrXgOrXgOrXgOrXgOrXgOrXgOrXgOrXgOrXgOrXgCH5BAEKAH8ALAAAAAAQABAAAAemgH9/H4SFhoKIg0JFRo2OQh+Jg0U5FyE/ODUuRiyRiB9GPBYkQTs2L0ZAPZ6DRkMQHEFAOjCORp6gRRUeRUKYMi8rt4KgRgoPRr0/OjU0w60qBwsmyUJAOzrPoA4ZKQkoRkRDQEDaMwYtJw0DBAgRHULaExQgGyIlGAwSGvGeGwU3GhUpQoRIDB9EhhUoMMLWwIeMPizcYKuiI1xDLNoagsuQR0OBAAA7', 'image/gif');
INSERT INTO OKM_MIME_TYPE_EXTENSION (MTE_ID, MTE_NAME) VALUES (41, 'pdf');
INSERT INTO OKM_MIME_TYPE (MT_ID, MT_NAME, MT_IMAGE_CONTENT, MT_IMAGE_MIME) VALUES (42, 'application/rtf', 'R0lGODlhFwAQAKUzAKWlpaqqqqysrK6urq+vr7GxsbS0tLi4uLq6ury8vL29vb6+vsDAwMLCwsPDw8bGxsfHx8jIyMrKysvLy83Nzc7Ozs/Pz9PT09TU1NXV1dbW1tfX19nZ2dvb293d3ebm5ufn5+np6erq6uzs7O3t7e/v7/Dw8PHx8fLy8vPz8/T09PX19fb29vf39/j4+Pn5+fr6+vv7+/z8/P///////////////////////////////////////////////////yH5BAEKAD8ALAIAAAAQABAAAAaKwN9vQSwahciha8ZsylyL5DCmWllPpZAMFEUuZK1Xq5UyiWQsVXcoezEQBkIAIKvLut9YPeZanUYiH3dCXzIQDQsHBgUDAiSDbHZ7LiwpKJCFFRIPDgwKCQgsmJJ2MS8vLqMyGhcWFBMREQ+peJIxMTC5uaoeHRwbGRjCerWkxngvTU52L3hGz0ZBADs=', 'image/gif');
INSERT INTO OKM_MIME_TYPE_EXTENSION (MTE_ID, MTE_NAME) VALUES (42, 'rtf');
INSERT INTO OKM_MIME_TYPE (MT_ID, MT_NAME, MT_IMAGE_CONTENT, MT_IMAGE_MIME) VALUES (43, 'application/x-shellscript', 'R0lGODlhFwAQAMZKAFNTU1xcXF5eXmBgYGVlZWlpaW1tbXJycoGBgYKCgoaGhoeHh4iIiIqKiouLi4+Pj5mZmZqampubm5ycnKCgoKGhoaKioqWlpaurq7GxsbS0tLW1tba2tre3t7i4uLq6ur29vb6+vr+/v8DAwMLCwsTExMjIyMnJycrKysvLy9LS0tTU1NXV1dbW1tjY2Nra2t/f3+Dg4OHh4eLi4ubm5ufn5+jo6Onp6erq6uvr6+zs7O3t7e/v7/Dw8PHx8fLy8vPz8/T09PX19fb29vf39/j4+Pn5+fr6+vv7+/z8/P///////////////////////////////////////////////////////////////////////////////////////////////////////////////////////////////////////////////////////////////////////////////////////////////////////////////////////yH5BAEKAH8ALAIAAAAQABAAAAepgH8hg4SFf4eIIUVISY2ORSGIhyFIQUKXPjw3STWRiUlERkREQD04SUNBnoJJRq5EQz85jkmeIUmMuEVCPjo4NLWTtLpCHxo7way0MCE4IyExGQ/CtB8vIi0uHisM1I4tKhgIDRooCd5J5TYKR0URMxwLyo0XHTITR0cSLBAE86gpToCYEGEDiQHoklA4cQEFiQolDEwyQmtDgRYWHJgQAGBSoUIHAkgKBAA7', 'image/gif');
INSERT INTO OKM_MIME_TYPE_EXTENSION (MTE_ID, MTE_NAME) VALUES (43, 'sh');
INSERT INTO OKM_MIME_TYPE (MT_ID, MT_NAME, MT_IMAGE_CONTENT, MT_IMAGE_MIME) VALUES (44, 'application/x-perl', 'R0lGODlhFwAQAMZKAFNTU1xcXF5eXmBgYGVlZWlpaW1tbXJycoGBgYKCgoaGhoeHh4iIiIqKiouLi4+Pj5mZmZqampubm5ycnKCgoKGhoaKioqWlpaurq7GxsbS0tLW1tba2tre3t7i4uLq6ur29vb6+vr+/v8DAwMLCwsTExMjIyMnJycrKysvLy9LS0tTU1NXV1dbW1tjY2Nra2t/f3+Dg4OHh4eLi4ubm5ufn5+jo6Onp6erq6uvr6+zs7O3t7e/v7/Dw8PHx8fLy8vPz8/T09PX19fb29vf39/j4+Pn5+fr6+vv7+/z8/P///////////////////////////////////////////////////////////////////////////////////////////////////////////////////////////////////////////////////////////////////////////////////////////////////////////////////////yH5BAEKAH8ALAIAAAAQABAAAAepgH8hg4SFf4eIIUVISY2ORSGIhyFIQUKXPjw3STWRiUlERkREQD04SUNBnoJJRq5EQz85jkmeIUmMuEVCPjo4NLWTtLpCHxo7way0MCE4IyExGQ/CtB8vIi0uHisM1I4tKhgIDRooCd5J5TYKR0URMxwLyo0XHTITR0cSLBAE86gpToCYEGEDiQHoklA4cQEFiQolDEwyQmtDgRYWHJgQAGBSoUIHAkgKBAA7', 'image/gif');
INSERT INTO OKM_MIME_TYPE_EXTENSION (MTE_ID, MTE_NAME) VALUES (44, 'pl');
INSERT INTO OKM_MIME_TYPE (MT_ID, MT_NAME, MT_IMAGE_CONTENT, MT_IMAGE_MIME) VALUES (45, 'application/x-revelation', 'R0lGODlhFwAQAMZwAAAAAAAAAQYJCgUKDgcKDAMMEwYNFAcNFAYRHA0XIBEYHQ0eLwofNR0jKB0lLR4nLxgqPBYzURw1TC4yNSk2PzQ9Qzc9QCBCZDs+QTpARDlDSylJaD9FS0NFRi1MZ0BLVENPVzNVc0pQVFBTVV5VMj5deURif1deYUlsi0xwkWtra2lsb11wfVt6lWKCm2mGmX6FiXmXr32Xrn2Yq3ufu4CetoGhuYGju4SkvImnvYunvY6nvJuor42txZKwxJmyxpS1zJu2yZu2yp22yZe40J23yqS5yK+4vqK8zaG90au/z6nB0arC0ra/xb+/v6/E1K3F1a7F063F1qvI26zK3rLP4rvS4LzS4cDR3b7T4LzV58bS3MXW4sLX5sfW4r/Z6cbX48TY5O7WgMjY5MjZ5Mfc6cvc6M3c6NLe5dbg59Xk7Njk7Njl7tnl7dzp8e3t7f///////////////////////////////////////////////////////////////yH5BAEAAH8ALAAAAAAXABAAAAe2gH+Cg4SFhocaJyMdGBwPh5AZK0dtbmZeTRMKkIQWMGlqZV1ha2xbIAKcfxQiaGRZX1pXXGNnRg2qHzxYSVNVVFZgT0pQLACcFTI1PUBEJADQUUEzAZwOOjk3NCRiYm9v0OGQCSlDUjgAAODf307HhwkoP0tMAE4q3+npnAMSLkVIWthz56MEgneQDmwQsiOEOgAxbDCopgqAgRcmLjz0AGGfqj8ACCyIYA9AAY8fBenTl7Ilp0AAOw==', 'image/gif');
INSERT INTO OKM_MIME_TYPE_EXTENSION (MTE_ID, MTE_NAME) VALUES (45, 'rvl');
INSERT INTO OKM_MIME_TYPE (MT_ID, MT_NAME, MT_IMAGE_CONTENT, MT_IMAGE_MIME) VALUES (46, 'application/x-argouml', 'R0lGODlhFwAQAOfUACtQfy5TgjFWhDVaiDhdizldizlejDpfjTtgjjZhmzdinTlimjdjnjpjnDxjmjxkmDtknDdloT1lnT5lnDxmnj5mnTtnoj5nnj9nnT9on0Bon0Fonj1po0BpoEBpoUFpoEJpn0Jqn0RroEFspTdvp0VsoTVxqUZtokdtokduokdvpUhvozhzq0lvo0ZwpUlwpEpwo0pwpDx1rExzpk1zpk50p091qEB5rUx2rVB2qFB2qVF3qVF3qk14rlJ3qk54rlN4qFN5q1J6rUd+rlN8r1p7p1R8r05+r1Z8rVd8rFZ9sFh9rVh9rlZ+r1d+sVl+r1KAsVd/sVp/r1t/r2N+tmCBrl2Csl6CsFyDtGGDr1+Es1SJs1aLtXCGpmSJt2WJtnaInlqPuGiLt2eMuXaKoWiMuWmMuWmNummOumqOvGaRt2yQvGyRvnKPwm2RvW6RvWGWv3GSunCSvXKTvHCUv3CUwHGUwHKVwGKawXWVvISUp3SXw3SYwnWYw2udvnaaxHeaxJOaknmdx36dwpGbpnyex32exn+ew3yfyI2cvH+gyX6hyYyftn+iy4ugxYGkzIKkzI6hyIKmvoOmzoSnzoWnz5KkyomoxYaozp+lsqqkn5GpxYmr0Yyrzoyt06GpwZutwZOwzJCw1Z6uwpGy0K2urZKy1q2wsKuwtpO02Kqxt7KzsbKywKq1wZm50q65xbG7xr+/vrvBxsLDwr/Iz8XJysTK0MrMytnIys/R097Nz9fX1tna2Nzc2+na293e3PHb3ODg3ubh0OLi4ePj4vPg3+Xl4+np5+vu1+7u7Pnu1//u7PX23vf44vz49/r74///6///7P//+f//+////////////////////////////////////////////////////////////////////////////////////////////////////////////////////////////////////////////////////////////////////////////////yH+EUNyZWF0ZWQgd2l0aCBHSU1QACH5BAEKAP8ALAAAAAAXABAAAAj+AP8JTLAAQoUMHT4o1HBBQgMGAiNGVOAAQ4gSKVrEiPFiBQoRGyZEkBiRAogTMWbY0MHDx44cNYAUgWGBpEAPK2joCIKEyZMrU4ZsIROoCgeb/1RkSYJEihUtYhiBodLKmTAoI5AuyaRHzRcvZfwok5WLGjVdXEggPcJKmq1EcPAQonZsVbJouMKYQHqjC7VozT61AZYsWSxi1DTFYYFUSB5Uy5JBq1WqcLJTzFTNkYHUiBlJzyzzmjXM2K5br+TgQKpkzCFY0SwnC9br17RRa3ogdXLmziVk0YJDK+aLFqhBbn4gjYLGjqFNjiJZCuWKVCdFfd4ot0nkDB1AizAveTKVShQnSIX4uHGB9AGWNHX+IHpEqdKkRoL2sGmCNCKAAAIMUAACBB5gAAH9BQQAOw==', 'image/gif');
INSERT INTO OKM_MIME_TYPE_EXTENSION (MTE_ID, MTE_NAME) VALUES (46, 'zargo');
INSERT INTO OKM_MIME_TYPE (MT_ID, MT_NAME, MT_IMAGE_CONTENT, MT_IMAGE_MIME) VALUES (47, 'application/x-planner', 'R0lGODlhFwAQAIQcAAAAAAoNDg4TFRsjKCErMSg0Oi06QS06Qi07QjE/RzxOWEBUXkZbZkphbUthbkxib0xjcFVvfVVvfmJ/kGKAkWOAkYOqwISswoixyIy2zo240JG91v///////////////yH+EUNyZWF0ZWQgd2l0aCBHSU1QACH5BAEKAB8ALAAAAAAXABAAAAVD4CeOZGmeaEoCbOu2aizPKrXd+AbRSuT/EQTtBBiaFJVkZUIwSi7Qi6Vg/LyKsoejwRBUF5pMBjOofhIHgyFgbrs/IQA7', 'image/gif');
INSERT INTO OKM_MIME_TYPE_EXTENSION (MTE_ID, MTE_NAME) VALUES (47, 'planner');
INSERT INTO OKM_MIME_TYPE (MT_ID, MT_NAME, MT_IMAGE_CONTENT, MT_IMAGE_MIME) VALUES (48, 'application/x-php', 'R0lGODlhFwAQAKU0AD0+c1FTmlJUmlZYnVpcn1xeoGxuqW1uqnJzrX1+s4OFt4SFt4WHuJGSvqWmyKanx6ipzKqqyqqrzbOz07i51b6+vsjJ39PU5tzc6t7f7OHh5ubm5ubm6Ofn5+bn8ejo7+np6enp8urq6uvs8u3t7e/v7/Dw8PHx8fLy8vPz8/T09PT0+fX19fb29vf39/j4+Pn5+fr6+vv7+/z8/P///////////////////////////////////////////////yH5BAEKAD8ALAIAAAAQABAAAAaRwN+vQiwahcjhSzZrOl+V5FCmYllPJdCsE0VWZi6Yy5UyiWYtVXcoOSACAYNDw2x24YELHv7gbGZRARYXEyGEgxMBESSAcBkFFh4FGY8WCQQojXmCGHl6FggCLZorFxCJE6UQAQ0vgD+be3oBDB+uXQALA3gDChQjMTGvQ05NMsfIw1/FzHZCFTDNxTBdRtbWQQA7', 'image/gif');
INSERT INTO OKM_MIME_TYPE_EXTENSION (MTE_ID, MTE_NAME) VALUES (48, 'php');
INSERT INTO OKM_MIME_TYPE (MT_ID, MT_NAME, MT_IMAGE_CONTENT, MT_IMAGE_MIME) VALUES (49, 'audio/mpeg', 'R0lGODlhFwAQAMZWAFl/tV+EuGSJu2mKu2yLt2mNvmqNvm2Pv3GTw3OUwneUv3SVw3iYxHiYxXuaxnyaxX+cw4CeyX+fyoGgy4yiwYWjzIymy42myZKmw4unz4uoz4ypz5GqzpCq0paqxp+pt5KrzpCs0ZWsy5St0Jity5Wu0Jau0ZuuyJ+wyJix1Z+32KK31LW6wK3A2r6+vrHB2cjT5NTd6dbd6Nff69nh7Nnh7dvi7Nvj7dzj7d7l7d/l7ubm5ufn5+Xp8Onp6eXq8urq6uzs7O3t7ezv9O/v7/Dw8PHx8fLy8vDz9vPz8/T09PX19fb29vb3+fb4+ff4+fj4+Pn5+fr6+vv7+/z8/P///+rXgOrXgOrXgOrXgOrXgOrXgOrXgOrXgOrXgOrXgOrXgOrXgOrXgOrXgOrXgOrXgOrXgOrXgOrXgOrXgOrXgOrXgOrXgOrXgOrXgOrXgOrXgOrXgOrXgOrXgOrXgOrXgOrXgOrXgOrXgOrXgOrXgOrXgOrXgOrXgOrXgOrXgCH5BAEKAH8ALAAAAAAXABAAAAe/gH+Cfy6FhoeDiYqEUFWOj1RQLouLLlNKS5lGRD5UPJOUgyw/OTo4NjJFQFRMSqChKCopIRsZDktGVLpUr4snHSYjIA4LuEFAO7yhfx4VNbolBlNQTElCyqEYETS6HALT1UfYlBQNM043FgFUU1FRTOOLEAkwLQwFA+zuUPGDEhoTHqw4gACACCkIpfDrNQgBAgIvYlxQQKJHQoT9En1oQgXJkCe7dE3JOMhFyJO7GCZyEeURpF1RVJY8RBNRokAAOw==', 'image/gif');
INSERT INTO OKM_MIME_TYPE_EXTENSION (MTE_ID, MTE_NAME) VALUES (49, 'mp3');
INSERT INTO OKM_MIME_TYPE (MT_ID, MT_NAME, MT_IMAGE_CONTENT, MT_IMAGE_MIME) VALUES (50, 'audio/x-ogg', 'R0lGODlhFwAQAMZWAFl/tV+EuGSJu2mKu2yLt2mNvmqNvm2Pv3GTw3OUwneUv3SVw3iYxHiYxXuaxnyaxX+cw4CeyX+fyoGgy4yiwYWjzIymy42myZKmw4unz4uoz4ypz5GqzpCq0paqxp+pt5KrzpCs0ZWsy5St0Jity5Wu0Jau0ZuuyJ+wyJix1Z+32KK31LW6wK3A2r6+vrHB2cjT5NTd6dbd6Nff69nh7Nnh7dvi7Nvj7dzj7d7l7d/l7ubm5ufn5+Xp8Onp6eXq8urq6uzs7O3t7ezv9O/v7/Dw8PHx8fLy8vDz9vPz8/T09PX19fb29vb3+fb4+ff4+fj4+Pn5+fr6+vv7+/z8/P///+rXgOrXgOrXgOrXgOrXgOrXgOrXgOrXgOrXgOrXgOrXgOrXgOrXgOrXgOrXgOrXgOrXgOrXgOrXgOrXgOrXgOrXgOrXgOrXgOrXgOrXgOrXgOrXgOrXgOrXgOrXgOrXgOrXgOrXgOrXgOrXgOrXgOrXgOrXgOrXgOrXgOrXgCH5BAEKAH8ALAAAAAAXABAAAAe/gH+Cfy6FhoeDiYqEUFWOj1RQLouLLlNKS5lGRD5UPJOUgyw/OTo4NjJFQFRMSqChKCopIRsZDktGVLpUr4snHSYjIA4LuEFAO7yhfx4VNbolBlNQTElCyqEYETS6HALT1UfYlBQNM043FgFUU1FRTOOLEAkwLQwFA+zuUPGDEhoTHqw4gACACCkIpfDrNQgBAgIvYlxQQKJHQoT9En1oQgXJkCe7dE3JOMhFyJO7GCZyEeURpF1RVJY8RBNRokAAOw==', 'image/gif');
INSERT INTO OKM_MIME_TYPE_EXTENSION (MTE_ID, MTE_NAME) VALUES (50, 'ogg');
INSERT INTO OKM_MIME_TYPE (MT_ID, MT_NAME, MT_IMAGE_CONTENT, MT_IMAGE_MIME) VALUES (51, 'video/x-flv', 'R0lGODlhFwAQAMZaACwsLDMzMzs7O0RERE9PT1RUVFhYWFBcTFRfY15eXl9fX2BgYGNjY2VlZWZmZmpqamxsbHBtX2Z0bnR0dG92dnl1aHJ3bnd3d3h4eHp6emqDeWeIemKPUnmIXmuJf4SEhEqbVIGGiV2SkVeYlE+iZ2SncXCpYZqilGyuvGuu0mm2i3uvx6inn6KprlnBpFvEh6SrsHfAZWG+x6auoaiuo2W922W934e3t7GxfYLFYHPJe3i+5HvPZLK+lLu7u76+vtjY2NnZ2ePj4+Xl5ebm5ufn5+jo6Onp6erq6uzs7O3t7e/v7/Dw8PHx8fLy8vPz8/T09PX19fb29vf39/j4+Pn5+fr6+vv7+/z8/P///+rXgOrXgOrXgOrXgOrXgOrXgOrXgOrXgOrXgOrXgOrXgOrXgOrXgOrXgOrXgOrXgOrXgOrXgOrXgOrXgOrXgOrXgOrXgOrXgOrXgOrXgOrXgOrXgOrXgOrXgOrXgOrXgOrXgOrXgOrXgOrXgOrXgOrXgCH5BAEKAH8ALAAAAAAXABAAAAfFgH+Cfz+FhoeDiYqEVFmOj1hUP4uLP1dQUZlNS0dYRZOUgz5YU1WaTEhYUlCglB8TITAtLBMfUU1YuVitihkVIikrOBUZt0lIRLuhGBQkLjY3FBhXVFJPSsqUFxImPDoqEhfU1k7Ziw0EGh4bHQQNWFdXVVLmihARIzU7PREQ8FVVqNRLxAABiBcyUCBgcMWKQ4G8Ei04wCFHjBIHFjjcOHCQggIWaMw4UUCBLngdB/04yVJXxEQ/qjyCpKvKS5WHciJKFAgAOw==', 'image/gif');
INSERT INTO OKM_MIME_TYPE_EXTENSION (MTE_ID, MTE_NAME) VALUES (51, 'flv');
INSERT INTO OKM_MIME_TYPE (MT_ID, MT_NAME, MT_IMAGE_CONTENT, MT_IMAGE_MIME) VALUES (52, 'video/mp4', 'R0lGODlhFwAQAMZaACwsLDMzMzs7O0RERE9PT1RUVFhYWFBcTFRfY15eXl9fX2BgYGNjY2VlZWZmZmpqamxsbHBtX2Z0bnR0dG92dnl1aHJ3bnd3d3h4eHp6emqDeWeIemKPUnmIXmuJf4SEhEqbVIGGiV2SkVeYlE+iZ2SncXCpYZqilGyuvGuu0mm2i3uvx6inn6KprlnBpFvEh6SrsHfAZWG+x6auoaiuo2W922W934e3t7GxfYLFYHPJe3i+5HvPZLK+lLu7u76+vtjY2NnZ2ePj4+Xl5ebm5ufn5+jo6Onp6erq6uzs7O3t7e/v7/Dw8PHx8fLy8vPz8/T09PX19fb29vf39/j4+Pn5+fr6+vv7+/z8/P///+rXgOrXgOrXgOrXgOrXgOrXgOrXgOrXgOrXgOrXgOrXgOrXgOrXgOrXgOrXgOrXgOrXgOrXgOrXgOrXgOrXgOrXgOrXgOrXgOrXgOrXgOrXgOrXgOrXgOrXgOrXgOrXgOrXgOrXgOrXgOrXgOrXgOrXgCH5BAEKAH8ALAAAAAAXABAAAAfFgH+Cfz+FhoeDiYqEVFmOj1hUP4uLP1dQUZlNS0dYRZOUgz5YU1WaTEhYUlCglB8TITAtLBMfUU1YuVitihkVIikrOBUZt0lIRLuhGBQkLjY3FBhXVFJPSsqUFxImPDoqEhfU1k7Ziw0EGh4bHQQNWFdXVVLmihARIzU7PREQ8FVVqNRLxAABiBcyUCBgcMWKQ4G8Ei04wCFHjBIHFjjcOHCQggIWaMw4UUCBLngdB/04yVJXxEQ/qjyCpKvKS5WHciJKFAgAOw==', 'image/gif');
INSERT INTO OKM_MIME_TYPE_EXTENSION (MTE_ID, MTE_NAME) VALUES (52, 'mp4');
INSERT INTO OKM_MIME_TYPE (MT_ID, MT_NAME, MT_IMAGE_CONTENT, MT_IMAGE_MIME) VALUES (53, 'video/mpeg', 'R0lGODlhFwAQAMZaACwsLDMzMzs7O0RERE9PT1RUVFhYWFBcTFRfY15eXl9fX2BgYGNjY2VlZWZmZmpqamxsbHBtX2Z0bnR0dG92dnl1aHJ3bnd3d3h4eHp6emqDeWeIemKPUnmIXmuJf4SEhEqbVIGGiV2SkVeYlE+iZ2SncXCpYZqilGyuvGuu0mm2i3uvx6inn6KprlnBpFvEh6SrsHfAZWG+x6auoaiuo2W922W934e3t7GxfYLFYHPJe3i+5HvPZLK+lLu7u76+vtjY2NnZ2ePj4+Xl5ebm5ufn5+jo6Onp6erq6uzs7O3t7e/v7/Dw8PHx8fLy8vPz8/T09PX19fb29vf39/j4+Pn5+fr6+vv7+/z8/P///+rXgOrXgOrXgOrXgOrXgOrXgOrXgOrXgOrXgOrXgOrXgOrXgOrXgOrXgOrXgOrXgOrXgOrXgOrXgOrXgOrXgOrXgOrXgOrXgOrXgOrXgOrXgOrXgOrXgOrXgOrXgOrXgOrXgOrXgOrXgOrXgOrXgOrXgCH5BAEKAH8ALAAAAAAXABAAAAfFgH+Cfz+FhoeDiYqEVFmOj1hUP4uLP1dQUZlNS0dYRZOUgz5YU1WaTEhYUlCglB8TITAtLBMfUU1YuVitihkVIikrOBUZt0lIRLuhGBQkLjY3FBhXVFJPSsqUFxImPDoqEhfU1k7Ziw0EGh4bHQQNWFdXVVLmihARIzU7PREQ8FVVqNRLxAABiBcyUCBgcMWKQ4G8Ei04wCFHjBIHFjjcOHCQggIWaMw4UUCBLngdB/04yVJXxEQ/qjyCpKvKS5WHciJKFAgAOw==', 'image/gif');
INSERT INTO OKM_MIME_TYPE_EXTENSION (MTE_ID, MTE_NAME) VALUES (53, 'mpeg');
INSERT INTO OKM_MIME_TYPE_EXTENSION (MTE_ID, MTE_NAME) VALUES (53, 'mpg');
INSERT INTO OKM_MIME_TYPE (MT_ID, MT_NAME, MT_IMAGE_CONTENT, MT_IMAGE_MIME) VALUES (54, 'video/x-msvideo', 'R0lGODlhFwAQAMZaACwsLDMzMzs7O0RERE9PT1RUVFhYWFBcTFRfY15eXl9fX2BgYGNjY2VlZWZmZmpqamxsbHBtX2Z0bnR0dG92dnl1aHJ3bnd3d3h4eHp6emqDeWeIemKPUnmIXmuJf4SEhEqbVIGGiV2SkVeYlE+iZ2SncXCpYZqilGyuvGuu0mm2i3uvx6inn6KprlnBpFvEh6SrsHfAZWG+x6auoaiuo2W922W934e3t7GxfYLFYHPJe3i+5HvPZLK+lLu7u76+vtjY2NnZ2ePj4+Xl5ebm5ufn5+jo6Onp6erq6uzs7O3t7e/v7/Dw8PHx8fLy8vPz8/T09PX19fb29vf39/j4+Pn5+fr6+vv7+/z8/P///+rXgOrXgOrXgOrXgOrXgOrXgOrXgOrXgOrXgOrXgOrXgOrXgOrXgOrXgOrXgOrXgOrXgOrXgOrXgOrXgOrXgOrXgOrXgOrXgOrXgOrXgOrXgOrXgOrXgOrXgOrXgOrXgOrXgOrXgOrXgOrXgOrXgOrXgCH5BAEKAH8ALAAAAAAXABAAAAfFgH+Cfz+FhoeDiYqEVFmOj1hUP4uLP1dQUZlNS0dYRZOUgz5YU1WaTEhYUlCglB8TITAtLBMfUU1YuVitihkVIikrOBUZt0lIRLuhGBQkLjY3FBhXVFJPSsqUFxImPDoqEhfU1k7Ziw0EGh4bHQQNWFdXVVLmihARIzU7PREQ8FVVqNRLxAABiBcyUCBgcMWKQ4G8Ei04wCFHjBIHFjjcOHCQggIWaMw4UUCBLngdB/04yVJXxEQ/qjyCpKvKS5WHciJKFAgAOw==', 'image/gif');
INSERT INTO OKM_MIME_TYPE_EXTENSION (MTE_ID, MTE_NAME) VALUES (54, 'avi');
INSERT INTO OKM_MIME_TYPE (MT_ID, MT_NAME, MT_IMAGE_CONTENT, MT_IMAGE_MIME) VALUES (55, 'video/x-ms-wmv', 'R0lGODlhFwAQAMZaACwsLDMzMzs7O0RERE9PT1RUVFhYWFBcTFRfY15eXl9fX2BgYGNjY2VlZWZmZmpqamxsbHBtX2Z0bnR0dG92dnl1aHJ3bnd3d3h4eHp6emqDeWeIemKPUnmIXmuJf4SEhEqbVIGGiV2SkVeYlE+iZ2SncXCpYZqilGyuvGuu0mm2i3uvx6inn6KprlnBpFvEh6SrsHfAZWG+x6auoaiuo2W922W934e3t7GxfYLFYHPJe3i+5HvPZLK+lLu7u76+vtjY2NnZ2ePj4+Xl5ebm5ufn5+jo6Onp6erq6uzs7O3t7e/v7/Dw8PHx8fLy8vPz8/T09PX19fb29vf39/j4+Pn5+fr6+vv7+/z8/P///+rXgOrXgOrXgOrXgOrXgOrXgOrXgOrXgOrXgOrXgOrXgOrXgOrXgOrXgOrXgOrXgOrXgOrXgOrXgOrXgOrXgOrXgOrXgOrXgOrXgOrXgOrXgOrXgOrXgOrXgOrXgOrXgOrXgOrXgOrXgOrXgOrXgOrXgCH5BAEKAH8ALAAAAAAXABAAAAfFgH+Cfz+FhoeDiYqEVFmOj1hUP4uLP1dQUZlNS0dYRZOUgz5YU1WaTEhYUlCglB8TITAtLBMfUU1YuVitihkVIikrOBUZt0lIRLuhGBQkLjY3FBhXVFJPSsqUFxImPDoqEhfU1k7Ziw0EGh4bHQQNWFdXVVLmihARIzU7PREQ8FVVqNRLxAABiBcyUCBgcMWKQ4G8Ei04wCFHjBIHFjjcOHCQggIWaMw4UUCBLngdB/04yVJXxEQ/qjyCpKvKS5WHciJKFAgAOw==', 'image/gif');
INSERT INTO OKM_MIME_TYPE_EXTENSION (MTE_ID, MTE_NAME) VALUES (55, 'wmv');
INSERT INTO OKM_MIME_TYPE (MT_ID, MT_NAME, MT_IMAGE_CONTENT, MT_IMAGE_MIME) VALUES (56, 'application/x-shockwave-flash', 'R0lGODlhFwAQAMZIAOItM/E1O/E5P/I6P+Y+QvI7QPE8QfI8QPI8QfJARfNARPNBRfRHSvVJTPFKT/RKTfZXWvdXWfdcW/dgYfhlYvltafpybfV0d/t1cPZ4evt4cvt4c/t8dvx+ePWAhPiBg/WChPWDhvyEfPeIifiNj76+vvm9vfnAwvfHyPnLzfrV1vrW1/vY2frd3ubm5ufn5/rk5enp6erq6uvr6+zs7Pvo6e3t7fvr6+/v7/Dw8Pvu7/Hx8fLy8vPz8/T09PX19fb29vf39/j4+Pn5+fr6+vv7+/z7+/z8/P///////////////////////////////////////////////////////////////////////////////////////////////////////////////////////////////////////////////////////////////////////////////////////////////////////////////////////////////yH5BAEKAH8ALAMAAAAQABAAAAeqgH9/JYSFhoKIg0JFR42OQiWJg0U+P5Y7ODFHL5GIJUdBQygjIDkyR0A+nYNHQyYTIg08M45HnZ8tERgQFz87NDIutoIlRh8cGTdFQj88ODbDgywSDyc6R8tAPTzRJSQbHQcejURDQEDdDxoIAuPYQ0NC0QQWCSkrMEVFRERC8iUMFhigEKKRPn4IbSkoUMFBDUf6IjIqMSAAABW1Mja6NURjrSG3DIk0FAgAOw==', 'image/gif');
INSERT INTO OKM_MIME_TYPE_EXTENSION (MTE_ID, MTE_NAME) VALUES (56, 'swf');
INSERT INTO OKM_MIME_TYPE (MT_ID, MT_NAME, MT_IMAGE_CONTENT, MT_IMAGE_MIME) VALUES (57, 'application/octet-stream', 'R0lGODlhFwAQAMZrANldWqxqc+deWliBrtFlZehhXehiXlqEtFmFtOhkYVuGs+hoZmeJs1+LuGGMuOtraa2AX2OOuutua6yCYulvbaqCa+1vbutxbmuQud54cbuEc+12de52dW2VvnSVuJeNpe54d2yefnCfa+Z7duN8du17eXaYvYSVs3SigfB+fJWXr++DgvCEhH2odpWctYmiwOyLieuNjYGweomnxYOwfoWwfoWzfZSqxPSTlI6uzYy3ho+vzpKwz8OmpJOwz/ScnZi/kLG4sKbAmaa/2L69vaXIn76+vqjJoua1svC8ue/CwbrUtO/NzMrY2tTc5dzi6Obm5ufn5+np6fDo5+rq6uzs7O3t7fHs7O/u7+/v7/Dw8PLw8PHx8fbw7/bx8PLy8vPz8/Tz8/T09PX19fb29vj4+Pj4+fn5+fr6+vv7+/z8/P///////////////////////////////////////////////////////////////////////////////////yH5BAEKAH8ALAAAAAAXABAAAAfLgH+Cf0aFhoeDiYqEZWuOj2plRouLRmliY5lcWVJqUZOUg0RdTElKU1taVGpkYqChPTEUDwswSGFcarpqr4saLBYbEhwkV1xVVFC8lC02ED8pIAkGI15lZGBWy4syQBMrOCUFAhlY12Bf24o6S0IVBBcAASceaWlnZOqJNUdFKC4fVJjocODemTL6EomgEcLHkBwRHCBAQxFhL0VBmszgsaOBAgYUKSZMZMSMkxcYBtx4sivNyEFGdsmceZHkmUeQdp2pCfOQT0SJAgEAOw==', 'image/gif');
INSERT INTO OKM_MIME_TYPE_EXTENSION (MTE_ID, MTE_NAME) VALUES (57, '*');
INSERT INTO OKM_MIME_TYPE (MT_ID, MT_NAME, MT_IMAGE_CONTENT, MT_IMAGE_MIME) VALUES (58, 'image/vnd.dxf', 'R0lGODlhEAAQAOeuAAFEtQBLyDJAqQhPkRVLrQpOsQBP0hxMsAVUsxhUhhJSrAVS1BZTowtSziVSiQBV3AtZmwBU9Q9Vxwxbnj9OiSFUpxJYrRBV1BBZtyVUrhNbsDJTpCRVvipWpw9dsgFc6y9YjApY+gBc9xNZ3R5cpSVbmyFasThXjShYugRhywBd/yxZqgZc/RpgniVX3CxYwypZwwtf5hFlozZZrQ1e9kBZkiNhnjlZripcvSRdyBhe5DlaqyZevQxg9xxf0jNawSxdujNbuzFbwTNbvQ9g+Adi/0RYsQdm2jpavRxkti5dxypfvw5m0iRf1z1awCpe1hBowRZnwh1h8kJglDRd3SZf9Cpg5ABq/xxrpiBnwzFktxNp4ixlzBFp/xtsyDhnrQhw4zRnwy9qulZimixuoA1y2g1w8iZvtBtwyzJqyyptxiNwzBJw/xpw6z9rskxpoyFyyyts7DZt1FhlwUlrsz1r2lxooiB2zStv9CR1zgt4/yZ04ElvtkNyqkRzqRF88Cx7vieB0TV76iiF1XJ5gHx+gGuCl4CEiIaJjIiguI2iuKi7zdXk88Lr/9/q/5///6D//8z0/8j2/7D//7L//7f+/+Px/7b//7f//8b7/8v6/8j7/7z//8T//8j+/8b//8f//9P8/8r//+P4/9r7/83//9X9/9H//9X//+L8/9j//9n//+P9/93//////////////////////////////////////////////////////////////////////////////////////////////////////////////////////////////////////////////////////////////////////////////////////////////////////////////////////////////////////////////////////////////////////////////////////////////////////////////////////////////////////////yH5BAEKAP8ALAAAAAAQABAAAAj+AP+pgRDIQgdGY/oMuIPon0OHINxkqIMikx8kRtwoOvTw3440DULQoOShyZA7ixIVehhEAqUiKiZBuVCKyaJFhh4WaPOBRYxLWHxwQXmTkEM4TLYsENTJhhwCbpIudSgDECdQnlCtiqTqgJJGTuY4JJPglBgeHITMaAXjiRUqAhxOOYEqjgE0SX6QKtFijYI3D0eZktLlkZcXq0RhmsQplMMbdDSN6EFEB45Ne8xEYLPEIZAKpQDgqeJCi6gAeq6IyOFQDYZKoiSlYqXqE5gHkI6YcEgiTxQGfBxRcHCmzJ8UWb60njBIwwpLdhTeQRBmQw2IEilaxOgmO4p/AQEAOw==', 'image/gif');
INSERT INTO OKM_MIME_TYPE_EXTENSION (MTE_ID, MTE_NAME) VALUES (58, 'dxf');
INSERT INTO OKM_MIME_TYPE (MT_ID, MT_NAME, MT_IMAGE_CONTENT, MT_IMAGE_MIME) VALUES (59, 'image/vnd.dwg', 'R0lGODlhEAAQAOZ9AMyZAPjcTOC3F////6i7zT5pkjRbgh9QgDxbe/TMAPfSAPPLAPjUAE1zmfHGAP7+/vXOAPXPAPbQAPLJAPLRQ/LKAICEiCRVhPnVAPTNAPbikld5m/jnn/rcLFtzk/PRNnWPqY2iuEhulJGmu/nXCe/EAEFokBNBbYaJjG+Lpv7+/zFbhf3vmvbRAHCMpx5OfXWOnEBnjTZhi1R3mTpcgytZhfHHABBCc2KCofnWB/DHC+vr62mGpPDFADZXd0VrkvvfOHqRnTljjQw0XXuSnlx9nTxljvfTAAY1Y1F1mH2TniVSff3vmP3wm/LSQfXZXEtwlfjWDsHBwWqIpTBYgPbggHx+gPbffWSDojxbev73y1p7nG+Lp2aEovruv2uCl/fRAPLIAGKBoCNTgvjTAE1xlk9zl/70sv/75V5/nvbPAGCAn32VrnJ5gP39/v73ylV4mgxBdGaFokdtk/LLE/jnovzkVvXNAD5mjvjoqR9PfXaQqoiguAAAAAAAAAAAACH5BAEAAH0ALAAAAAAQABAAAAfOgH19BYQDBRdxNB4ogo19Bg0NAw1jN0hDIRaOjwUDKgM1eic+BHxWjgMDbgUPqTtSBARfjgYjA60ieFRZsQRtjQZsewNiG2UxCMkIQsBdKQMuckVJc0YrSy+CAgHcAUEgU2twUCYyB9pobyzcAkpcWFtmP+d9AlpNJAwK7EQ8aTP0BJwBguGIBAgJ2MHAEZBJDgZgImRYMMEBu4B29B1MUMFGjxIU2NXrQKZFhAQLwjjQ4aRKHQ0A6kVRoOYORTofnlzh4CVPTABAgwodGggAOw==', 'image/gif');
INSERT INTO OKM_MIME_TYPE_EXTENSION (MTE_ID, MTE_NAME) VALUES (59, 'dwg');
INSERT INTO OKM_MIME_TYPE (MT_ID, MT_NAME, MT_IMAGE_CONTENT, MT_IMAGE_MIME) VALUES (60, 'application/x-jasper', 'R0lGODlhFwAQAMZLAKcAAKwAAqoBA2weH2ohInglJkJCQjVJY19bW2pqam1tbX5+fpGKipiYmJOit5amu5movqurq6ysrLW1tba2tre3t6G63bm5ubq6uq6+1L29vb6+vr+/v8DAwL3CwsHBwcLCwsPDw8XFxcfHx8rKysvLy8zMzM3Nzc/Pz9HR0c7T0tLS0tPT09TU1NXV1dfX19jY2NnZ2dvb29zc3N7e3uHh4eHi4uLi4uPj4+Tk5OXl5ePm5ubm5ujo6Onp6erq6uvr6+zs7O3t7e/v7/Dw8PPz8/T09Pn5+fr6+v39/f7+/v///////////////////////////////////////////////////////////////////////////////////////////////////////////////////////////////////////////////////////////////////////////////////////////////////////////////////yH5BAEKAH8ALAAAAAAXABAAAAfMgH+CfxAZhoeHB4OLjA8Gjw6PBhcOFoqMjA4XBh2bDQqTGQ6XmIIPmxebC6AxOjCWpaabKZuPOjUpLbCxpwYymwoNBislIruljo/CFwsGHDczx5gPQkVGP0U/SElJSkjSjTw/QDc/N0csJSAj4IsPKBobFRgUSCYiJyftgw85QEE4yA0hQpDIPlMuXsigESOGDR4wdAA5+OcBBxIaRITwQIDBBxY9KD6IMKGCBBUDBAxA8GEiqWk9evjYUSAAAAAFEnygeKCnz58/GQUCADs=', 'image/gif');
INSERT INTO OKM_MIME_TYPE_EXTENSION (MTE_ID, MTE_NAME) VALUES (60, 'jasper');
INSERT INTO OKM_MIME_TYPE (MT_ID, MT_NAME, MT_IMAGE_CONTENT, MT_IMAGE_MIME) VALUES (61, 'application/x-jrxml', 'R0lGODlhFwAQAMZLAKcAAKwAAqoBA2weH2ohInglJkJCQjVJY19bW2pqam1tbX5+fpGKipiYmJOit5amu5movqurq6ysrLW1tba2tre3t6G63bm5ubq6uq6+1L29vb6+vr+/v8DAwL3CwsHBwcLCwsPDw8XFxcfHx8rKysvLy8zMzM3Nzc/Pz9HR0c7T0tLS0tPT09TU1NXV1dfX19jY2NnZ2dvb29zc3N7e3uHh4eHi4uLi4uPj4+Tk5OXl5ePm5ubm5ujo6Onp6erq6uvr6+zs7O3t7e/v7/Dw8PPz8/T09Pn5+fr6+v39/f7+/v///////////////////////////////////////////////////////////////////////////////////////////////////////////////////////////////////////////////////////////////////////////////////////////////////////////////////yH5BAEKAH8ALAAAAAAXABAAAAfMgH+CfxAZhoeHB4OLjA8Gjw6PBhcOFoqMjA4XBh2bDQqTGQ6XmIIPmxebC6AxOjCWpaabKZuPOjUpLbCxpwYymwoNBislIruljo/CFwsGHDczx5gPQkVGP0U/SElJSkjSjTw/QDc/N0csJSAj4IsPKBobFRgUSCYiJyftgw85QEE4yA0hQpDIPlMuXsigESOGDR4wdAA5+OcBBxIaRITwQIDBBxY9KD6IMKGCBBUDBAxA8GEiqWk9evjYUSAAAAAFEnygeKCnz58/GQUCADs=', 'image/gif');
INSERT INTO OKM_MIME_TYPE_EXTENSION (MTE_ID, MTE_NAME) VALUES (61, 'jrxml');
INSERT INTO OKM_MIME_TYPE (MT_ID, MT_NAME, MT_IMAGE_CONTENT, MT_IMAGE_MIME) VALUES (62, 'application/x-bsh', 'R0lGODlhEAAQAMZOAI9QNZJVO5RYP5tkTJxlTp1mT55oUaV0X42NjbKIdpSUlJWVlbaQgJmZmaOjo7+ekK6ursWpnbCwsLGxsbW1tbe3t7m5uc21qrq6uru7u7y8vL29vb+/v8LCwsPDw8TExMbGxsjIyNbFvsvLy8zMzM3Nzc7Ozs/Pz9DQ0NHR0dLS0tPT09TU1NfX19vb293d3d7e3uDg4OHh4eLi4uPj4+Tk5OXl5ebm5ufn5+jo6Onp6erq6uvr6+zs7O3t7e7u7u/v7/Dw8PHx8fTx7/Ly8vPz8/T09PX19fb29vj4+Pn5+fr6+vv7+/z8/P///////////////////////////////////////////////////////////////////////////////////////////////////////////////////////////////////////////////////////////////////////////////////////////////////////yH5BAEKAH8ALAAAAAAQABAAAAe+gH9/G4SFhoKIg0lMTY2OSRuJg0xGR5ZCQDpNOJGIGycmJSMjIS0zTUhGnR8vOTk6OTg2KRuajRscQRcDAQAAAgYRMRs7N00bEERDDwkEBQcMIjsUQD7HFktJQEc/3To2NhhFRMcdTTQZNTQzMCo0LCxISNdJJiAyMS8tKj0TNUpJjv0x4cLEDRszXthQ4eFIkoCdHKDw4YPHDBIafCzZKHCQiQoVKEhYUYSJSUadNjhayTKlEpYslaQ0RNNQIAA7', 'image/gif');
INSERT INTO OKM_MIME_TYPE_EXTENSION (MTE_ID, MTE_NAME) VALUES (62, 'bsh');
INSERT INTO OKM_MIME_TYPE (MT_ID, MT_NAME, MT_IMAGE_CONTENT, MT_IMAGE_MIME) VALUES (63, 'application/x-java-archive', 'R0lGODlhFwAQAMQfAPveavzxkPzysNq6MIvH9iRgsbF6E3e69/b89pS330yL1WKp6zyC0fv1y9WpHvzUOVun8HSk4Lzd+WW1/9SkC3Wx51GY4s+hDt61AfEZAejRh2+f2gRLsCdpx////////yH5BAEAAB8ALAAAAAAXABAAAAWL4CeOI3Gc1bKQ7KddsLYgUk2YSjteWX91wCADYuHoPpeBcrk0eCoVo84RaAiugSzAmSBIW1SENQAAPDBc75E6Lj/O6S+LLSCb4Z6unMTW3tF5ajoUAQ4OFxSJFIAJUUcGkJBBQRsVEHtHMxMTJwcQDEc6Cx0FpQWYoSwqqUcWERsWCgoMqK02lkUsIQA7', 'image/gif');
INSERT INTO OKM_MIME_TYPE_EXTENSION (MTE_ID, MTE_NAME) VALUES (63, 'jar');
INSERT INTO OKM_MIME_TYPE (MT_ID, MT_NAME, MT_IMAGE_CONTENT, MT_IMAGE_MIME) VALUES (64, 'application/postscript', 'iVBORw0KGgoAAAANSUhEUgAAABAAAAAQCAYAAAAf8/9hAAAAAXNSR0IArs4c6QAAAAZiS0dEAP8AAAAAMyd88wAAAAlwSFlzAAALEwAACxMBAJqcGAAAAAd0SU1FB9sDHQgwHeOtuEwAAAF8SURBVDjLjZPBjtowEIY/Ow6NlksPK3pppX2HSrznSnDg9bYHREBKWAI4eOzZAyFNCtvW0lzG+r9/Zuwxqoox5jvwDcj4+ymBN1VNfUZVAX567+sQQhQRfRTee10sFq/AC2BV9artAPMQQmyaRo/HYx/7/V6rqtLNZqMiouv1WpfL5QgCYIC5iOj5fFagj8PhoHVda1mWKiJ6Op20aRpdrVavwMsdANC2bbVt2xFsu93etQTMAeOGEwohkOc5IoK1Fu89MUam0ym73Y6UEiLCbDbrNSOAMQYFcO5G5EtRXHPPz9RVRZaNH2oEyJwjivy+dA4JgRgjKSW+Pj1xeH8fAeyjx3bOjaoqiqJ3Ht59CpBBFbfZ9AJrP28hipANHCSEkWPr/Z3ZXQVRBNOJAcLlQrhcMJ37nxXYR/2LCMaYfgbGGEIITCaTPv8IoDfxcIDDEBHyPAdI3R6p1et/TDHGs4ikf2wjIpJijCcgAphunX9062z5vxOBUlV/fQCSzSv4ufO3zwAAAABJRU5ErkJggg==', 'image/png');
INSERT INTO OKM_MIME_TYPE_EXTENSION (MTE_ID, MTE_NAME) VALUES (64, 'ps');
INSERT INTO OKM_MIME_TYPE (MT_ID, MT_NAME, MT_IMAGE_CONTENT, MT_IMAGE_MIME) VALUES (65, 'application/x-report', 'R0lGODlhFwAQAMZfAA8swhE4yBBDzBRFyxJS0RhU0xZi1CFp0yNy2kJ9RTB32O1TWjp+3UaD3lKPTkaG21GI3f5iX/dkZU+K3ViM3k6Q5laQ31iR4V6dWlqjUv9waV+U4Plycf50cGWZ4maZ5P55df56dv99cm2d4/x+fP5/em6udHSi5XSi6P2HhP+Ifnqn5nS4boKr6P+Sif+SjfWUl4O7iYmx6v6XlI67l42z64LHb5S47P+lm5bKkJzIm76+vqPD76fF8KXTob/E7MDG7b/J2MDJ2sDH78DL2NjE2NfG28HM8NjM38rY7c/c8NPg89fk9ubm5ufn5+np6erq6uzs7O3t7e/v7/Dw8PHx8fLy8vPz8/T09PX19fb29vj4+Pn5+fv7+/z8/P///////////////////////////////////////////////////////////////////////////////////////////////////////////////////////////////////yH5BAEKAH8ALAAAAAAXABAAAAe/gH+CfzuFhoeDiYqEW11ej5BbO4uLO11YWZlVU09eTpOUgzteWlxaWldUUKRYoKGjXLGnVquQrpVejl5MS0pJUVBNXreKo5AoPTwXqFLDoYSQXh83NQ2oVs6vXiAhGhUyLQqy2ZSjKTM4DCsnB7Fb5LgkJS4IIx4FNiwZ8MVeHB0qDGywMMBHDAz8Eo2SEEEEgQkPAuQw4SChKC8LYLwQQAECAB00ElgUtIMLEiNFjgwB8oNIECFciCk8RBNRokAAOw==', 'image/gif');
INSERT INTO OKM_MIME_TYPE_EXTENSION (MTE_ID, MTE_NAME) VALUES (65, 'rep');
DELETE FROM OKM_TRANSLATION WHERE TR_LANGUAGE='en-GB';
DELETE FROM OKM_LANGUAGE WHERE LG_ID='en-GB';
INSERT INTO OKM_LANGUAGE (LG_ID, LG_NAME, LG_IMAGE_CONTENT, LG_IMAGE_MIME) VALUES ('en-GB', 'English', 'R0lGODlhEAALANUAALZXTnqXuP/LxP2GdrQ/L/89Pf/T02J24//r6sfS//8pJv9LSP96dj9Ao7qio/+4tf/Y1T9LpT8/c3V/s7vH/v7z8f9rZv+cmP6xp/7Wz3B6ruTq/qOt5PP1/kFXp/8yL/7h45yhuv/t8f+treDm/r5MPP729v8cGP/3+cLO/212qt7j/pSs/L+alKey7v/AvL+hnb9rX+jt/+3w/7+CeoSd/P/v7v/k7P/p6P9ycP/S2//w9I8/L/75+/+plP9hXyH5BAAAAAAALAAAAAAQAAsAAAabwAkM4NBoQiVASKVyEFqeycaU6ZE6gkxnZcJUEhFpwjbayS6YjciCY1Ea4kSlzPCtbazam4aA+CEMCwsWGQIvDxkEJQIXFww/CwUfHwoKJycDBDE4Bp0gkgofhg8jEAQaJCkpNjkokzcFEAcHLhKoKQg5IjOhCTofLwcctiQVGCYpHQMDKy4gAxnDGi0EDh4NAQQEHhISADwEEkEAOw==', 'image/gif');
INSERT INTO OKM_TRANSLATION (TR_MODULE, TR_KEY, TR_TEXT, TR_LANGUAGE) VALUES ('frontend', 'OKM-001001', 'Repository internal error', 'en-GB');
INSERT INTO OKM_TRANSLATION (TR_MODULE, TR_KEY, TR_TEXT, TR_LANGUAGE) VALUES ('frontend', 'OKM-001002', 'Folder not found', 'en-GB');
INSERT INTO OKM_TRANSLATION (TR_MODULE, TR_KEY, TR_TEXT, TR_LANGUAGE) VALUES ('frontend', 'OKM-001003', 'Folder already exists', 'en-GB');
INSERT INTO OKM_TRANSLATION (TR_MODULE, TR_KEY, TR_TEXT, TR_LANGUAGE) VALUES ('frontend', 'OKM-001006', 'Repository internal error', 'en-GB');
INSERT INTO OKM_TRANSLATION (TR_MODULE, TR_KEY, TR_TEXT, TR_LANGUAGE) VALUES ('frontend', 'OKM-001009', 'Folder access denied', 'en-GB');
INSERT INTO OKM_TRANSLATION (TR_MODULE, TR_KEY, TR_TEXT, TR_LANGUAGE) VALUES ('frontend', 'OKM-001015', 'Folder path not found', 'en-GB');
INSERT INTO OKM_TRANSLATION (TR_MODULE, TR_KEY, TR_TEXT, TR_LANGUAGE) VALUES ('frontend', 'OKM-001024', 'Database error', 'en-GB');
INSERT INTO OKM_TRANSLATION (TR_MODULE, TR_KEY, TR_TEXT, TR_LANGUAGE) VALUES ('frontend', 'OKM-002001', 'Repository internal error', 'en-GB');
INSERT INTO OKM_TRANSLATION (TR_MODULE, TR_KEY, TR_TEXT, TR_LANGUAGE) VALUES ('frontend', 'OKM-002002', 'Document not found', 'en-GB');
INSERT INTO OKM_TRANSLATION (TR_MODULE, TR_KEY, TR_TEXT, TR_LANGUAGE) VALUES ('frontend', 'OKM-002003', 'Document already exists', 'en-GB');
INSERT INTO OKM_TRANSLATION (TR_MODULE, TR_KEY, TR_TEXT, TR_LANGUAGE) VALUES ('frontend', 'OKM-002004', 'Document locked, operation denied', 'en-GB');
INSERT INTO OKM_TRANSLATION (TR_MODULE, TR_KEY, TR_TEXT, TR_LANGUAGE) VALUES ('frontend', 'OKM-002006', 'Application internal error', 'en-GB');
INSERT INTO OKM_TRANSLATION (TR_MODULE, TR_KEY, TR_TEXT, TR_LANGUAGE) VALUES ('frontend', 'OKM-002009', 'Document access denied', 'en-GB');
INSERT INTO OKM_TRANSLATION (TR_MODULE, TR_KEY, TR_TEXT, TR_LANGUAGE) VALUES ('frontend', 'OKM-002015', 'Document path not found', 'en-GB');
INSERT INTO OKM_TRANSLATION (TR_MODULE, TR_KEY, TR_TEXT, TR_LANGUAGE) VALUES ('frontend', 'OKM-002024', 'Database error', 'en-GB');
INSERT INTO OKM_TRANSLATION (TR_MODULE, TR_KEY, TR_TEXT, TR_LANGUAGE) VALUES ('frontend', 'OKM-0024001', 'Repository error', 'en-GB');
INSERT INTO OKM_TRANSLATION (TR_MODULE, TR_KEY, TR_TEXT, TR_LANGUAGE) VALUES ('frontend', 'OKM-0024013', 'I/O error', 'en-GB');
INSERT INTO OKM_TRANSLATION (TR_MODULE, TR_KEY, TR_TEXT, TR_LANGUAGE) VALUES ('frontend', 'OKM-0024015', 'Path not found error', 'en-GB');
INSERT INTO OKM_TRANSLATION (TR_MODULE, TR_KEY, TR_TEXT, TR_LANGUAGE) VALUES ('frontend', 'OKM-0024019', 'Parse error', 'en-GB');
INSERT INTO OKM_TRANSLATION (TR_MODULE, TR_KEY, TR_TEXT, TR_LANGUAGE) VALUES ('frontend', 'OKM-003017', 'Session lost', 'en-GB');
INSERT INTO OKM_TRANSLATION (TR_MODULE, TR_KEY, TR_TEXT, TR_LANGUAGE) VALUES ('frontend', 'OKM-004001', 'Session closed', 'en-GB');
INSERT INTO OKM_TRANSLATION (TR_MODULE, TR_KEY, TR_TEXT, TR_LANGUAGE) VALUES ('frontend', 'OKM-004024', 'Database error', 'en-GB');
INSERT INTO OKM_TRANSLATION (TR_MODULE, TR_KEY, TR_TEXT, TR_LANGUAGE) VALUES ('frontend', 'OKM-005003', 'Document already exists', 'en-GB');
INSERT INTO OKM_TRANSLATION (TR_MODULE, TR_KEY, TR_TEXT, TR_LANGUAGE) VALUES ('frontend', 'OKM-005010', 'Unsupported file format', 'en-GB');
INSERT INTO OKM_TRANSLATION (TR_MODULE, TR_KEY, TR_TEXT, TR_LANGUAGE) VALUES ('frontend', 'OKM-005011', 'Document size exceeded', 'en-GB');
INSERT INTO OKM_TRANSLATION (TR_MODULE, TR_KEY, TR_TEXT, TR_LANGUAGE) VALUES ('frontend', 'OKM-005027', 'Document name is diferent', 'en-GB');
INSERT INTO OKM_TRANSLATION (TR_MODULE, TR_KEY, TR_TEXT, TR_LANGUAGE) VALUES ('frontend', 'OKM-007001', 'Repository internal error', 'en-GB');
INSERT INTO OKM_TRANSLATION (TR_MODULE, TR_KEY, TR_TEXT, TR_LANGUAGE) VALUES ('frontend', 'OKM-007002', 'Item not found', 'en-GB');
INSERT INTO OKM_TRANSLATION (TR_MODULE, TR_KEY, TR_TEXT, TR_LANGUAGE) VALUES ('frontend', 'OKM-007006', 'Repository internal error', 'en-GB');
INSERT INTO OKM_TRANSLATION (TR_MODULE, TR_KEY, TR_TEXT, TR_LANGUAGE) VALUES ('frontend', 'OKM-007009', 'Item access denied', 'en-GB');
INSERT INTO OKM_TRANSLATION (TR_MODULE, TR_KEY, TR_TEXT, TR_LANGUAGE) VALUES ('frontend', 'OKM-007024', 'Database error', 'en-GB');
INSERT INTO OKM_TRANSLATION (TR_MODULE, TR_KEY, TR_TEXT, TR_LANGUAGE) VALUES ('frontend', 'OKM-008001', 'Generic error executing query', 'en-GB');
INSERT INTO OKM_TRANSLATION (TR_MODULE, TR_KEY, TR_TEXT, TR_LANGUAGE) VALUES ('frontend', 'OKM-008003', 'The stored search name must be unique', 'en-GB');
INSERT INTO OKM_TRANSLATION (TR_MODULE, TR_KEY, TR_TEXT, TR_LANGUAGE) VALUES ('frontend', 'OKM-008024', 'Database error', 'en-GB');
INSERT INTO OKM_TRANSLATION (TR_MODULE, TR_KEY, TR_TEXT, TR_LANGUAGE) VALUES ('frontend', 'OKM-009001', 'Repository internal error', 'en-GB');
INSERT INTO OKM_TRANSLATION (TR_MODULE, TR_KEY, TR_TEXT, TR_LANGUAGE) VALUES ('frontend', 'OKM-009002', 'Document not found', 'en-GB');
INSERT INTO OKM_TRANSLATION (TR_MODULE, TR_KEY, TR_TEXT, TR_LANGUAGE) VALUES ('frontend', 'OKM-009004', 'Locked', 'en-GB');
INSERT INTO OKM_TRANSLATION (TR_MODULE, TR_KEY, TR_TEXT, TR_LANGUAGE) VALUES ('frontend', 'OKM-009006', 'Application internal error', 'en-GB');
INSERT INTO OKM_TRANSLATION (TR_MODULE, TR_KEY, TR_TEXT, TR_LANGUAGE) VALUES ('frontend', 'OKM-009009', 'Access denied', 'en-GB');
INSERT INTO OKM_TRANSLATION (TR_MODULE, TR_KEY, TR_TEXT, TR_LANGUAGE) VALUES ('frontend', 'OKM-009012', 'Group not exists', 'en-GB');
INSERT INTO OKM_TRANSLATION (TR_MODULE, TR_KEY, TR_TEXT, TR_LANGUAGE) VALUES ('frontend', 'OKM-009013', 'Error on I/O', 'en-GB');
INSERT INTO OKM_TRANSLATION (TR_MODULE, TR_KEY, TR_TEXT, TR_LANGUAGE) VALUES ('frontend', 'OKM-009014', 'Property not exists', 'en-GB');
INSERT INTO OKM_TRANSLATION (TR_MODULE, TR_KEY, TR_TEXT, TR_LANGUAGE) VALUES ('frontend', 'OKM-009015', 'Path not exist', 'en-GB');
INSERT INTO OKM_TRANSLATION (TR_MODULE, TR_KEY, TR_TEXT, TR_LANGUAGE) VALUES ('frontend', 'OKM-009024', 'Database error', 'en-GB');
INSERT INTO OKM_TRANSLATION (TR_MODULE, TR_KEY, TR_TEXT, TR_LANGUAGE) VALUES ('frontend', 'OKM-010001', 'Repository internal error', 'en-GB');
INSERT INTO OKM_TRANSLATION (TR_MODULE, TR_KEY, TR_TEXT, TR_LANGUAGE) VALUES ('frontend', 'OKM-010006', 'Application internal error', 'en-GB');
INSERT INTO OKM_TRANSLATION (TR_MODULE, TR_KEY, TR_TEXT, TR_LANGUAGE) VALUES ('frontend', 'OKM-010009', 'Access denied', 'en-GB');
INSERT INTO OKM_TRANSLATION (TR_MODULE, TR_KEY, TR_TEXT, TR_LANGUAGE) VALUES ('frontend', 'OKM-010015', 'Path not found', 'en-GB');
INSERT INTO OKM_TRANSLATION (TR_MODULE, TR_KEY, TR_TEXT, TR_LANGUAGE) VALUES ('frontend', 'OKM-010024', 'Database error', 'en-GB');
INSERT INTO OKM_TRANSLATION (TR_MODULE, TR_KEY, TR_TEXT, TR_LANGUAGE) VALUES ('frontend', 'OKM-011003', 'The bookmark name must be unique', 'en-GB');
INSERT INTO OKM_TRANSLATION (TR_MODULE, TR_KEY, TR_TEXT, TR_LANGUAGE) VALUES ('frontend', 'OKM-012001', 'Repository internal error', 'en-GB');
INSERT INTO OKM_TRANSLATION (TR_MODULE, TR_KEY, TR_TEXT, TR_LANGUAGE) VALUES ('frontend', 'OKM-012006', 'Application internal error', 'en-GB');
INSERT INTO OKM_TRANSLATION (TR_MODULE, TR_KEY, TR_TEXT, TR_LANGUAGE) VALUES ('frontend', 'OKM-012009', 'Access denied', 'en-GB');
INSERT INTO OKM_TRANSLATION (TR_MODULE, TR_KEY, TR_TEXT, TR_LANGUAGE) VALUES ('frontend', 'OKM-012015', 'Path not exist', 'en-GB');
INSERT INTO OKM_TRANSLATION (TR_MODULE, TR_KEY, TR_TEXT, TR_LANGUAGE) VALUES ('frontend', 'OKM-012024', 'Database error', 'en-GB');
INSERT INTO OKM_TRANSLATION (TR_MODULE, TR_KEY, TR_TEXT, TR_LANGUAGE) VALUES ('frontend', 'OKM-013001', 'Repository internal error', 'en-GB');
INSERT INTO OKM_TRANSLATION (TR_MODULE, TR_KEY, TR_TEXT, TR_LANGUAGE) VALUES ('frontend', 'OKM-013024', 'Database error', 'en-GB');
INSERT INTO OKM_TRANSLATION (TR_MODULE, TR_KEY, TR_TEXT, TR_LANGUAGE) VALUES ('frontend', 'OKM-014001', 'Repository internal error', 'en-GB');
INSERT INTO OKM_TRANSLATION (TR_MODULE, TR_KEY, TR_TEXT, TR_LANGUAGE) VALUES ('frontend', 'OKM-014013', 'Error on I/O', 'en-GB');
INSERT INTO OKM_TRANSLATION (TR_MODULE, TR_KEY, TR_TEXT, TR_LANGUAGE) VALUES ('frontend', 'OKM-015001', 'Repository internal error', 'en-GB');
INSERT INTO OKM_TRANSLATION (TR_MODULE, TR_KEY, TR_TEXT, TR_LANGUAGE) VALUES ('frontend', 'OKM-015024', 'Database error', 'en-GB');
INSERT INTO OKM_TRANSLATION (TR_MODULE, TR_KEY, TR_TEXT, TR_LANGUAGE) VALUES ('frontend', 'OKM-016001', 'Repository internal error', 'en-GB');
INSERT INTO OKM_TRANSLATION (TR_MODULE, TR_KEY, TR_TEXT, TR_LANGUAGE) VALUES ('frontend', 'OKM-016002', 'Document not found', 'en-GB');
INSERT INTO OKM_TRANSLATION (TR_MODULE, TR_KEY, TR_TEXT, TR_LANGUAGE) VALUES ('frontend', 'OKM-016003', 'Document already exists', 'en-GB');
INSERT INTO OKM_TRANSLATION (TR_MODULE, TR_KEY, TR_TEXT, TR_LANGUAGE) VALUES ('frontend', 'OKM-016004 ', 'Lock denied', 'en-GB');
INSERT INTO OKM_TRANSLATION (TR_MODULE, TR_KEY, TR_TEXT, TR_LANGUAGE) VALUES ('frontend', 'OKM-016006', 'Application internal error', 'en-GB');
INSERT INTO OKM_TRANSLATION (TR_MODULE, TR_KEY, TR_TEXT, TR_LANGUAGE) VALUES ('frontend', 'OKM-016009', 'Document access denied', 'en-GB');
INSERT INTO OKM_TRANSLATION (TR_MODULE, TR_KEY, TR_TEXT, TR_LANGUAGE) VALUES ('frontend', 'OKM-016015', 'Document path not found', 'en-GB');
INSERT INTO OKM_TRANSLATION (TR_MODULE, TR_KEY, TR_TEXT, TR_LANGUAGE) VALUES ('frontend', 'OKM-016024', 'Database error', 'en-GB');
INSERT INTO OKM_TRANSLATION (TR_MODULE, TR_KEY, TR_TEXT, TR_LANGUAGE) VALUES ('frontend', 'OKM-017001', 'Repository internal error', 'en-GB');
INSERT INTO OKM_TRANSLATION (TR_MODULE, TR_KEY, TR_TEXT, TR_LANGUAGE) VALUES ('frontend', 'OKM-017004', 'Lock denied', 'en-GB');
INSERT INTO OKM_TRANSLATION (TR_MODULE, TR_KEY, TR_TEXT, TR_LANGUAGE) VALUES ('frontend', 'OKM-017009', 'Document access denied', 'en-GB');
INSERT INTO OKM_TRANSLATION (TR_MODULE, TR_KEY, TR_TEXT, TR_LANGUAGE) VALUES ('frontend', 'OKM-017015', 'Document path not found', 'en-GB');
INSERT INTO OKM_TRANSLATION (TR_MODULE, TR_KEY, TR_TEXT, TR_LANGUAGE) VALUES ('frontend', 'OKM-017016', 'Version error', 'en-GB');
INSERT INTO OKM_TRANSLATION (TR_MODULE, TR_KEY, TR_TEXT, TR_LANGUAGE) VALUES ('frontend', 'OKM-018022', 'Error in browser configuration', 'en-GB');
INSERT INTO OKM_TRANSLATION (TR_MODULE, TR_KEY, TR_TEXT, TR_LANGUAGE) VALUES ('frontend', 'OKM-018023', 'Error user quota exceed,  contact with adminitrator', 'en-GB');
INSERT INTO OKM_TRANSLATION (TR_MODULE, TR_KEY, TR_TEXT, TR_LANGUAGE) VALUES ('frontend', 'OKM-019001', 'Repository internal error', 'en-GB');
INSERT INTO OKM_TRANSLATION (TR_MODULE, TR_KEY, TR_TEXT, TR_LANGUAGE) VALUES ('frontend', 'OKM-019006', 'Application internal error', 'en-GB');
INSERT INTO OKM_TRANSLATION (TR_MODULE, TR_KEY, TR_TEXT, TR_LANGUAGE) VALUES ('frontend', 'OKM-019024', 'Database error', 'en-GB');
INSERT INTO OKM_TRANSLATION (TR_MODULE, TR_KEY, TR_TEXT, TR_LANGUAGE) VALUES ('frontend', 'OKM-023001', 'Repository error', 'en-GB');
INSERT INTO OKM_TRANSLATION (TR_MODULE, TR_KEY, TR_TEXT, TR_LANGUAGE) VALUES ('frontend', 'OKM-023024', 'Database error', 'en-GB');
INSERT INTO OKM_TRANSLATION (TR_MODULE, TR_KEY, TR_TEXT, TR_LANGUAGE) VALUES ('frontend', 'OKM-023025', 'Principal Adapter error', 'en-GB');
INSERT INTO OKM_TRANSLATION (TR_MODULE, TR_KEY, TR_TEXT, TR_LANGUAGE) VALUES ('frontend', 'OKM-023029', 'Error in login', 'en-GB');
INSERT INTO OKM_TRANSLATION (TR_MODULE, TR_KEY, TR_TEXT, TR_LANGUAGE) VALUES ('frontend', 'OKM-024024', 'Database error', 'en-GB');
INSERT INTO OKM_TRANSLATION (TR_MODULE, TR_KEY, TR_TEXT, TR_LANGUAGE) VALUES ('frontend', 'OKM-024025', 'Principal Adapter error', 'en-GB');
INSERT INTO OKM_TRANSLATION (TR_MODULE, TR_KEY, TR_TEXT, TR_LANGUAGE) VALUES ('frontend', 'OKM-025024', 'Database error', 'en-GB');
INSERT INTO OKM_TRANSLATION (TR_MODULE, TR_KEY, TR_TEXT, TR_LANGUAGE) VALUES ('frontend', 'OKM-025025', 'Principal Adapter error', 'en-GB');
INSERT INTO OKM_TRANSLATION (TR_MODULE, TR_KEY, TR_TEXT, TR_LANGUAGE) VALUES ('frontend', 'OKM-026001', 'Repository error', 'en-GB');
INSERT INTO OKM_TRANSLATION (TR_MODULE, TR_KEY, TR_TEXT, TR_LANGUAGE) VALUES ('frontend', 'OKM-026003', 'Item exists', 'en-GB');
INSERT INTO OKM_TRANSLATION (TR_MODULE, TR_KEY, TR_TEXT, TR_LANGUAGE) VALUES ('frontend', 'OKM-026004', 'Error document locked', 'en-GB');
INSERT INTO OKM_TRANSLATION (TR_MODULE, TR_KEY, TR_TEXT, TR_LANGUAGE) VALUES ('frontend', 'OKM-026009', 'Access denied', 'en-GB');
INSERT INTO OKM_TRANSLATION (TR_MODULE, TR_KEY, TR_TEXT, TR_LANGUAGE) VALUES ('frontend', 'OKM-026010', 'Unsupported mime types', 'en-GB');
INSERT INTO OKM_TRANSLATION (TR_MODULE, TR_KEY, TR_TEXT, TR_LANGUAGE) VALUES ('frontend', 'OKM-026011', 'Files size exceeded', 'en-GB');
INSERT INTO OKM_TRANSLATION (TR_MODULE, TR_KEY, TR_TEXT, TR_LANGUAGE) VALUES ('frontend', 'OKM-026013', 'I/O error', 'en-GB');
INSERT INTO OKM_TRANSLATION (TR_MODULE, TR_KEY, TR_TEXT, TR_LANGUAGE) VALUES ('frontend', 'OKM-026015', 'Path not found error', 'en-GB');
INSERT INTO OKM_TRANSLATION (TR_MODULE, TR_KEY, TR_TEXT, TR_LANGUAGE) VALUES ('frontend', 'OKM-026016', 'Document version error', 'en-GB');
INSERT INTO OKM_TRANSLATION (TR_MODULE, TR_KEY, TR_TEXT, TR_LANGUAGE) VALUES ('frontend', 'OKM-026023', 'Quota exceeded', 'en-GB');
INSERT INTO OKM_TRANSLATION (TR_MODULE, TR_KEY, TR_TEXT, TR_LANGUAGE) VALUES ('frontend', 'OKM-026024', 'Database error', 'en-GB');
INSERT INTO OKM_TRANSLATION (TR_MODULE, TR_KEY, TR_TEXT, TR_LANGUAGE) VALUES ('frontend', 'OKM-026028', 'Number format error', 'en-GB');
INSERT INTO OKM_TRANSLATION (TR_MODULE, TR_KEY, TR_TEXT, TR_LANGUAGE) VALUES ('frontend', 'OKM-026030', 'Document error', 'en-GB');
INSERT INTO OKM_TRANSLATION (TR_MODULE, TR_KEY, TR_TEXT, TR_LANGUAGE) VALUES ('frontend', 'OKM-026031', 'Eval error', 'en-GB');
INSERT INTO OKM_TRANSLATION (TR_MODULE, TR_KEY, TR_TEXT, TR_LANGUAGE) VALUES ('frontend', 'OKM-026032', 'Virus detected', 'en-GB');
INSERT INTO OKM_TRANSLATION (TR_MODULE, TR_KEY, TR_TEXT, TR_LANGUAGE) VALUES ('frontend', 'OKM-026033', 'Error in file conversion', 'en-GB');
INSERT INTO OKM_TRANSLATION (TR_MODULE, TR_KEY, TR_TEXT, TR_LANGUAGE) VALUES ('frontend', 'about.label', 'About OpenKM', 'en-GB');
INSERT INTO OKM_TRANSLATION (TR_MODULE, TR_KEY, TR_TEXT, TR_LANGUAGE) VALUES ('frontend', 'about.loading', 'Loading ...', 'en-GB');
INSERT INTO OKM_TRANSLATION (TR_MODULE, TR_KEY, TR_TEXT, TR_LANGUAGE) VALUES ('extension', 'activitylog.action', 'Action', 'en-GB');
INSERT INTO OKM_TRANSLATION (TR_MODULE, TR_KEY, TR_TEXT, TR_LANGUAGE) VALUES ('extension', 'activitylog.date', 'Date', 'en-GB');
INSERT INTO OKM_TRANSLATION (TR_MODULE, TR_KEY, TR_TEXT, TR_LANGUAGE) VALUES ('extension', 'activitylog.filter', 'Filter', 'en-GB');
INSERT INTO OKM_TRANSLATION (TR_MODULE, TR_KEY, TR_TEXT, TR_LANGUAGE) VALUES ('extension', 'activitylog.filter.get.childs', 'View ', 'en-GB');
INSERT INTO OKM_TRANSLATION (TR_MODULE, TR_KEY, TR_TEXT, TR_LANGUAGE) VALUES ('extension', 'activitylog.params', 'Parameters', 'en-GB');
INSERT INTO OKM_TRANSLATION (TR_MODULE, TR_KEY, TR_TEXT, TR_LANGUAGE) VALUES ('extension', 'activitylog.tab.get.log', 'Getting activity log', 'en-GB');
INSERT INTO OKM_TRANSLATION (TR_MODULE, TR_KEY, TR_TEXT, TR_LANGUAGE) VALUES ('extension', 'activitylog.tittle', 'Activity log', 'en-GB');
INSERT INTO OKM_TRANSLATION (TR_MODULE, TR_KEY, TR_TEXT, TR_LANGUAGE) VALUES ('extension', 'activitylog.user', 'User', 'en-GB');
INSERT INTO OKM_TRANSLATION (TR_MODULE, TR_KEY, TR_TEXT, TR_LANGUAGE) VALUES ('frontend', 'bookmark.edit.label', 'Edit bookmarks', 'en-GB');
INSERT INTO OKM_TRANSLATION (TR_MODULE, TR_KEY, TR_TEXT, TR_LANGUAGE) VALUES ('frontend', 'bookmark.label', 'Add bookmark', 'en-GB');
INSERT INTO OKM_TRANSLATION (TR_MODULE, TR_KEY, TR_TEXT, TR_LANGUAGE) VALUES ('frontend', 'bookmark.name', 'Name', 'en-GB');
INSERT INTO OKM_TRANSLATION (TR_MODULE, TR_KEY, TR_TEXT, TR_LANGUAGE) VALUES ('frontend', 'bookmark.path', 'Path', 'en-GB');
INSERT INTO OKM_TRANSLATION (TR_MODULE, TR_KEY, TR_TEXT, TR_LANGUAGE) VALUES ('frontend', 'bookmark.type', 'Type', 'en-GB');
INSERT INTO OKM_TRANSLATION (TR_MODULE, TR_KEY, TR_TEXT, TR_LANGUAGE) VALUES ('frontend', 'bookmark.type.document', 'Document', 'en-GB');
INSERT INTO OKM_TRANSLATION (TR_MODULE, TR_KEY, TR_TEXT, TR_LANGUAGE) VALUES ('frontend', 'bookmark.type.folder', 'Folder', 'en-GB');
INSERT INTO OKM_TRANSLATION (TR_MODULE, TR_KEY, TR_TEXT, TR_LANGUAGE) VALUES ('frontend', 'button.accept', 'Accept', 'en-GB');
INSERT INTO OKM_TRANSLATION (TR_MODULE, TR_KEY, TR_TEXT, TR_LANGUAGE) VALUES ('extension', 'button.accept', 'Accept', 'en-GB');
INSERT INTO OKM_TRANSLATION (TR_MODULE, TR_KEY, TR_TEXT, TR_LANGUAGE) VALUES ('frontend', 'button.add', 'Add', 'en-GB');
INSERT INTO OKM_TRANSLATION (TR_MODULE, TR_KEY, TR_TEXT, TR_LANGUAGE) VALUES ('extension', 'button.add.mapping', 'Add mapping', 'en-GB');
INSERT INTO OKM_TRANSLATION (TR_MODULE, TR_KEY, TR_TEXT, TR_LANGUAGE) VALUES ('extension', 'button.add.new.contact', 'New contact', 'en-GB');
INSERT INTO OKM_TRANSLATION (TR_MODULE, TR_KEY, TR_TEXT, TR_LANGUAGE) VALUES ('frontend', 'button.add.new.document', 'Add new document', 'en-GB');
INSERT INTO OKM_TRANSLATION (TR_MODULE, TR_KEY, TR_TEXT, TR_LANGUAGE) VALUES ('frontend', 'button.cancel', 'Cancel', 'en-GB');
INSERT INTO OKM_TRANSLATION (TR_MODULE, TR_KEY, TR_TEXT, TR_LANGUAGE) VALUES ('extension', 'button.cancel', 'Cancel', 'en-GB');
INSERT INTO OKM_TRANSLATION (TR_MODULE, TR_KEY, TR_TEXT, TR_LANGUAGE) VALUES ('frontend', 'button.change', 'Change', 'en-GB');
INSERT INTO OKM_TRANSLATION (TR_MODULE, TR_KEY, TR_TEXT, TR_LANGUAGE) VALUES ('frontend', 'button.clean', 'Clean', 'en-GB');
INSERT INTO OKM_TRANSLATION (TR_MODULE, TR_KEY, TR_TEXT, TR_LANGUAGE) VALUES ('frontend', 'button.close', 'Close', 'en-GB');
INSERT INTO OKM_TRANSLATION (TR_MODULE, TR_KEY, TR_TEXT, TR_LANGUAGE) VALUES ('extension', 'button.close', 'Close', 'en-GB');
INSERT INTO OKM_TRANSLATION (TR_MODULE, TR_KEY, TR_TEXT, TR_LANGUAGE) VALUES ('frontend', 'button.copy', 'Copy', 'en-GB');
INSERT INTO OKM_TRANSLATION (TR_MODULE, TR_KEY, TR_TEXT, TR_LANGUAGE) VALUES ('frontend', 'button.copy.clipboard', 'Copy to clipboard', 'en-GB');
INSERT INTO OKM_TRANSLATION (TR_MODULE, TR_KEY, TR_TEXT, TR_LANGUAGE) VALUES ('frontend', 'button.create', 'Create', 'en-GB');
INSERT INTO OKM_TRANSLATION (TR_MODULE, TR_KEY, TR_TEXT, TR_LANGUAGE) VALUES ('frontend', 'button.delete', 'Delete', 'en-GB');
INSERT INTO OKM_TRANSLATION (TR_MODULE, TR_KEY, TR_TEXT, TR_LANGUAGE) VALUES ('frontend', 'button.execute', 'Execute', 'en-GB');
INSERT INTO OKM_TRANSLATION (TR_MODULE, TR_KEY, TR_TEXT, TR_LANGUAGE) VALUES ('extension', 'button.list', 'List', 'en-GB');
INSERT INTO OKM_TRANSLATION (TR_MODULE, TR_KEY, TR_TEXT, TR_LANGUAGE) VALUES ('extension', 'button.login', 'Login', 'en-GB');
INSERT INTO OKM_TRANSLATION (TR_MODULE, TR_KEY, TR_TEXT, TR_LANGUAGE) VALUES ('frontend', 'button.logout', 'Logout', 'en-GB');
INSERT INTO OKM_TRANSLATION (TR_MODULE, TR_KEY, TR_TEXT, TR_LANGUAGE) VALUES ('frontend', 'button.memory', 'Update', 'en-GB');
INSERT INTO OKM_TRANSLATION (TR_MODULE, TR_KEY, TR_TEXT, TR_LANGUAGE) VALUES ('frontend', 'button.move', 'Move', 'en-GB');
INSERT INTO OKM_TRANSLATION (TR_MODULE, TR_KEY, TR_TEXT, TR_LANGUAGE) VALUES ('frontend', 'button.next', 'Next', 'en-GB');
INSERT INTO OKM_TRANSLATION (TR_MODULE, TR_KEY, TR_TEXT, TR_LANGUAGE) VALUES ('frontend', 'button.restore', 'Restore', 'en-GB');
INSERT INTO OKM_TRANSLATION (TR_MODULE, TR_KEY, TR_TEXT, TR_LANGUAGE) VALUES ('frontend', 'button.save.search', 'Save search', 'en-GB');
INSERT INTO OKM_TRANSLATION (TR_MODULE, TR_KEY, TR_TEXT, TR_LANGUAGE) VALUES ('frontend', 'button.search', 'Search', 'en-GB');
INSERT INTO OKM_TRANSLATION (TR_MODULE, TR_KEY, TR_TEXT, TR_LANGUAGE) VALUES ('frontend', 'button.select', 'Select', 'en-GB');
INSERT INTO OKM_TRANSLATION (TR_MODULE, TR_KEY, TR_TEXT, TR_LANGUAGE) VALUES ('extension', 'button.send', 'Send', 'en-GB');
INSERT INTO OKM_TRANSLATION (TR_MODULE, TR_KEY, TR_TEXT, TR_LANGUAGE) VALUES ('frontend', 'button.show', 'Show', 'en-GB');
INSERT INTO OKM_TRANSLATION (TR_MODULE, TR_KEY, TR_TEXT, TR_LANGUAGE) VALUES ('extension', 'button.stamp', 'Stamp', 'en-GB');
INSERT INTO OKM_TRANSLATION (TR_MODULE, TR_KEY, TR_TEXT, TR_LANGUAGE) VALUES ('frontend', 'button.start', 'Start', 'en-GB');
INSERT INTO OKM_TRANSLATION (TR_MODULE, TR_KEY, TR_TEXT, TR_LANGUAGE) VALUES ('extension', 'button.subscribe', 'Subscribe', 'en-GB');
INSERT INTO OKM_TRANSLATION (TR_MODULE, TR_KEY, TR_TEXT, TR_LANGUAGE) VALUES ('frontend', 'button.test', 'Test', 'en-GB');
INSERT INTO OKM_TRANSLATION (TR_MODULE, TR_KEY, TR_TEXT, TR_LANGUAGE) VALUES ('frontend', 'button.update', 'Update', 'en-GB');
INSERT INTO OKM_TRANSLATION (TR_MODULE, TR_KEY, TR_TEXT, TR_LANGUAGE) VALUES ('frontend', 'button.update.document', 'Update document', 'en-GB');
INSERT INTO OKM_TRANSLATION (TR_MODULE, TR_KEY, TR_TEXT, TR_LANGUAGE) VALUES ('frontend', 'button.view', 'View', 'en-GB');
INSERT INTO OKM_TRANSLATION (TR_MODULE, TR_KEY, TR_TEXT, TR_LANGUAGE) VALUES ('frontend', 'calendar.day.friday', 'Friday', 'en-GB');
INSERT INTO OKM_TRANSLATION (TR_MODULE, TR_KEY, TR_TEXT, TR_LANGUAGE) VALUES ('frontend', 'calendar.day.monday', 'Monday', 'en-GB');
INSERT INTO OKM_TRANSLATION (TR_MODULE, TR_KEY, TR_TEXT, TR_LANGUAGE) VALUES ('frontend', 'calendar.day.saturday', 'Saturday', 'en-GB');
INSERT INTO OKM_TRANSLATION (TR_MODULE, TR_KEY, TR_TEXT, TR_LANGUAGE) VALUES ('frontend', 'calendar.day.sunday', 'Sunday', 'en-GB');
INSERT INTO OKM_TRANSLATION (TR_MODULE, TR_KEY, TR_TEXT, TR_LANGUAGE) VALUES ('frontend', 'calendar.day.thursday', 'Thursday', 'en-GB');
INSERT INTO OKM_TRANSLATION (TR_MODULE, TR_KEY, TR_TEXT, TR_LANGUAGE) VALUES ('frontend', 'calendar.day.tuesday', 'Tuesday', 'en-GB');
INSERT INTO OKM_TRANSLATION (TR_MODULE, TR_KEY, TR_TEXT, TR_LANGUAGE) VALUES ('frontend', 'calendar.day.wednesday', 'Wednesday', 'en-GB');
INSERT INTO OKM_TRANSLATION (TR_MODULE, TR_KEY, TR_TEXT, TR_LANGUAGE) VALUES ('frontend', 'calendar.month.april', 'April', 'en-GB');
INSERT INTO OKM_TRANSLATION (TR_MODULE, TR_KEY, TR_TEXT, TR_LANGUAGE) VALUES ('frontend', 'calendar.month.august', 'August', 'en-GB');
INSERT INTO OKM_TRANSLATION (TR_MODULE, TR_KEY, TR_TEXT, TR_LANGUAGE) VALUES ('frontend', 'calendar.month.december', 'December', 'en-GB');
INSERT INTO OKM_TRANSLATION (TR_MODULE, TR_KEY, TR_TEXT, TR_LANGUAGE) VALUES ('frontend', 'calendar.month.february', 'February', 'en-GB');
INSERT INTO OKM_TRANSLATION (TR_MODULE, TR_KEY, TR_TEXT, TR_LANGUAGE) VALUES ('frontend', 'calendar.month.january', 'January', 'en-GB');
INSERT INTO OKM_TRANSLATION (TR_MODULE, TR_KEY, TR_TEXT, TR_LANGUAGE) VALUES ('frontend', 'calendar.month.july', 'July', 'en-GB');
INSERT INTO OKM_TRANSLATION (TR_MODULE, TR_KEY, TR_TEXT, TR_LANGUAGE) VALUES ('frontend', 'calendar.month.june', 'June', 'en-GB');
INSERT INTO OKM_TRANSLATION (TR_MODULE, TR_KEY, TR_TEXT, TR_LANGUAGE) VALUES ('frontend', 'calendar.month.march', 'March', 'en-GB');
INSERT INTO OKM_TRANSLATION (TR_MODULE, TR_KEY, TR_TEXT, TR_LANGUAGE) VALUES ('frontend', 'calendar.month.may', 'May', 'en-GB');
INSERT INTO OKM_TRANSLATION (TR_MODULE, TR_KEY, TR_TEXT, TR_LANGUAGE) VALUES ('frontend', 'calendar.month.november', 'November', 'en-GB');
INSERT INTO OKM_TRANSLATION (TR_MODULE, TR_KEY, TR_TEXT, TR_LANGUAGE) VALUES ('frontend', 'calendar.month.october', 'October', 'en-GB');
INSERT INTO OKM_TRANSLATION (TR_MODULE, TR_KEY, TR_TEXT, TR_LANGUAGE) VALUES ('frontend', 'calendar.month.september', 'September', 'en-GB');
INSERT INTO OKM_TRANSLATION (TR_MODULE, TR_KEY, TR_TEXT, TR_LANGUAGE) VALUES ('frontend', 'categories.folder.error.delete', 'Cannot delete category with documents', 'en-GB');
INSERT INTO OKM_TRANSLATION (TR_MODULE, TR_KEY, TR_TEXT, TR_LANGUAGE) VALUES ('frontend', 'categories.folder.select.label', 'Add category', 'en-GB');
INSERT INTO OKM_TRANSLATION (TR_MODULE, TR_KEY, TR_TEXT, TR_LANGUAGE) VALUES ('frontend', 'chat.room', 'Chat', 'en-GB');
INSERT INTO OKM_TRANSLATION (TR_MODULE, TR_KEY, TR_TEXT, TR_LANGUAGE) VALUES ('frontend', 'chat.users.in.room', 'Users', 'en-GB');
INSERT INTO OKM_TRANSLATION (TR_MODULE, TR_KEY, TR_TEXT, TR_LANGUAGE) VALUES ('extension', 'confirm.delete.contact', 'Do you really want to delete this contact ?', 'en-GB');
INSERT INTO OKM_TRANSLATION (TR_MODULE, TR_KEY, TR_TEXT, TR_LANGUAGE) VALUES ('frontend', 'confirm.delete.document', 'Do you really want to delete this document ?', 'en-GB');
INSERT INTO OKM_TRANSLATION (TR_MODULE, TR_KEY, TR_TEXT, TR_LANGUAGE) VALUES ('frontend', 'confirm.delete.folder', 'Do you really want to delete this folder ?', 'en-GB');
INSERT INTO OKM_TRANSLATION (TR_MODULE, TR_KEY, TR_TEXT, TR_LANGUAGE) VALUES ('extension', 'confirm.delete.forum', 'Do you really want to delete this forum ?', 'en-GB');
INSERT INTO OKM_TRANSLATION (TR_MODULE, TR_KEY, TR_TEXT, TR_LANGUAGE) VALUES ('frontend', 'confirm.delete.mail', 'Do you really want to delete this mail ?', 'en-GB');
INSERT INTO OKM_TRANSLATION (TR_MODULE, TR_KEY, TR_TEXT, TR_LANGUAGE) VALUES ('extension', 'confirm.delete.message.proposed.query', 'Do you really want to delete proposed subscription ?', 'en-GB');
INSERT INTO OKM_TRANSLATION (TR_MODULE, TR_KEY, TR_TEXT, TR_LANGUAGE) VALUES ('extension', 'confirm.delete.message.proposed.query.from.user', 'Do you really want to delete proposed query from this user ?', 'en-GB');
INSERT INTO OKM_TRANSLATION (TR_MODULE, TR_KEY, TR_TEXT, TR_LANGUAGE) VALUES ('extension', 'confirm.delete.message.proposed.query.sent', 'Do you really want to delete proposed query sent ?', 'en-GB');
INSERT INTO OKM_TRANSLATION (TR_MODULE, TR_KEY, TR_TEXT, TR_LANGUAGE) VALUES ('extension', 'confirm.delete.message.proposed.subscription', 'Do you really want to delete proposed subscription ?', 'en-GB');
INSERT INTO OKM_TRANSLATION (TR_MODULE, TR_KEY, TR_TEXT, TR_LANGUAGE) VALUES ('extension', 'confirm.delete.message.proposed.subscription.from.user', 'Do you really want to delete proposed subscription from this user ?', 'en-GB');
INSERT INTO OKM_TRANSLATION (TR_MODULE, TR_KEY, TR_TEXT, TR_LANGUAGE) VALUES ('extension', 'confirm.delete.message.proposed.subscription.sent', 'Do you really want to delete proposed sent subscription ?', 'en-GB');
INSERT INTO OKM_TRANSLATION (TR_MODULE, TR_KEY, TR_TEXT, TR_LANGUAGE) VALUES ('extension', 'confirm.delete.message.received', 'Do you really want to delete this received message ?', 'en-GB');
INSERT INTO OKM_TRANSLATION (TR_MODULE, TR_KEY, TR_TEXT, TR_LANGUAGE) VALUES ('extension', 'confirm.delete.message.received.from.user', 'Do you really want to delete all received messages from this user?', 'en-GB');
INSERT INTO OKM_TRANSLATION (TR_MODULE, TR_KEY, TR_TEXT, TR_LANGUAGE) VALUES ('extension', 'confirm.delete.message.sent', 'Do you really want to delete this sent message ?', 'en-GB');
INSERT INTO OKM_TRANSLATION (TR_MODULE, TR_KEY, TR_TEXT, TR_LANGUAGE) VALUES ('extension', 'confirm.delete.message.sent.to.user', 'Do you really want to delete all messages sent to user ?', 'en-GB');
INSERT INTO OKM_TRANSLATION (TR_MODULE, TR_KEY, TR_TEXT, TR_LANGUAGE) VALUES ('extension', 'confirm.delete.post', 'Do you really want to delete this post ?', 'en-GB');
INSERT INTO OKM_TRANSLATION (TR_MODULE, TR_KEY, TR_TEXT, TR_LANGUAGE) VALUES ('frontend', 'confirm.delete.propety.group', 'Do you really want to delete this property group ?', 'en-GB');
INSERT INTO OKM_TRANSLATION (TR_MODULE, TR_KEY, TR_TEXT, TR_LANGUAGE) VALUES ('frontend', 'confirm.delete.saved.search', 'Do you really want to delete this saved search ?', 'en-GB');
INSERT INTO OKM_TRANSLATION (TR_MODULE, TR_KEY, TR_TEXT, TR_LANGUAGE) VALUES ('frontend', 'confirm.delete.trash', 'Do you really want to empty trash ?', 'en-GB');
INSERT INTO OKM_TRANSLATION (TR_MODULE, TR_KEY, TR_TEXT, TR_LANGUAGE) VALUES ('frontend', 'confirm.delete.user.news', 'Do you really want to delete user news ?', 'en-GB');
INSERT INTO OKM_TRANSLATION (TR_MODULE, TR_KEY, TR_TEXT, TR_LANGUAGE) VALUES ('frontend', 'confirm.force.cancel.checkout', 'Do you really want to force the document cancel checkout ?', 'en-GB');
INSERT INTO OKM_TRANSLATION (TR_MODULE, TR_KEY, TR_TEXT, TR_LANGUAGE) VALUES ('frontend', 'confirm.force.unlock', 'Do you really want to force the document unlock ?', 'en-GB');
INSERT INTO OKM_TRANSLATION (TR_MODULE, TR_KEY, TR_TEXT, TR_LANGUAGE) VALUES ('frontend', 'confirm.get.pooled.workflow.task', 'Do you want to assign this task to you ?', 'en-GB');
INSERT INTO OKM_TRANSLATION (TR_MODULE, TR_KEY, TR_TEXT, TR_LANGUAGE) VALUES ('frontend', 'confirm.label', 'Confirmation', 'en-GB');
INSERT INTO OKM_TRANSLATION (TR_MODULE, TR_KEY, TR_TEXT, TR_LANGUAGE) VALUES ('frontend', 'confirm.purge.document', 'Do you really want to delete this document ?', 'en-GB');
INSERT INTO OKM_TRANSLATION (TR_MODULE, TR_KEY, TR_TEXT, TR_LANGUAGE) VALUES ('frontend', 'confirm.purge.folder', 'Do you really want to delete this folder ?', 'en-GB');
INSERT INTO OKM_TRANSLATION (TR_MODULE, TR_KEY, TR_TEXT, TR_LANGUAGE) VALUES ('frontend', 'confirm.purge.restore.document', 'Do you really want to restore to this document version ?', 'en-GB');
INSERT INTO OKM_TRANSLATION (TR_MODULE, TR_KEY, TR_TEXT, TR_LANGUAGE) VALUES ('frontend', 'confirm.purge.version.history.document', 'Do you really want to delete document history ?', 'en-GB');
INSERT INTO OKM_TRANSLATION (TR_MODULE, TR_KEY, TR_TEXT, TR_LANGUAGE) VALUES ('frontend', 'confirm.set.default.home', 'Do you really want to set default home ?', 'en-GB');
INSERT INTO OKM_TRANSLATION (TR_MODULE, TR_KEY, TR_TEXT, TR_LANGUAGE) VALUES ('extension', 'contact.google.getting.contacts', 'Getting contacts', 'en-GB');
INSERT INTO OKM_TRANSLATION (TR_MODULE, TR_KEY, TR_TEXT, TR_LANGUAGE) VALUES ('extension', 'contact.google.getting.groups', 'Getting groups', 'en-GB');
INSERT INTO OKM_TRANSLATION (TR_MODULE, TR_KEY, TR_TEXT, TR_LANGUAGE) VALUES ('extension', 'contact.google.groups', 'Groups', 'en-GB');
INSERT INTO OKM_TRANSLATION (TR_MODULE, TR_KEY, TR_TEXT, TR_LANGUAGE) VALUES ('extension', 'contact.google.login', 'Login in Google', 'en-GB');
INSERT INTO OKM_TRANSLATION (TR_MODULE, TR_KEY, TR_TEXT, TR_LANGUAGE) VALUES ('extension', 'contact.google.login.error', 'Login error', 'en-GB');
INSERT INTO OKM_TRANSLATION (TR_MODULE, TR_KEY, TR_TEXT, TR_LANGUAGE) VALUES ('extension', 'contact.google.login.ok', 'Logged to google', 'en-GB');
INSERT INTO OKM_TRANSLATION (TR_MODULE, TR_KEY, TR_TEXT, TR_LANGUAGE) VALUES ('extension', 'contact.google.password', 'Password', 'en-GB');
INSERT INTO OKM_TRANSLATION (TR_MODULE, TR_KEY, TR_TEXT, TR_LANGUAGE) VALUES ('extension', 'contact.google.size', 'Size', 'en-GB');
INSERT INTO OKM_TRANSLATION (TR_MODULE, TR_KEY, TR_TEXT, TR_LANGUAGE) VALUES ('extension', 'contact.google.synchronized', 'Contacts synchronized', 'en-GB');
INSERT INTO OKM_TRANSLATION (TR_MODULE, TR_KEY, TR_TEXT, TR_LANGUAGE) VALUES ('extension', 'contact.google.synchronizing', 'Synchronizing contacts', 'en-GB');
INSERT INTO OKM_TRANSLATION (TR_MODULE, TR_KEY, TR_TEXT, TR_LANGUAGE) VALUES ('extension', 'contact.google.title', 'Google Contacts Synchronization', 'en-GB');
INSERT INTO OKM_TRANSLATION (TR_MODULE, TR_KEY, TR_TEXT, TR_LANGUAGE) VALUES ('extension', 'contact.google.user', 'User', 'en-GB');
INSERT INTO OKM_TRANSLATION (TR_MODULE, TR_KEY, TR_TEXT, TR_LANGUAGE) VALUES ('extension', 'contact.manage', 'Manage contacts', 'en-GB');
INSERT INTO OKM_TRANSLATION (TR_MODULE, TR_KEY, TR_TEXT, TR_LANGUAGE) VALUES ('extension', 'contact.manager.address', 'Address', 'en-GB');
INSERT INTO OKM_TRANSLATION (TR_MODULE, TR_KEY, TR_TEXT, TR_LANGUAGE) VALUES ('extension', 'contact.manager.city', 'City', 'en-GB');
INSERT INTO OKM_TRANSLATION (TR_MODULE, TR_KEY, TR_TEXT, TR_LANGUAGE) VALUES ('extension', 'contact.manager.country', 'Country', 'en-GB');
INSERT INTO OKM_TRANSLATION (TR_MODULE, TR_KEY, TR_TEXT, TR_LANGUAGE) VALUES ('extension', 'contact.manager.fax', 'Fax', 'en-GB');
INSERT INTO OKM_TRANSLATION (TR_MODULE, TR_KEY, TR_TEXT, TR_LANGUAGE) VALUES ('extension', 'contact.manager.mail', 'Mail', 'en-GB');
INSERT INTO OKM_TRANSLATION (TR_MODULE, TR_KEY, TR_TEXT, TR_LANGUAGE) VALUES ('extension', 'contact.manager.mobile', 'Mobile', 'en-GB');
INSERT INTO OKM_TRANSLATION (TR_MODULE, TR_KEY, TR_TEXT, TR_LANGUAGE) VALUES ('extension', 'contact.manager.name', 'Name', 'en-GB');
INSERT INTO OKM_TRANSLATION (TR_MODULE, TR_KEY, TR_TEXT, TR_LANGUAGE) VALUES ('extension', 'contact.manager.notes', 'Notes', 'en-GB');
INSERT INTO OKM_TRANSLATION (TR_MODULE, TR_KEY, TR_TEXT, TR_LANGUAGE) VALUES ('extension', 'contact.manager.phone', 'Phone', 'en-GB');
INSERT INTO OKM_TRANSLATION (TR_MODULE, TR_KEY, TR_TEXT, TR_LANGUAGE) VALUES ('extension', 'contact.manager.postal.code', 'Postcode', 'en-GB');
INSERT INTO OKM_TRANSLATION (TR_MODULE, TR_KEY, TR_TEXT, TR_LANGUAGE) VALUES ('extension', 'contact.manager.province', 'Province', 'en-GB');
INSERT INTO OKM_TRANSLATION (TR_MODULE, TR_KEY, TR_TEXT, TR_LANGUAGE) VALUES ('extension', 'contact.manager.web', 'Web', 'en-GB');
INSERT INTO OKM_TRANSLATION (TR_MODULE, TR_KEY, TR_TEXT, TR_LANGUAGE) VALUES ('extension', 'contact.mapping.key', 'Google custom field', 'en-GB');
INSERT INTO OKM_TRANSLATION (TR_MODULE, TR_KEY, TR_TEXT, TR_LANGUAGE) VALUES ('extension', 'contact.mapping.to', 'Mapped to', 'en-GB');
INSERT INTO OKM_TRANSLATION (TR_MODULE, TR_KEY, TR_TEXT, TR_LANGUAGE) VALUES ('extension', 'contact.menu', 'Contacts', 'en-GB');
INSERT INTO OKM_TRANSLATION (TR_MODULE, TR_KEY, TR_TEXT, TR_LANGUAGE) VALUES ('extension', 'contact.popup.list', 'Select contacts', 'en-GB');
INSERT INTO OKM_TRANSLATION (TR_MODULE, TR_KEY, TR_TEXT, TR_LANGUAGE) VALUES ('extension', 'contact.popup.manage', 'Manage contacts', 'en-GB');
INSERT INTO OKM_TRANSLATION (TR_MODULE, TR_KEY, TR_TEXT, TR_LANGUAGE) VALUES ('extension', 'contact.synchornize', 'Synchronize', 'en-GB');
INSERT INTO OKM_TRANSLATION (TR_MODULE, TR_KEY, TR_TEXT, TR_LANGUAGE) VALUES ('extension', 'contact.tab.add.contacts', 'Adding contact', 'en-GB');
INSERT INTO OKM_TRANSLATION (TR_MODULE, TR_KEY, TR_TEXT, TR_LANGUAGE) VALUES ('extension', 'contact.tab.create.contacts', 'Creating contact', 'en-GB');
INSERT INTO OKM_TRANSLATION (TR_MODULE, TR_KEY, TR_TEXT, TR_LANGUAGE) VALUES ('extension', 'contact.tab.delete.contacts', 'Deleting contact', 'en-GB');
INSERT INTO OKM_TRANSLATION (TR_MODULE, TR_KEY, TR_TEXT, TR_LANGUAGE) VALUES ('extension', 'contact.tab.document.tittle', 'Contacts', 'en-GB');
INSERT INTO OKM_TRANSLATION (TR_MODULE, TR_KEY, TR_TEXT, TR_LANGUAGE) VALUES ('extension', 'contact.tab.get.contacts', 'Getting contacts', 'en-GB');
INSERT INTO OKM_TRANSLATION (TR_MODULE, TR_KEY, TR_TEXT, TR_LANGUAGE) VALUES ('extension', 'contact.tab.update.contacts', 'Updating contact', 'en-GB');
INSERT INTO OKM_TRANSLATION (TR_MODULE, TR_KEY, TR_TEXT, TR_LANGUAGE) VALUES ('extension', 'crypt.cryptography', 'Cryptography', 'en-GB');
INSERT INTO OKM_TRANSLATION (TR_MODULE, TR_KEY, TR_TEXT, TR_LANGUAGE) VALUES ('extension', 'crypt.document.checkin', 'Checkin crypted document', 'en-GB');
INSERT INTO OKM_TRANSLATION (TR_MODULE, TR_KEY, TR_TEXT, TR_LANGUAGE) VALUES ('extension', 'crypt.document.checkout', 'Edit crypted document', 'en-GB');
INSERT INTO OKM_TRANSLATION (TR_MODULE, TR_KEY, TR_TEXT, TR_LANGUAGE) VALUES ('extension', 'crypt.document.decrypt', 'Download decrypted document', 'en-GB');
INSERT INTO OKM_TRANSLATION (TR_MODULE, TR_KEY, TR_TEXT, TR_LANGUAGE) VALUES ('extension', 'crypt.document.decrypt.existing', 'Decrypt document', 'en-GB');
INSERT INTO OKM_TRANSLATION (TR_MODULE, TR_KEY, TR_TEXT, TR_LANGUAGE) VALUES ('extension', 'crypt.document.encrypt', 'Add new encrypted document', 'en-GB');
INSERT INTO OKM_TRANSLATION (TR_MODULE, TR_KEY, TR_TEXT, TR_LANGUAGE) VALUES ('extension', 'crypt.document.encrypt.existing', 'Encrypt document', 'en-GB');
INSERT INTO OKM_TRANSLATION (TR_MODULE, TR_KEY, TR_TEXT, TR_LANGUAGE) VALUES ('extension', 'crypt.loading', 'Cryptography loading ...', 'en-GB');
INSERT INTO OKM_TRANSLATION (TR_MODULE, TR_KEY, TR_TEXT, TR_LANGUAGE) VALUES ('extension', 'dasboard.messaging.add.query', 'Adding query', 'en-GB');
INSERT INTO OKM_TRANSLATION (TR_MODULE, TR_KEY, TR_TEXT, TR_LANGUAGE) VALUES ('extension', 'dasboard.messaging.add.subscription', 'Adding subscription', 'en-GB');
INSERT INTO OKM_TRANSLATION (TR_MODULE, TR_KEY, TR_TEXT, TR_LANGUAGE) VALUES ('extension', 'dasboard.messaging.delete.message.received', 'Deleting received message', 'en-GB');
INSERT INTO OKM_TRANSLATION (TR_MODULE, TR_KEY, TR_TEXT, TR_LANGUAGE) VALUES ('extension', 'dasboard.messaging.delete.message.sent', 'Deleting sent message', 'en-GB');
INSERT INTO OKM_TRANSLATION (TR_MODULE, TR_KEY, TR_TEXT, TR_LANGUAGE) VALUES ('extension', 'dasboard.messaging.delete.propose', 'Deleting propose', 'en-GB');
INSERT INTO OKM_TRANSLATION (TR_MODULE, TR_KEY, TR_TEXT, TR_LANGUAGE) VALUES ('extension', 'dasboard.messaging.delete.proposed.query', 'Deleting proposed query', 'en-GB');
INSERT INTO OKM_TRANSLATION (TR_MODULE, TR_KEY, TR_TEXT, TR_LANGUAGE) VALUES ('extension', 'dasboard.messaging.delete.proposed.subscriptions', 'Deleting proposed subscriptions', 'en-GB');
INSERT INTO OKM_TRANSLATION (TR_MODULE, TR_KEY, TR_TEXT, TR_LANGUAGE) VALUES ('extension', 'dasboard.messaging.get.message.sent', 'Getting message sent', 'en-GB');
INSERT INTO OKM_TRANSLATION (TR_MODULE, TR_KEY, TR_TEXT, TR_LANGUAGE) VALUES ('extension', 'dasboard.messaging.get.messages.received', 'Getting messages received', 'en-GB');
INSERT INTO OKM_TRANSLATION (TR_MODULE, TR_KEY, TR_TEXT, TR_LANGUAGE) VALUES ('extension', 'dasboard.messaging.get.messages.sent', 'Getting messages sent', 'en-GB');
INSERT INTO OKM_TRANSLATION (TR_MODULE, TR_KEY, TR_TEXT, TR_LANGUAGE) VALUES ('extension', 'dasboard.messaging.get.proposed.queries', 'Getting proposed queries', 'en-GB');
INSERT INTO OKM_TRANSLATION (TR_MODULE, TR_KEY, TR_TEXT, TR_LANGUAGE) VALUES ('extension', 'dasboard.messaging.get.proposed.subscriptions', 'Getting proposed subscriptions', 'en-GB');
INSERT INTO OKM_TRANSLATION (TR_MODULE, TR_KEY, TR_TEXT, TR_LANGUAGE) VALUES ('extension', 'dasboard.messaging.mark.message.received.seen', 'Mark message received as seen', 'en-GB');
INSERT INTO OKM_TRANSLATION (TR_MODULE, TR_KEY, TR_TEXT, TR_LANGUAGE) VALUES ('extension', 'dasboard.messaging.mark.propose.accepted', 'Mark propose as accepted', 'en-GB');
INSERT INTO OKM_TRANSLATION (TR_MODULE, TR_KEY, TR_TEXT, TR_LANGUAGE) VALUES ('extension', 'dasboard.messaging.mark.propose.seen', 'Mark propose as seen', 'en-GB');
INSERT INTO OKM_TRANSLATION (TR_MODULE, TR_KEY, TR_TEXT, TR_LANGUAGE) VALUES ('frontend', 'dashboard.general.last.month.top.downloaded.documents', 'Last month top viewed documents', 'en-GB');
INSERT INTO OKM_TRANSLATION (TR_MODULE, TR_KEY, TR_TEXT, TR_LANGUAGE) VALUES ('frontend', 'dashboard.general.last.month.top.modified.documents', 'Last month top viewed documents', 'en-GB');
INSERT INTO OKM_TRANSLATION (TR_MODULE, TR_KEY, TR_TEXT, TR_LANGUAGE) VALUES ('frontend', 'dashboard.general.last.uploaded.documents', 'Last uploaded documents', 'en-GB');
INSERT INTO OKM_TRANSLATION (TR_MODULE, TR_KEY, TR_TEXT, TR_LANGUAGE) VALUES ('frontend', 'dashboard.general.last.week.top.downloaded.documents', 'Last week top viewed documents', 'en-GB');
INSERT INTO OKM_TRANSLATION (TR_MODULE, TR_KEY, TR_TEXT, TR_LANGUAGE) VALUES ('frontend', 'dashboard.general.last.week.top.modified.documents', 'Last week top modified documents', 'en-GB');
INSERT INTO OKM_TRANSLATION (TR_MODULE, TR_KEY, TR_TEXT, TR_LANGUAGE) VALUES ('frontend', 'dashboard.keyword', 'Keywords', 'en-GB');
INSERT INTO OKM_TRANSLATION (TR_MODULE, TR_KEY, TR_TEXT, TR_LANGUAGE) VALUES ('frontend', 'dashboard.keyword.all', 'All keywords', 'en-GB');
INSERT INTO OKM_TRANSLATION (TR_MODULE, TR_KEY, TR_TEXT, TR_LANGUAGE) VALUES ('frontend', 'dashboard.keyword.clean.keywords', 'Clean keywords', 'en-GB');
INSERT INTO OKM_TRANSLATION (TR_MODULE, TR_KEY, TR_TEXT, TR_LANGUAGE) VALUES ('frontend', 'dashboard.keyword.goto.document', 'Go to document', 'en-GB');
INSERT INTO OKM_TRANSLATION (TR_MODULE, TR_KEY, TR_TEXT, TR_LANGUAGE) VALUES ('frontend', 'dashboard.keyword.related', 'Related keywords', 'en-GB');
INSERT INTO OKM_TRANSLATION (TR_MODULE, TR_KEY, TR_TEXT, TR_LANGUAGE) VALUES ('frontend', 'dashboard.keyword.suggest', 'Type the keyword', 'en-GB');
INSERT INTO OKM_TRANSLATION (TR_MODULE, TR_KEY, TR_TEXT, TR_LANGUAGE) VALUES ('frontend', 'dashboard.keyword.top', 'Top keywords', 'en-GB');
INSERT INTO OKM_TRANSLATION (TR_MODULE, TR_KEY, TR_TEXT, TR_LANGUAGE) VALUES ('frontend', 'dashboard.mail.last.imported.attached.documents', 'Attachments', 'en-GB');
INSERT INTO OKM_TRANSLATION (TR_MODULE, TR_KEY, TR_TEXT, TR_LANGUAGE) VALUES ('frontend', 'dashboard.mail.last.imported.mails', 'Electronic mails', 'en-GB');
INSERT INTO OKM_TRANSLATION (TR_MODULE, TR_KEY, TR_TEXT, TR_LANGUAGE) VALUES ('frontend', 'dashboard.new.items', 'New', 'en-GB');
INSERT INTO OKM_TRANSLATION (TR_MODULE, TR_KEY, TR_TEXT, TR_LANGUAGE) VALUES ('frontend', 'dashboard.refreshing', 'Refreshing', 'en-GB');
INSERT INTO OKM_TRANSLATION (TR_MODULE, TR_KEY, TR_TEXT, TR_LANGUAGE) VALUES ('frontend', 'dashboard.tab.general', 'General', 'en-GB');
INSERT INTO OKM_TRANSLATION (TR_MODULE, TR_KEY, TR_TEXT, TR_LANGUAGE) VALUES ('frontend', 'dashboard.tab.keymap', 'Keyword map', 'en-GB');
INSERT INTO OKM_TRANSLATION (TR_MODULE, TR_KEY, TR_TEXT, TR_LANGUAGE) VALUES ('frontend', 'dashboard.tab.mail', 'Mail', 'en-GB');
INSERT INTO OKM_TRANSLATION (TR_MODULE, TR_KEY, TR_TEXT, TR_LANGUAGE) VALUES ('extension', 'dashboard.tab.messaging', 'Messaging', 'en-GB');
INSERT INTO OKM_TRANSLATION (TR_MODULE, TR_KEY, TR_TEXT, TR_LANGUAGE) VALUES ('frontend', 'dashboard.tab.news', 'News', 'en-GB');
INSERT INTO OKM_TRANSLATION (TR_MODULE, TR_KEY, TR_TEXT, TR_LANGUAGE) VALUES ('frontend', 'dashboard.tab.user', 'User', 'en-GB');
INSERT INTO OKM_TRANSLATION (TR_MODULE, TR_KEY, TR_TEXT, TR_LANGUAGE) VALUES ('frontend', 'dashboard.tab.workflow', 'Workflow', 'en-GB');
INSERT INTO OKM_TRANSLATION (TR_MODULE, TR_KEY, TR_TEXT, TR_LANGUAGE) VALUES ('frontend', 'dashboard.user.checkout.documents', 'Checkout documents', 'en-GB');
INSERT INTO OKM_TRANSLATION (TR_MODULE, TR_KEY, TR_TEXT, TR_LANGUAGE) VALUES ('frontend', 'dashboard.user.last.downloaded.documents', 'Last downloaded documents', 'en-GB');
INSERT INTO OKM_TRANSLATION (TR_MODULE, TR_KEY, TR_TEXT, TR_LANGUAGE) VALUES ('frontend', 'dashboard.user.last.modified.documents', 'Last modified documents', 'en-GB');
INSERT INTO OKM_TRANSLATION (TR_MODULE, TR_KEY, TR_TEXT, TR_LANGUAGE) VALUES ('frontend', 'dashboard.user.last.uploaded.documents', 'Last uploaded documents', 'en-GB');
INSERT INTO OKM_TRANSLATION (TR_MODULE, TR_KEY, TR_TEXT, TR_LANGUAGE) VALUES ('frontend', 'dashboard.user.locked.documents', 'Locked documents', 'en-GB');
INSERT INTO OKM_TRANSLATION (TR_MODULE, TR_KEY, TR_TEXT, TR_LANGUAGE) VALUES ('frontend', 'dashboard.user.subscribed.documents', 'Subscribed documents', 'en-GB');
INSERT INTO OKM_TRANSLATION (TR_MODULE, TR_KEY, TR_TEXT, TR_LANGUAGE) VALUES ('frontend', 'dashboard.user.subscribed.folders', 'Subscribed folders', 'en-GB');
INSERT INTO OKM_TRANSLATION (TR_MODULE, TR_KEY, TR_TEXT, TR_LANGUAGE) VALUES ('frontend', 'dashboard.workflow.add.comment', 'Add comment', 'en-GB');
INSERT INTO OKM_TRANSLATION (TR_MODULE, TR_KEY, TR_TEXT, TR_LANGUAGE) VALUES ('frontend', 'dashboard.workflow.comments', 'Comments', 'en-GB');
INSERT INTO OKM_TRANSLATION (TR_MODULE, TR_KEY, TR_TEXT, TR_LANGUAGE) VALUES ('frontend', 'dashboard.workflow.pending.tasks', 'Pending tasks', 'en-GB');
INSERT INTO OKM_TRANSLATION (TR_MODULE, TR_KEY, TR_TEXT, TR_LANGUAGE) VALUES ('frontend', 'dashboard.workflow.pending.tasks.unassigned', 'Unassigned pending tasks', 'en-GB');
INSERT INTO OKM_TRANSLATION (TR_MODULE, TR_KEY, TR_TEXT, TR_LANGUAGE) VALUES ('frontend', 'dashboard.workflow.task', 'Task', 'en-GB');
INSERT INTO OKM_TRANSLATION (TR_MODULE, TR_KEY, TR_TEXT, TR_LANGUAGE) VALUES ('frontend', 'dashboard.workflow.task.created', 'Creation date', 'en-GB');
INSERT INTO OKM_TRANSLATION (TR_MODULE, TR_KEY, TR_TEXT, TR_LANGUAGE) VALUES ('frontend', 'dashboard.workflow.task.description', 'Description', 'en-GB');
INSERT INTO OKM_TRANSLATION (TR_MODULE, TR_KEY, TR_TEXT, TR_LANGUAGE) VALUES ('frontend', 'dashboard.workflow.task.duedate', 'Due date', 'en-GB');
INSERT INTO OKM_TRANSLATION (TR_MODULE, TR_KEY, TR_TEXT, TR_LANGUAGE) VALUES ('frontend', 'dashboard.workflow.task.end', 'End date', 'en-GB');
INSERT INTO OKM_TRANSLATION (TR_MODULE, TR_KEY, TR_TEXT, TR_LANGUAGE) VALUES ('frontend', 'dashboard.workflow.task.id', 'ID', 'en-GB');
INSERT INTO OKM_TRANSLATION (TR_MODULE, TR_KEY, TR_TEXT, TR_LANGUAGE) VALUES ('frontend', 'dashboard.workflow.task.name', 'Name', 'en-GB');
INSERT INTO OKM_TRANSLATION (TR_MODULE, TR_KEY, TR_TEXT, TR_LANGUAGE) VALUES ('frontend', 'dashboard.workflow.task.process.data', 'Data', 'en-GB');
INSERT INTO OKM_TRANSLATION (TR_MODULE, TR_KEY, TR_TEXT, TR_LANGUAGE) VALUES ('frontend', 'dashboard.workflow.task.process.definition', 'Process definition', 'en-GB');
INSERT INTO OKM_TRANSLATION (TR_MODULE, TR_KEY, TR_TEXT, TR_LANGUAGE) VALUES ('frontend', 'dashboard.workflow.task.process.description', 'Description', 'en-GB');
INSERT INTO OKM_TRANSLATION (TR_MODULE, TR_KEY, TR_TEXT, TR_LANGUAGE) VALUES ('frontend', 'dashboard.workflow.task.process.forms', 'Form', 'en-GB');
INSERT INTO OKM_TRANSLATION (TR_MODULE, TR_KEY, TR_TEXT, TR_LANGUAGE) VALUES ('frontend', 'dashboard.workflow.task.process.id', 'ID', 'en-GB');
INSERT INTO OKM_TRANSLATION (TR_MODULE, TR_KEY, TR_TEXT, TR_LANGUAGE) VALUES ('frontend', 'dashboard.workflow.task.process.instance', 'Process instance', 'en-GB');
INSERT INTO OKM_TRANSLATION (TR_MODULE, TR_KEY, TR_TEXT, TR_LANGUAGE) VALUES ('frontend', 'dashboard.workflow.task.process.name', 'Name', 'en-GB');
INSERT INTO OKM_TRANSLATION (TR_MODULE, TR_KEY, TR_TEXT, TR_LANGUAGE) VALUES ('frontend', 'dashboard.workflow.task.process.path', 'Path', 'en-GB');
INSERT INTO OKM_TRANSLATION (TR_MODULE, TR_KEY, TR_TEXT, TR_LANGUAGE) VALUES ('frontend', 'dashboard.workflow.task.process.version', 'Version', 'en-GB');
INSERT INTO OKM_TRANSLATION (TR_MODULE, TR_KEY, TR_TEXT, TR_LANGUAGE) VALUES ('frontend', 'dashboard.workflow.task.start', 'Start date', 'en-GB');
INSERT INTO OKM_TRANSLATION (TR_MODULE, TR_KEY, TR_TEXT, TR_LANGUAGE) VALUES ('frontend', 'debug.console.label', 'Debug console', 'en-GB');
INSERT INTO OKM_TRANSLATION (TR_MODULE, TR_KEY, TR_TEXT, TR_LANGUAGE) VALUES ('frontend', 'debug.enable.disable', 'CTRL+Z to enable or disable debug mode', 'en-GB');
INSERT INTO OKM_TRANSLATION (TR_MODULE, TR_KEY, TR_TEXT, TR_LANGUAGE) VALUES ('extension', 'digital.signature.loading', 'Please wait meanwhile digital signature applet is loading ...', 'en-GB');
INSERT INTO OKM_TRANSLATION (TR_MODULE, TR_KEY, TR_TEXT, TR_LANGUAGE) VALUES ('extension', 'digital.signature.sign', 'Sign document', 'en-GB');
INSERT INTO OKM_TRANSLATION (TR_MODULE, TR_KEY, TR_TEXT, TR_LANGUAGE) VALUES ('frontend', 'document.add.note', 'Add note', 'en-GB');
INSERT INTO OKM_TRANSLATION (TR_MODULE, TR_KEY, TR_TEXT, TR_LANGUAGE) VALUES ('frontend', 'document.by', 'by', 'en-GB');
INSERT INTO OKM_TRANSLATION (TR_MODULE, TR_KEY, TR_TEXT, TR_LANGUAGE) VALUES ('frontend', 'document.categories', 'Categories', 'en-GB');
INSERT INTO OKM_TRANSLATION (TR_MODULE, TR_KEY, TR_TEXT, TR_LANGUAGE) VALUES ('frontend', 'document.created', 'Created', 'en-GB');
INSERT INTO OKM_TRANSLATION (TR_MODULE, TR_KEY, TR_TEXT, TR_LANGUAGE) VALUES ('frontend', 'document.folder', 'Folder', 'en-GB');
INSERT INTO OKM_TRANSLATION (TR_MODULE, TR_KEY, TR_TEXT, TR_LANGUAGE) VALUES ('frontend', 'document.history.size', 'History size', 'en-GB');
INSERT INTO OKM_TRANSLATION (TR_MODULE, TR_KEY, TR_TEXT, TR_LANGUAGE) VALUES ('frontend', 'document.keywords', 'Keywords', 'en-GB');
INSERT INTO OKM_TRANSLATION (TR_MODULE, TR_KEY, TR_TEXT, TR_LANGUAGE) VALUES ('frontend', 'document.keywords.cloud', 'Keywords cloud', 'en-GB');
INSERT INTO OKM_TRANSLATION (TR_MODULE, TR_KEY, TR_TEXT, TR_LANGUAGE) VALUES ('frontend', 'document.lastmodified', 'Modified', 'en-GB');
INSERT INTO OKM_TRANSLATION (TR_MODULE, TR_KEY, TR_TEXT, TR_LANGUAGE) VALUES ('frontend', 'document.mimetype', 'MIME type', 'en-GB');
INSERT INTO OKM_TRANSLATION (TR_MODULE, TR_KEY, TR_TEXT, TR_LANGUAGE) VALUES ('frontend', 'document.name', 'Name', 'en-GB');
INSERT INTO OKM_TRANSLATION (TR_MODULE, TR_KEY, TR_TEXT, TR_LANGUAGE) VALUES ('frontend', 'document.size', 'Size', 'en-GB');
INSERT INTO OKM_TRANSLATION (TR_MODULE, TR_KEY, TR_TEXT, TR_LANGUAGE) VALUES ('frontend', 'document.status', 'Status', 'en-GB');
INSERT INTO OKM_TRANSLATION (TR_MODULE, TR_KEY, TR_TEXT, TR_LANGUAGE) VALUES ('frontend', 'document.status.checkout', 'Edited by', 'en-GB');
INSERT INTO OKM_TRANSLATION (TR_MODULE, TR_KEY, TR_TEXT, TR_LANGUAGE) VALUES ('frontend', 'document.status.locked', 'Locked by', 'en-GB');
INSERT INTO OKM_TRANSLATION (TR_MODULE, TR_KEY, TR_TEXT, TR_LANGUAGE) VALUES ('frontend', 'document.status.normal', 'Available', 'en-GB');
INSERT INTO OKM_TRANSLATION (TR_MODULE, TR_KEY, TR_TEXT, TR_LANGUAGE) VALUES ('frontend', 'document.subscribed', 'Subscribed', 'en-GB');
INSERT INTO OKM_TRANSLATION (TR_MODULE, TR_KEY, TR_TEXT, TR_LANGUAGE) VALUES ('frontend', 'document.subscribed.no', 'No', 'en-GB');
INSERT INTO OKM_TRANSLATION (TR_MODULE, TR_KEY, TR_TEXT, TR_LANGUAGE) VALUES ('frontend', 'document.subscribed.users', 'Subscribed users', 'en-GB');
INSERT INTO OKM_TRANSLATION (TR_MODULE, TR_KEY, TR_TEXT, TR_LANGUAGE) VALUES ('frontend', 'document.subscribed.yes', 'Yes', 'en-GB');
INSERT INTO OKM_TRANSLATION (TR_MODULE, TR_KEY, TR_TEXT, TR_LANGUAGE) VALUES ('frontend', 'document.url', 'URL', 'en-GB');
INSERT INTO OKM_TRANSLATION (TR_MODULE, TR_KEY, TR_TEXT, TR_LANGUAGE) VALUES ('frontend', 'document.uuid', 'UUID', 'en-GB');
INSERT INTO OKM_TRANSLATION (TR_MODULE, TR_KEY, TR_TEXT, TR_LANGUAGE) VALUES ('frontend', 'document.webdav', 'WebDAV', 'en-GB');
INSERT INTO OKM_TRANSLATION (TR_MODULE, TR_KEY, TR_TEXT, TR_LANGUAGE) VALUES ('frontend', 'error.invocation', 'Error when communicating with server', 'en-GB');
INSERT INTO OKM_TRANSLATION (TR_MODULE, TR_KEY, TR_TEXT, TR_LANGUAGE) VALUES ('frontend', 'error.label', 'The system has generated an error', 'en-GB');
INSERT INTO OKM_TRANSLATION (TR_MODULE, TR_KEY, TR_TEXT, TR_LANGUAGE) VALUES ('frontend', 'filebrowser.author', 'Author', 'en-GB');
INSERT INTO OKM_TRANSLATION (TR_MODULE, TR_KEY, TR_TEXT, TR_LANGUAGE) VALUES ('frontend', 'filebrowser.date.update', 'Update date', 'en-GB');
INSERT INTO OKM_TRANSLATION (TR_MODULE, TR_KEY, TR_TEXT, TR_LANGUAGE) VALUES ('frontend', 'filebrowser.menu.add.bookmark', 'Add bookmark', 'en-GB');
INSERT INTO OKM_TRANSLATION (TR_MODULE, TR_KEY, TR_TEXT, TR_LANGUAGE) VALUES ('frontend', 'filebrowser.menu.add.property.group', 'Add property group', 'en-GB');
INSERT INTO OKM_TRANSLATION (TR_MODULE, TR_KEY, TR_TEXT, TR_LANGUAGE) VALUES ('frontend', 'filebrowser.menu.add.subscription', 'Add subscription', 'en-GB');
INSERT INTO OKM_TRANSLATION (TR_MODULE, TR_KEY, TR_TEXT, TR_LANGUAGE) VALUES ('frontend', 'filebrowser.menu.checkin', 'Check in', 'en-GB');
INSERT INTO OKM_TRANSLATION (TR_MODULE, TR_KEY, TR_TEXT, TR_LANGUAGE) VALUES ('frontend', 'filebrowser.menu.checkout', 'Check out', 'en-GB');
INSERT INTO OKM_TRANSLATION (TR_MODULE, TR_KEY, TR_TEXT, TR_LANGUAGE) VALUES ('frontend', 'filebrowser.menu.checkout.cancel', 'Check out cancel', 'en-GB');
INSERT INTO OKM_TRANSLATION (TR_MODULE, TR_KEY, TR_TEXT, TR_LANGUAGE) VALUES ('frontend', 'filebrowser.menu.copy', 'Copy', 'en-GB');
INSERT INTO OKM_TRANSLATION (TR_MODULE, TR_KEY, TR_TEXT, TR_LANGUAGE) VALUES ('frontend', 'filebrowser.menu.create.from.template', 'Create from template', 'en-GB');
INSERT INTO OKM_TRANSLATION (TR_MODULE, TR_KEY, TR_TEXT, TR_LANGUAGE) VALUES ('frontend', 'filebrowser.menu.delete', 'Delete', 'en-GB');
INSERT INTO OKM_TRANSLATION (TR_MODULE, TR_KEY, TR_TEXT, TR_LANGUAGE) VALUES ('frontend', 'filebrowser.menu.download', 'Download', 'en-GB');
INSERT INTO OKM_TRANSLATION (TR_MODULE, TR_KEY, TR_TEXT, TR_LANGUAGE) VALUES ('frontend', 'filebrowser.menu.export', 'Export to ZIP', 'en-GB');
INSERT INTO OKM_TRANSLATION (TR_MODULE, TR_KEY, TR_TEXT, TR_LANGUAGE) VALUES ('frontend', 'filebrowser.menu.image.viewer', 'Image viewer', 'en-GB');
INSERT INTO OKM_TRANSLATION (TR_MODULE, TR_KEY, TR_TEXT, TR_LANGUAGE) VALUES ('frontend', 'filebrowser.menu.lock', 'Lock', 'en-GB');
INSERT INTO OKM_TRANSLATION (TR_MODULE, TR_KEY, TR_TEXT, TR_LANGUAGE) VALUES ('frontend', 'filebrowser.menu.move', 'Move', 'en-GB');
INSERT INTO OKM_TRANSLATION (TR_MODULE, TR_KEY, TR_TEXT, TR_LANGUAGE) VALUES ('frontend', 'filebrowser.menu.play', 'Play', 'en-GB');
INSERT INTO OKM_TRANSLATION (TR_MODULE, TR_KEY, TR_TEXT, TR_LANGUAGE) VALUES ('frontend', 'filebrowser.menu.refresh', 'Refresh', 'en-GB');
INSERT INTO OKM_TRANSLATION (TR_MODULE, TR_KEY, TR_TEXT, TR_LANGUAGE) VALUES ('frontend', 'filebrowser.menu.remove.property.group', 'Remove property group', 'en-GB');
INSERT INTO OKM_TRANSLATION (TR_MODULE, TR_KEY, TR_TEXT, TR_LANGUAGE) VALUES ('frontend', 'filebrowser.menu.remove.subscription', 'Remove subscrition', 'en-GB');
INSERT INTO OKM_TRANSLATION (TR_MODULE, TR_KEY, TR_TEXT, TR_LANGUAGE) VALUES ('frontend', 'filebrowser.menu.rename', 'Rename', 'en-GB');
INSERT INTO OKM_TRANSLATION (TR_MODULE, TR_KEY, TR_TEXT, TR_LANGUAGE) VALUES ('frontend', 'filebrowser.menu.set.home', 'Set default home', 'en-GB');
INSERT INTO OKM_TRANSLATION (TR_MODULE, TR_KEY, TR_TEXT, TR_LANGUAGE) VALUES ('frontend', 'filebrowser.menu.start.workflow', 'Start workflow', 'en-GB');
INSERT INTO OKM_TRANSLATION (TR_MODULE, TR_KEY, TR_TEXT, TR_LANGUAGE) VALUES ('frontend', 'filebrowser.menu.unlock', 'Unlock', 'en-GB');
INSERT INTO OKM_TRANSLATION (TR_MODULE, TR_KEY, TR_TEXT, TR_LANGUAGE) VALUES ('frontend', 'filebrowser.name', 'Name', 'en-GB');
INSERT INTO OKM_TRANSLATION (TR_MODULE, TR_KEY, TR_TEXT, TR_LANGUAGE) VALUES ('frontend', 'filebrowser.path', 'Path', 'en-GB');
INSERT INTO OKM_TRANSLATION (TR_MODULE, TR_KEY, TR_TEXT, TR_LANGUAGE) VALUES ('frontend', 'filebrowser.size', 'Size', 'en-GB');
INSERT INTO OKM_TRANSLATION (TR_MODULE, TR_KEY, TR_TEXT, TR_LANGUAGE) VALUES ('frontend', 'filebrowser.status.refresh.add.subscription', 'Adding subscription', 'en-GB');
INSERT INTO OKM_TRANSLATION (TR_MODULE, TR_KEY, TR_TEXT, TR_LANGUAGE) VALUES ('frontend', 'filebrowser.status.refresh.checkout', 'Checking out document', 'en-GB');
INSERT INTO OKM_TRANSLATION (TR_MODULE, TR_KEY, TR_TEXT, TR_LANGUAGE) VALUES ('frontend', 'filebrowser.status.refresh.delete.document', 'Deleting document', 'en-GB');
INSERT INTO OKM_TRANSLATION (TR_MODULE, TR_KEY, TR_TEXT, TR_LANGUAGE) VALUES ('frontend', 'filebrowser.status.refresh.delete.folder', 'Deleting folder', 'en-GB');
INSERT INTO OKM_TRANSLATION (TR_MODULE, TR_KEY, TR_TEXT, TR_LANGUAGE) VALUES ('frontend', 'filebrowser.status.refresh.delete.mail', 'Deleting mail', 'en-GB');
INSERT INTO OKM_TRANSLATION (TR_MODULE, TR_KEY, TR_TEXT, TR_LANGUAGE) VALUES ('frontend', 'filebrowser.status.refresh.document', 'Updating document list', 'en-GB');
INSERT INTO OKM_TRANSLATION (TR_MODULE, TR_KEY, TR_TEXT, TR_LANGUAGE) VALUES ('frontend', 'filebrowser.status.refresh.document.get', 'Updating document', 'en-GB');
INSERT INTO OKM_TRANSLATION (TR_MODULE, TR_KEY, TR_TEXT, TR_LANGUAGE) VALUES ('frontend', 'filebrowser.status.refresh.document.purge', 'Deleting document', 'en-GB');
INSERT INTO OKM_TRANSLATION (TR_MODULE, TR_KEY, TR_TEXT, TR_LANGUAGE) VALUES ('frontend', 'filebrowser.status.refresh.document.rename', 'Renaming document', 'en-GB');
INSERT INTO OKM_TRANSLATION (TR_MODULE, TR_KEY, TR_TEXT, TR_LANGUAGE) VALUES ('frontend', 'filebrowser.status.refresh.folder', 'Updating folder list', 'en-GB');
INSERT INTO OKM_TRANSLATION (TR_MODULE, TR_KEY, TR_TEXT, TR_LANGUAGE) VALUES ('frontend', 'filebrowser.status.refresh.folder.get', 'Updating folder', 'en-GB');
INSERT INTO OKM_TRANSLATION (TR_MODULE, TR_KEY, TR_TEXT, TR_LANGUAGE) VALUES ('frontend', 'filebrowser.status.refresh.folder.purge', 'Deleting folder', 'en-GB');
INSERT INTO OKM_TRANSLATION (TR_MODULE, TR_KEY, TR_TEXT, TR_LANGUAGE) VALUES ('frontend', 'filebrowser.status.refresh.folder.rename', 'Renaming folder', 'en-GB');
INSERT INTO OKM_TRANSLATION (TR_MODULE, TR_KEY, TR_TEXT, TR_LANGUAGE) VALUES ('frontend', 'filebrowser.status.refresh.get.user.home', 'Getting user home', 'en-GB');
INSERT INTO OKM_TRANSLATION (TR_MODULE, TR_KEY, TR_TEXT, TR_LANGUAGE) VALUES ('frontend', 'filebrowser.status.refresh.lock', 'Locking document', 'en-GB');
INSERT INTO OKM_TRANSLATION (TR_MODULE, TR_KEY, TR_TEXT, TR_LANGUAGE) VALUES ('frontend', 'filebrowser.status.refresh.mail', 'Updating mail list', 'en-GB');
INSERT INTO OKM_TRANSLATION (TR_MODULE, TR_KEY, TR_TEXT, TR_LANGUAGE) VALUES ('frontend', 'filebrowser.status.refresh.mail.purge', 'Deleting mail', 'en-GB');
INSERT INTO OKM_TRANSLATION (TR_MODULE, TR_KEY, TR_TEXT, TR_LANGUAGE) VALUES ('frontend', 'filebrowser.status.refresh.mail.rename', 'Renaming mail', 'en-GB');
INSERT INTO OKM_TRANSLATION (TR_MODULE, TR_KEY, TR_TEXT, TR_LANGUAGE) VALUES ('frontend', 'filebrowser.status.refresh.remove.subscription', 'Deleting subscription', 'en-GB');
INSERT INTO OKM_TRANSLATION (TR_MODULE, TR_KEY, TR_TEXT, TR_LANGUAGE) VALUES ('frontend', 'filebrowser.status.refresh.unlock', 'Unlocking document', 'en-GB');
INSERT INTO OKM_TRANSLATION (TR_MODULE, TR_KEY, TR_TEXT, TR_LANGUAGE) VALUES ('frontend', 'filebrowser.version', 'Version', 'en-GB');
INSERT INTO OKM_TRANSLATION (TR_MODULE, TR_KEY, TR_TEXT, TR_LANGUAGE) VALUES ('frontend', 'fileupload.button.add.other.file', 'Add another file', 'en-GB');
INSERT INTO OKM_TRANSLATION (TR_MODULE, TR_KEY, TR_TEXT, TR_LANGUAGE) VALUES ('frontend', 'fileupload.button.close', 'Close', 'en-GB');
INSERT INTO OKM_TRANSLATION (TR_MODULE, TR_KEY, TR_TEXT, TR_LANGUAGE) VALUES ('frontend', 'fileupload.digital.signature', 'Sign document', 'en-GB');
INSERT INTO OKM_TRANSLATION (TR_MODULE, TR_KEY, TR_TEXT, TR_LANGUAGE) VALUES ('frontend', 'fileupload.label.comment', 'Comment', 'en-GB');
INSERT INTO OKM_TRANSLATION (TR_MODULE, TR_KEY, TR_TEXT, TR_LANGUAGE) VALUES ('frontend', 'fileupload.label.error.copy.file', 'Error coping file', 'en-GB');
INSERT INTO OKM_TRANSLATION (TR_MODULE, TR_KEY, TR_TEXT, TR_LANGUAGE) VALUES ('frontend', 'fileupload.label.error.copy.folder', 'Error coping folder', 'en-GB');
INSERT INTO OKM_TRANSLATION (TR_MODULE, TR_KEY, TR_TEXT, TR_LANGUAGE) VALUES ('frontend', 'fileupload.label.error.copy.mail', 'Error coping mail', 'en-GB');
INSERT INTO OKM_TRANSLATION (TR_MODULE, TR_KEY, TR_TEXT, TR_LANGUAGE) VALUES ('frontend', 'fileupload.label.error.create.from.template', 'Error creating file from template', 'en-GB');
INSERT INTO OKM_TRANSLATION (TR_MODULE, TR_KEY, TR_TEXT, TR_LANGUAGE) VALUES ('frontend', 'fileupload.label.error.importing.zip', 'Error importing file', 'en-GB');
INSERT INTO OKM_TRANSLATION (TR_MODULE, TR_KEY, TR_TEXT, TR_LANGUAGE) VALUES ('frontend', 'fileupload.label.error.move.file', 'Error moving file', 'en-GB');
INSERT INTO OKM_TRANSLATION (TR_MODULE, TR_KEY, TR_TEXT, TR_LANGUAGE) VALUES ('frontend', 'fileupload.label.error.move.folder', 'Error moving folder', 'en-GB');
INSERT INTO OKM_TRANSLATION (TR_MODULE, TR_KEY, TR_TEXT, TR_LANGUAGE) VALUES ('frontend', 'fileupload.label.error.move.mail', 'Error moving mail', 'en-GB');
INSERT INTO OKM_TRANSLATION (TR_MODULE, TR_KEY, TR_TEXT, TR_LANGUAGE) VALUES ('frontend', 'fileupload.label.error.not.allowed.copy.same.folder', 'Not allowed to move on origin folder', 'en-GB');
INSERT INTO OKM_TRANSLATION (TR_MODULE, TR_KEY, TR_TEXT, TR_LANGUAGE) VALUES ('frontend', 'fileupload.label.error.not.allowed.create.from.template.same.folder', 'Not allowed to create a file on origin folder', 'en-GB');
INSERT INTO OKM_TRANSLATION (TR_MODULE, TR_KEY, TR_TEXT, TR_LANGUAGE) VALUES ('frontend', 'fileupload.label.error.not.allowed.move.folder.child', 'Not allowed to move on origin or child folder', 'en-GB');
INSERT INTO OKM_TRANSLATION (TR_MODULE, TR_KEY, TR_TEXT, TR_LANGUAGE) VALUES ('frontend', 'fileupload.label.error.restore.file', 'Error restoring file', 'en-GB');
INSERT INTO OKM_TRANSLATION (TR_MODULE, TR_KEY, TR_TEXT, TR_LANGUAGE) VALUES ('frontend', 'fileupload.label.error.restore.folder', 'Error restoring folder', 'en-GB');
INSERT INTO OKM_TRANSLATION (TR_MODULE, TR_KEY, TR_TEXT, TR_LANGUAGE) VALUES ('frontend', 'fileupload.label.error.restore.mail', 'Error restoring mail', 'en-GB');
INSERT INTO OKM_TRANSLATION (TR_MODULE, TR_KEY, TR_TEXT, TR_LANGUAGE) VALUES ('frontend', 'fileupload.label.groups', 'Groups', 'en-GB');
INSERT INTO OKM_TRANSLATION (TR_MODULE, TR_KEY, TR_TEXT, TR_LANGUAGE) VALUES ('frontend', 'fileupload.label.groups.to.notify', 'Groups to notify', 'en-GB');
INSERT INTO OKM_TRANSLATION (TR_MODULE, TR_KEY, TR_TEXT, TR_LANGUAGE) VALUES ('frontend', 'fileupload.label.importZip', 'Import Documents from ZIP', 'en-GB');
INSERT INTO OKM_TRANSLATION (TR_MODULE, TR_KEY, TR_TEXT, TR_LANGUAGE) VALUES ('frontend', 'fileupload.label.insert', 'Add new documents', 'en-GB');
INSERT INTO OKM_TRANSLATION (TR_MODULE, TR_KEY, TR_TEXT, TR_LANGUAGE) VALUES ('frontend', 'fileupload.label.must.select.users', 'You must select some user to notify', 'en-GB');
INSERT INTO OKM_TRANSLATION (TR_MODULE, TR_KEY, TR_TEXT, TR_LANGUAGE) VALUES ('frontend', 'fileupload.label.notify.comment', 'Notification message', 'en-GB');
INSERT INTO OKM_TRANSLATION (TR_MODULE, TR_KEY, TR_TEXT, TR_LANGUAGE) VALUES ('frontend', 'fileupload.label.update', 'Update documents', 'en-GB');
INSERT INTO OKM_TRANSLATION (TR_MODULE, TR_KEY, TR_TEXT, TR_LANGUAGE) VALUES ('frontend', 'fileupload.label.users', 'Users', 'en-GB');
INSERT INTO OKM_TRANSLATION (TR_MODULE, TR_KEY, TR_TEXT, TR_LANGUAGE) VALUES ('frontend', 'fileupload.label.users.notify', 'Notify to users', 'en-GB');
INSERT INTO OKM_TRANSLATION (TR_MODULE, TR_KEY, TR_TEXT, TR_LANGUAGE) VALUES ('frontend', 'fileupload.label.users.to.notify', 'Users to notify', 'en-GB');
INSERT INTO OKM_TRANSLATION (TR_MODULE, TR_KEY, TR_TEXT, TR_LANGUAGE) VALUES ('frontend', 'fileupload.send', 'Upload', 'en-GB');
INSERT INTO OKM_TRANSLATION (TR_MODULE, TR_KEY, TR_TEXT, TR_LANGUAGE) VALUES ('frontend', 'fileupload.status.copy.file', 'Coping file...', 'en-GB');
INSERT INTO OKM_TRANSLATION (TR_MODULE, TR_KEY, TR_TEXT, TR_LANGUAGE) VALUES ('frontend', 'fileupload.status.copy.folder', 'Coping folder...', 'en-GB');
INSERT INTO OKM_TRANSLATION (TR_MODULE, TR_KEY, TR_TEXT, TR_LANGUAGE) VALUES ('frontend', 'fileupload.status.copy.mail', 'Coping mail...', 'en-GB');
INSERT INTO OKM_TRANSLATION (TR_MODULE, TR_KEY, TR_TEXT, TR_LANGUAGE) VALUES ('frontend', 'fileupload.status.create.from.template', 'Creating file from template...', 'en-GB');
INSERT INTO OKM_TRANSLATION (TR_MODULE, TR_KEY, TR_TEXT, TR_LANGUAGE) VALUES ('frontend', 'fileupload.status.indexing', 'Indexing file...', 'en-GB');
INSERT INTO OKM_TRANSLATION (TR_MODULE, TR_KEY, TR_TEXT, TR_LANGUAGE) VALUES ('frontend', 'fileupload.status.move.file', 'Moving file...', 'en-GB');
INSERT INTO OKM_TRANSLATION (TR_MODULE, TR_KEY, TR_TEXT, TR_LANGUAGE) VALUES ('frontend', 'fileupload.status.move.folder', 'Moving folder...', 'en-GB');
INSERT INTO OKM_TRANSLATION (TR_MODULE, TR_KEY, TR_TEXT, TR_LANGUAGE) VALUES ('frontend', 'fileupload.status.move.mail', 'Moving mail...', 'en-GB');
INSERT INTO OKM_TRANSLATION (TR_MODULE, TR_KEY, TR_TEXT, TR_LANGUAGE) VALUES ('frontend', 'fileupload.status.of', 'of', 'en-GB');
INSERT INTO OKM_TRANSLATION (TR_MODULE, TR_KEY, TR_TEXT, TR_LANGUAGE) VALUES ('frontend', 'fileupload.status.ok', 'File uploaded correctly', 'en-GB');
INSERT INTO OKM_TRANSLATION (TR_MODULE, TR_KEY, TR_TEXT, TR_LANGUAGE) VALUES ('frontend', 'fileupload.status.restore.file', 'Restoring file...', 'en-GB');
INSERT INTO OKM_TRANSLATION (TR_MODULE, TR_KEY, TR_TEXT, TR_LANGUAGE) VALUES ('frontend', 'fileupload.status.restore.folder', 'Restoring folder...', 'en-GB');
INSERT INTO OKM_TRANSLATION (TR_MODULE, TR_KEY, TR_TEXT, TR_LANGUAGE) VALUES ('frontend', 'fileupload.status.restore.mail', 'Restoring mail...', 'en-GB');
INSERT INTO OKM_TRANSLATION (TR_MODULE, TR_KEY, TR_TEXT, TR_LANGUAGE) VALUES ('frontend', 'fileupload.status.sending', 'Uploading file...', 'en-GB');
INSERT INTO OKM_TRANSLATION (TR_MODULE, TR_KEY, TR_TEXT, TR_LANGUAGE) VALUES ('frontend', 'fileupload.upload.completed', 'Upload completed', 'en-GB');
INSERT INTO OKM_TRANSLATION (TR_MODULE, TR_KEY, TR_TEXT, TR_LANGUAGE) VALUES ('frontend', 'fileupload.upload.remaining', 'Remaining', 'en-GB');
INSERT INTO OKM_TRANSLATION (TR_MODULE, TR_KEY, TR_TEXT, TR_LANGUAGE) VALUES ('frontend', 'fileupload.upload.runtime', 'Runtime', 'en-GB');
INSERT INTO OKM_TRANSLATION (TR_MODULE, TR_KEY, TR_TEXT, TR_LANGUAGE) VALUES ('frontend', 'fileupload.upload.status', 'Upload status', 'en-GB');
INSERT INTO OKM_TRANSLATION (TR_MODULE, TR_KEY, TR_TEXT, TR_LANGUAGE) VALUES ('frontend', 'fileupload.upload.uploaded', 'Uploaded', 'en-GB');
INSERT INTO OKM_TRANSLATION (TR_MODULE, TR_KEY, TR_TEXT, TR_LANGUAGE) VALUES ('frontend', 'folder.by', 'by', 'en-GB');
INSERT INTO OKM_TRANSLATION (TR_MODULE, TR_KEY, TR_TEXT, TR_LANGUAGE) VALUES ('frontend', 'folder.created', 'Created', 'en-GB');
INSERT INTO OKM_TRANSLATION (TR_MODULE, TR_KEY, TR_TEXT, TR_LANGUAGE) VALUES ('frontend', 'folder.name', 'Name', 'en-GB');
INSERT INTO OKM_TRANSLATION (TR_MODULE, TR_KEY, TR_TEXT, TR_LANGUAGE) VALUES ('frontend', 'folder.number.documents', 'Documents', 'en-GB');
INSERT INTO OKM_TRANSLATION (TR_MODULE, TR_KEY, TR_TEXT, TR_LANGUAGE) VALUES ('frontend', 'folder.number.folders', 'Folders', 'en-GB');
INSERT INTO OKM_TRANSLATION (TR_MODULE, TR_KEY, TR_TEXT, TR_LANGUAGE) VALUES ('frontend', 'folder.number.mails', 'Mails', 'en-GB');
INSERT INTO OKM_TRANSLATION (TR_MODULE, TR_KEY, TR_TEXT, TR_LANGUAGE) VALUES ('frontend', 'folder.parent', 'Parent', 'en-GB');
INSERT INTO OKM_TRANSLATION (TR_MODULE, TR_KEY, TR_TEXT, TR_LANGUAGE) VALUES ('frontend', 'folder.subscribed', 'Subscribed', 'en-GB');
INSERT INTO OKM_TRANSLATION (TR_MODULE, TR_KEY, TR_TEXT, TR_LANGUAGE) VALUES ('frontend', 'folder.subscribed.no', 'No', 'en-GB');
INSERT INTO OKM_TRANSLATION (TR_MODULE, TR_KEY, TR_TEXT, TR_LANGUAGE) VALUES ('frontend', 'folder.subscribed.users', 'Subscribed users', 'en-GB');
INSERT INTO OKM_TRANSLATION (TR_MODULE, TR_KEY, TR_TEXT, TR_LANGUAGE) VALUES ('frontend', 'folder.subscribed.yes', 'Yes', 'en-GB');
INSERT INTO OKM_TRANSLATION (TR_MODULE, TR_KEY, TR_TEXT, TR_LANGUAGE) VALUES ('frontend', 'folder.url', 'URL', 'en-GB');
INSERT INTO OKM_TRANSLATION (TR_MODULE, TR_KEY, TR_TEXT, TR_LANGUAGE) VALUES ('frontend', 'folder.uuid', 'UUID', 'en-GB');
INSERT INTO OKM_TRANSLATION (TR_MODULE, TR_KEY, TR_TEXT, TR_LANGUAGE) VALUES ('frontend', 'folder.webdav', 'WebDAV', 'en-GB');
INSERT INTO OKM_TRANSLATION (TR_MODULE, TR_KEY, TR_TEXT, TR_LANGUAGE) VALUES ('frontend', 'form.manager.suggestbox.min.filter', 'Filter >= {0} chars', 'en-GB');
INSERT INTO OKM_TRANSLATION (TR_MODULE, TR_KEY, TR_TEXT, TR_LANGUAGE) VALUES ('extension', 'forum.button.quote', 'Quote', 'en-GB');
INSERT INTO OKM_TRANSLATION (TR_MODULE, TR_KEY, TR_TEXT, TR_LANGUAGE) VALUES ('extension', 'forum.create.forum', 'Create forum', 'en-GB');
INSERT INTO OKM_TRANSLATION (TR_MODULE, TR_KEY, TR_TEXT, TR_LANGUAGE) VALUES ('extension', 'forum.create.post', 'Create post', 'en-GB');
INSERT INTO OKM_TRANSLATION (TR_MODULE, TR_KEY, TR_TEXT, TR_LANGUAGE) VALUES ('extension', 'forum.create.topic', 'Create topic', 'en-GB');
INSERT INTO OKM_TRANSLATION (TR_MODULE, TR_KEY, TR_TEXT, TR_LANGUAGE) VALUES ('extension', 'forum.edit.bold', 'Bold:[b]text[/b]', 'en-GB');
INSERT INTO OKM_TRANSLATION (TR_MODULE, TR_KEY, TR_TEXT, TR_LANGUAGE) VALUES ('extension', 'forum.edit.button.hide.color', 'Hide color', 'en-GB');
INSERT INTO OKM_TRANSLATION (TR_MODULE, TR_KEY, TR_TEXT, TR_LANGUAGE) VALUES ('extension', 'forum.edit.button.quote', 'Quote', 'en-GB');
INSERT INTO OKM_TRANSLATION (TR_MODULE, TR_KEY, TR_TEXT, TR_LANGUAGE) VALUES ('extension', 'forum.edit.button.show.color', 'Show color', 'en-GB');
INSERT INTO OKM_TRANSLATION (TR_MODULE, TR_KEY, TR_TEXT, TR_LANGUAGE) VALUES ('extension', 'forum.edit.color', 'Color:[color=color]text[/color]', 'en-GB');
INSERT INTO OKM_TRANSLATION (TR_MODULE, TR_KEY, TR_TEXT, TR_LANGUAGE) VALUES ('extension', 'forum.edit.email', 'Insert email:[email]email_adress[/email] or [email=email_adress][/email] ', 'en-GB');
INSERT INTO OKM_TRANSLATION (TR_MODULE, TR_KEY, TR_TEXT, TR_LANGUAGE) VALUES ('extension', 'forum.edit.font.huge', 'Huge', 'en-GB');
INSERT INTO OKM_TRANSLATION (TR_MODULE, TR_KEY, TR_TEXT, TR_LANGUAGE) VALUES ('extension', 'forum.edit.font.large', 'Large', 'en-GB');
INSERT INTO OKM_TRANSLATION (TR_MODULE, TR_KEY, TR_TEXT, TR_LANGUAGE) VALUES ('extension', 'forum.edit.font.normal', 'Normal', 'en-GB');
INSERT INTO OKM_TRANSLATION (TR_MODULE, TR_KEY, TR_TEXT, TR_LANGUAGE) VALUES ('extension', 'forum.edit.font.small', 'Small', 'en-GB');
INSERT INTO OKM_TRANSLATION (TR_MODULE, TR_KEY, TR_TEXT, TR_LANGUAGE) VALUES ('extension', 'forum.edit.font.tiny', 'Tiny', 'en-GB');
INSERT INTO OKM_TRANSLATION (TR_MODULE, TR_KEY, TR_TEXT, TR_LANGUAGE) VALUES ('extension', 'forum.edit.forum', 'Edit forum', 'en-GB');
INSERT INTO OKM_TRANSLATION (TR_MODULE, TR_KEY, TR_TEXT, TR_LANGUAGE) VALUES ('extension', 'forum.edit.image', 'Insert image:[img]http://image_url[/img] or [img=http://image_url][/img] ', 'en-GB');
INSERT INTO OKM_TRANSLATION (TR_MODULE, TR_KEY, TR_TEXT, TR_LANGUAGE) VALUES ('extension', 'forum.edit.italic', 'Italic:[i]text[/i]', 'en-GB');
INSERT INTO OKM_TRANSLATION (TR_MODULE, TR_KEY, TR_TEXT, TR_LANGUAGE) VALUES ('extension', 'forum.edit.justify', 'Justify:[align=justify]text[/align]', 'en-GB');
INSERT INTO OKM_TRANSLATION (TR_MODULE, TR_KEY, TR_TEXT, TR_LANGUAGE) VALUES ('extension', 'forum.edit.justify.center', 'Center:[center]text[/center]', 'en-GB');
INSERT INTO OKM_TRANSLATION (TR_MODULE, TR_KEY, TR_TEXT, TR_LANGUAGE) VALUES ('extension', 'forum.edit.justify.left', 'Justity left:[align=left]text[/align]', 'en-GB');
INSERT INTO OKM_TRANSLATION (TR_MODULE, TR_KEY, TR_TEXT, TR_LANGUAGE) VALUES ('extension', 'forum.edit.justify.right', 'Justify right:[align=right]text[/align]', 'en-GB');
INSERT INTO OKM_TRANSLATION (TR_MODULE, TR_KEY, TR_TEXT, TR_LANGUAGE) VALUES ('extension', 'forum.edit.paragraph', 'Paragraph:[p]text[/p]', 'en-GB');
INSERT INTO OKM_TRANSLATION (TR_MODULE, TR_KEY, TR_TEXT, TR_LANGUAGE) VALUES ('extension', 'forum.edit.post', 'Edit post', 'en-GB');
INSERT INTO OKM_TRANSLATION (TR_MODULE, TR_KEY, TR_TEXT, TR_LANGUAGE) VALUES ('extension', 'forum.edit.quote', 'Quote:[quote]text[/quote]', 'en-GB');
INSERT INTO OKM_TRANSLATION (TR_MODULE, TR_KEY, TR_TEXT, TR_LANGUAGE) VALUES ('extension', 'forum.edit.underline', 'Underline:[u]text[/u]', 'en-GB');
INSERT INTO OKM_TRANSLATION (TR_MODULE, TR_KEY, TR_TEXT, TR_LANGUAGE) VALUES ('extension', 'forum.edit.url', 'Insert URL:[url]http://url[/url] or [url=http://url][/url]', 'en-GB');
INSERT INTO OKM_TRANSLATION (TR_MODULE, TR_KEY, TR_TEXT, TR_LANGUAGE) VALUES ('extension', 'forum.go.home', 'Home', 'en-GB');
INSERT INTO OKM_TRANSLATION (TR_MODULE, TR_KEY, TR_TEXT, TR_LANGUAGE) VALUES ('extension', 'forum.last.post', 'Last post', 'en-GB');
INSERT INTO OKM_TRANSLATION (TR_MODULE, TR_KEY, TR_TEXT, TR_LANGUAGE) VALUES ('extension', 'forum.name', 'Name', 'en-GB');
INSERT INTO OKM_TRANSLATION (TR_MODULE, TR_KEY, TR_TEXT, TR_LANGUAGE) VALUES ('extension', 'forum.new.forum', 'New forum', 'en-GB');
INSERT INTO OKM_TRANSLATION (TR_MODULE, TR_KEY, TR_TEXT, TR_LANGUAGE) VALUES ('extension', 'forum.new.topic', 'New topic', 'en-GB');
INSERT INTO OKM_TRANSLATION (TR_MODULE, TR_KEY, TR_TEXT, TR_LANGUAGE) VALUES ('extension', 'forum.number.of.replies', 'Number of posts', 'en-GB');
INSERT INTO OKM_TRANSLATION (TR_MODULE, TR_KEY, TR_TEXT, TR_LANGUAGE) VALUES ('extension', 'forum.number.of.topics', 'Number of topics', 'en-GB');
INSERT INTO OKM_TRANSLATION (TR_MODULE, TR_KEY, TR_TEXT, TR_LANGUAGE) VALUES ('extension', 'forum.post', 'Posts', 'en-GB');
INSERT INTO OKM_TRANSLATION (TR_MODULE, TR_KEY, TR_TEXT, TR_LANGUAGE) VALUES ('extension', 'forum.post.reply', 'Post reply', 'en-GB');
INSERT INTO OKM_TRANSLATION (TR_MODULE, TR_KEY, TR_TEXT, TR_LANGUAGE) VALUES ('extension', 'forum.replies', 'Replies', 'en-GB');
INSERT INTO OKM_TRANSLATION (TR_MODULE, TR_KEY, TR_TEXT, TR_LANGUAGE) VALUES ('extension', 'forum.subject', 'Subject', 'en-GB');
INSERT INTO OKM_TRANSLATION (TR_MODULE, TR_KEY, TR_TEXT, TR_LANGUAGE) VALUES ('extension', 'forum.tab.title', 'Forum', 'en-GB');
INSERT INTO OKM_TRANSLATION (TR_MODULE, TR_KEY, TR_TEXT, TR_LANGUAGE) VALUES ('extension', 'forum.title', 'Forum', 'en-GB');
INSERT INTO OKM_TRANSLATION (TR_MODULE, TR_KEY, TR_TEXT, TR_LANGUAGE) VALUES ('extension', 'forum.topic', 'Topics', 'en-GB');
INSERT INTO OKM_TRANSLATION (TR_MODULE, TR_KEY, TR_TEXT, TR_LANGUAGE) VALUES ('extension', 'forum.topics', 'Topics', 'en-GB');
INSERT INTO OKM_TRANSLATION (TR_MODULE, TR_KEY, TR_TEXT, TR_LANGUAGE) VALUES ('extension', 'forum.user.by', 'by', 'en-GB');
INSERT INTO OKM_TRANSLATION (TR_MODULE, TR_KEY, TR_TEXT, TR_LANGUAGE) VALUES ('extension', 'forum.views', 'Views', 'en-GB');
INSERT INTO OKM_TRANSLATION (TR_MODULE, TR_KEY, TR_TEXT, TR_LANGUAGE) VALUES ('frontend', 'general.connected', 'Connected as', 'en-GB');
INSERT INTO OKM_TRANSLATION (TR_MODULE, TR_KEY, TR_TEXT, TR_LANGUAGE) VALUES ('frontend', 'general.date.pattern', 'dd-MM-yyyy HH:mm:ss', 'en-GB');
INSERT INTO OKM_TRANSLATION (TR_MODULE, TR_KEY, TR_TEXT, TR_LANGUAGE) VALUES ('extension', 'general.date.pattern', 'dd-MM-yyyy HH:mm:ss', 'en-GB');
INSERT INTO OKM_TRANSLATION (TR_MODULE, TR_KEY, TR_TEXT, TR_LANGUAGE) VALUES ('frontend', 'general.day.pattern', 'dd-MM-yyyy', 'en-GB');
INSERT INTO OKM_TRANSLATION (TR_MODULE, TR_KEY, TR_TEXT, TR_LANGUAGE) VALUES ('frontend', 'general.decimal.pattern', '.', 'en-GB');
INSERT INTO OKM_TRANSLATION (TR_MODULE, TR_KEY, TR_TEXT, TR_LANGUAGE) VALUES ('frontend', 'general.hour.pattern', 'HH:mm:ss', 'en-GB');
INSERT INTO OKM_TRANSLATION (TR_MODULE, TR_KEY, TR_TEXT, TR_LANGUAGE) VALUES ('frontend', 'general.menu.about', 'About OpenKM', 'en-GB');
INSERT INTO OKM_TRANSLATION (TR_MODULE, TR_KEY, TR_TEXT, TR_LANGUAGE) VALUES ('frontend', 'general.menu.administration', 'Show administration', 'en-GB');
INSERT INTO OKM_TRANSLATION (TR_MODULE, TR_KEY, TR_TEXT, TR_LANGUAGE) VALUES ('frontend', 'general.menu.bookmark', 'Bookmarks', 'en-GB');
INSERT INTO OKM_TRANSLATION (TR_MODULE, TR_KEY, TR_TEXT, TR_LANGUAGE) VALUES ('frontend', 'general.menu.bookmark.default.home', 'Set default home', 'en-GB');
INSERT INTO OKM_TRANSLATION (TR_MODULE, TR_KEY, TR_TEXT, TR_LANGUAGE) VALUES ('frontend', 'general.menu.bookmark.edit', 'Edit bookmarks', 'en-GB');
INSERT INTO OKM_TRANSLATION (TR_MODULE, TR_KEY, TR_TEXT, TR_LANGUAGE) VALUES ('frontend', 'general.menu.bookmark.home', 'Home', 'en-GB');
INSERT INTO OKM_TRANSLATION (TR_MODULE, TR_KEY, TR_TEXT, TR_LANGUAGE) VALUES ('frontend', 'general.menu.bug.report', 'Bug report', 'en-GB');
INSERT INTO OKM_TRANSLATION (TR_MODULE, TR_KEY, TR_TEXT, TR_LANGUAGE) VALUES ('frontend', 'general.menu.debug.console', 'Debug console', 'en-GB');
INSERT INTO OKM_TRANSLATION (TR_MODULE, TR_KEY, TR_TEXT, TR_LANGUAGE) VALUES ('frontend', 'general.menu.documentation', 'Documentation', 'en-GB');
INSERT INTO OKM_TRANSLATION (TR_MODULE, TR_KEY, TR_TEXT, TR_LANGUAGE) VALUES ('frontend', 'general.menu.edit', 'Edit', 'en-GB');
INSERT INTO OKM_TRANSLATION (TR_MODULE, TR_KEY, TR_TEXT, TR_LANGUAGE) VALUES ('frontend', 'general.menu.file', 'File', 'en-GB');
INSERT INTO OKM_TRANSLATION (TR_MODULE, TR_KEY, TR_TEXT, TR_LANGUAGE) VALUES ('frontend', 'general.menu.file.add.document', 'Add document', 'en-GB');
INSERT INTO OKM_TRANSLATION (TR_MODULE, TR_KEY, TR_TEXT, TR_LANGUAGE) VALUES ('frontend', 'general.menu.file.cancel.checkout', 'Cancel check out', 'en-GB');
INSERT INTO OKM_TRANSLATION (TR_MODULE, TR_KEY, TR_TEXT, TR_LANGUAGE) VALUES ('frontend', 'general.menu.file.checkin', 'Check in', 'en-GB');
INSERT INTO OKM_TRANSLATION (TR_MODULE, TR_KEY, TR_TEXT, TR_LANGUAGE) VALUES ('frontend', 'general.menu.file.checkout', 'Check out', 'en-GB');
INSERT INTO OKM_TRANSLATION (TR_MODULE, TR_KEY, TR_TEXT, TR_LANGUAGE) VALUES ('frontend', 'general.menu.file.create.directory', 'Create folder', 'en-GB');
INSERT INTO OKM_TRANSLATION (TR_MODULE, TR_KEY, TR_TEXT, TR_LANGUAGE) VALUES ('frontend', 'general.menu.file.delete', 'Delete', 'en-GB');
INSERT INTO OKM_TRANSLATION (TR_MODULE, TR_KEY, TR_TEXT, TR_LANGUAGE) VALUES ('frontend', 'general.menu.file.download.document', 'Download document', 'en-GB');
INSERT INTO OKM_TRANSLATION (TR_MODULE, TR_KEY, TR_TEXT, TR_LANGUAGE) VALUES ('frontend', 'general.menu.file.download.document.pdf', 'Download document as PDF', 'en-GB');
INSERT INTO OKM_TRANSLATION (TR_MODULE, TR_KEY, TR_TEXT, TR_LANGUAGE) VALUES ('frontend', 'general.menu.file.exit', 'Exit', 'en-GB');
INSERT INTO OKM_TRANSLATION (TR_MODULE, TR_KEY, TR_TEXT, TR_LANGUAGE) VALUES ('frontend', 'general.menu.file.lock', 'Lock', 'en-GB');
INSERT INTO OKM_TRANSLATION (TR_MODULE, TR_KEY, TR_TEXT, TR_LANGUAGE) VALUES ('frontend', 'general.menu.file.purge.trash', 'Purge trash', 'en-GB');
INSERT INTO OKM_TRANSLATION (TR_MODULE, TR_KEY, TR_TEXT, TR_LANGUAGE) VALUES ('frontend', 'general.menu.file.refresh', 'Refresh', 'en-GB');
INSERT INTO OKM_TRANSLATION (TR_MODULE, TR_KEY, TR_TEXT, TR_LANGUAGE) VALUES ('frontend', 'general.menu.file.scanner', 'Scanner', 'en-GB');
INSERT INTO OKM_TRANSLATION (TR_MODULE, TR_KEY, TR_TEXT, TR_LANGUAGE) VALUES ('frontend', 'general.menu.file.send.attachment', 'Send document attachment', 'en-GB');
INSERT INTO OKM_TRANSLATION (TR_MODULE, TR_KEY, TR_TEXT, TR_LANGUAGE) VALUES ('frontend', 'general.menu.file.send.link', 'Send document link', 'en-GB');
INSERT INTO OKM_TRANSLATION (TR_MODULE, TR_KEY, TR_TEXT, TR_LANGUAGE) VALUES ('frontend', 'general.menu.file.unlock', 'Unlock', 'en-GB');
INSERT INTO OKM_TRANSLATION (TR_MODULE, TR_KEY, TR_TEXT, TR_LANGUAGE) VALUES ('frontend', 'general.menu.file.uploader', 'File uploader', 'en-GB');
INSERT INTO OKM_TRANSLATION (TR_MODULE, TR_KEY, TR_TEXT, TR_LANGUAGE) VALUES ('frontend', 'general.menu.help', 'Help', 'en-GB');
INSERT INTO OKM_TRANSLATION (TR_MODULE, TR_KEY, TR_TEXT, TR_LANGUAGE) VALUES ('frontend', 'general.menu.project.web', 'Project web', 'en-GB');
INSERT INTO OKM_TRANSLATION (TR_MODULE, TR_KEY, TR_TEXT, TR_LANGUAGE) VALUES ('frontend', 'general.menu.public.forum', 'Public forum', 'en-GB');
INSERT INTO OKM_TRANSLATION (TR_MODULE, TR_KEY, TR_TEXT, TR_LANGUAGE) VALUES ('frontend', 'general.menu.report', 'Reports', 'en-GB');
INSERT INTO OKM_TRANSLATION (TR_MODULE, TR_KEY, TR_TEXT, TR_LANGUAGE) VALUES ('frontend', 'general.menu.report.format', 'Format', 'en-GB');
INSERT INTO OKM_TRANSLATION (TR_MODULE, TR_KEY, TR_TEXT, TR_LANGUAGE) VALUES ('frontend', 'general.menu.report.format.csv', 'CSV', 'en-GB');
INSERT INTO OKM_TRANSLATION (TR_MODULE, TR_KEY, TR_TEXT, TR_LANGUAGE) VALUES ('frontend', 'general.menu.report.format.pdf', 'PDF', 'en-GB');
INSERT INTO OKM_TRANSLATION (TR_MODULE, TR_KEY, TR_TEXT, TR_LANGUAGE) VALUES ('frontend', 'general.menu.report.format.rtf', 'RTF', 'en-GB');
INSERT INTO OKM_TRANSLATION (TR_MODULE, TR_KEY, TR_TEXT, TR_LANGUAGE) VALUES ('frontend', 'general.menu.support.request', 'Support request', 'en-GB');
INSERT INTO OKM_TRANSLATION (TR_MODULE, TR_KEY, TR_TEXT, TR_LANGUAGE) VALUES ('frontend', 'general.menu.tools', 'Tools', 'en-GB');
INSERT INTO OKM_TRANSLATION (TR_MODULE, TR_KEY, TR_TEXT, TR_LANGUAGE) VALUES ('frontend', 'general.menu.tools.languages', 'Languages', 'en-GB');
INSERT INTO OKM_TRANSLATION (TR_MODULE, TR_KEY, TR_TEXT, TR_LANGUAGE) VALUES ('frontend', 'general.menu.tools.preferences', 'Preferences', 'en-GB');
INSERT INTO OKM_TRANSLATION (TR_MODULE, TR_KEY, TR_TEXT, TR_LANGUAGE) VALUES ('frontend', 'general.menu.tools.skin', 'Skin', 'en-GB');
INSERT INTO OKM_TRANSLATION (TR_MODULE, TR_KEY, TR_TEXT, TR_LANGUAGE) VALUES ('frontend', 'general.menu.tools.skin.bigfont', 'Big font', 'en-GB');
INSERT INTO OKM_TRANSLATION (TR_MODULE, TR_KEY, TR_TEXT, TR_LANGUAGE) VALUES ('frontend', 'general.menu.tools.skin.default', 'By default', 'en-GB');
INSERT INTO OKM_TRANSLATION (TR_MODULE, TR_KEY, TR_TEXT, TR_LANGUAGE) VALUES ('frontend', 'general.menu.tools.skin.default2', 'By default 2', 'en-GB');
INSERT INTO OKM_TRANSLATION (TR_MODULE, TR_KEY, TR_TEXT, TR_LANGUAGE) VALUES ('frontend', 'general.menu.tools.skin.mediumfont', 'Medium font', 'en-GB');
INSERT INTO OKM_TRANSLATION (TR_MODULE, TR_KEY, TR_TEXT, TR_LANGUAGE) VALUES ('frontend', 'general.menu.tools.user.preferences', 'User configuration', 'en-GB');
INSERT INTO OKM_TRANSLATION (TR_MODULE, TR_KEY, TR_TEXT, TR_LANGUAGE) VALUES ('frontend', 'general.menu.version.changes', 'Version notes', 'en-GB');
INSERT INTO OKM_TRANSLATION (TR_MODULE, TR_KEY, TR_TEXT, TR_LANGUAGE) VALUES ('frontend', 'group.group', 'Group', 'en-GB');
INSERT INTO OKM_TRANSLATION (TR_MODULE, TR_KEY, TR_TEXT, TR_LANGUAGE) VALUES ('frontend', 'group.label', 'Add property group', 'en-GB');
INSERT INTO OKM_TRANSLATION (TR_MODULE, TR_KEY, TR_TEXT, TR_LANGUAGE) VALUES ('frontend', 'group.properties.status.get.database.records', 'Getting records', 'en-GB');
INSERT INTO OKM_TRANSLATION (TR_MODULE, TR_KEY, TR_TEXT, TR_LANGUAGE) VALUES ('frontend', 'group.property.group', 'Property', 'en-GB');
INSERT INTO OKM_TRANSLATION (TR_MODULE, TR_KEY, TR_TEXT, TR_LANGUAGE) VALUES ('frontend', 'image.viewer.label', 'Image viewer', 'en-GB');
INSERT INTO OKM_TRANSLATION (TR_MODULE, TR_KEY, TR_TEXT, TR_LANGUAGE) VALUES ('frontend', 'image.viewer.zoom.in', 'Zoom in', 'en-GB');
INSERT INTO OKM_TRANSLATION (TR_MODULE, TR_KEY, TR_TEXT, TR_LANGUAGE) VALUES ('frontend', 'image.viewer.zoom.out', 'Zoom out', 'en-GB');
INSERT INTO OKM_TRANSLATION (TR_MODULE, TR_KEY, TR_TEXT, TR_LANGUAGE) VALUES ('frontend', 'leftpanel.label.all.repository', 'All repository', 'en-GB');
INSERT INTO OKM_TRANSLATION (TR_MODULE, TR_KEY, TR_TEXT, TR_LANGUAGE) VALUES ('frontend', 'leftpanel.label.categories', 'Categories', 'en-GB');
INSERT INTO OKM_TRANSLATION (TR_MODULE, TR_KEY, TR_TEXT, TR_LANGUAGE) VALUES ('frontend', 'leftpanel.label.mail', 'E-mail', 'en-GB');
INSERT INTO OKM_TRANSLATION (TR_MODULE, TR_KEY, TR_TEXT, TR_LANGUAGE) VALUES ('frontend', 'leftpanel.label.my.documents', 'My documents', 'en-GB');
INSERT INTO OKM_TRANSLATION (TR_MODULE, TR_KEY, TR_TEXT, TR_LANGUAGE) VALUES ('frontend', 'leftpanel.label.stored.search', 'Stored searches', 'en-GB');
INSERT INTO OKM_TRANSLATION (TR_MODULE, TR_KEY, TR_TEXT, TR_LANGUAGE) VALUES ('frontend', 'leftpanel.label.taxonomy', 'Taxonomy', 'en-GB');
INSERT INTO OKM_TRANSLATION (TR_MODULE, TR_KEY, TR_TEXT, TR_LANGUAGE) VALUES ('frontend', 'leftpanel.label.templates', 'Templates', 'en-GB');
INSERT INTO OKM_TRANSLATION (TR_MODULE, TR_KEY, TR_TEXT, TR_LANGUAGE) VALUES ('frontend', 'leftpanel.label.thesaurus', 'Thesaurus', 'en-GB');
INSERT INTO OKM_TRANSLATION (TR_MODULE, TR_KEY, TR_TEXT, TR_LANGUAGE) VALUES ('frontend', 'leftpanel.label.trash', 'Trash', 'en-GB');
INSERT INTO OKM_TRANSLATION (TR_MODULE, TR_KEY, TR_TEXT, TR_LANGUAGE) VALUES ('frontend', 'leftpanel.label.user.search', 'User news', 'en-GB');
INSERT INTO OKM_TRANSLATION (TR_MODULE, TR_KEY, TR_TEXT, TR_LANGUAGE) VALUES ('frontend', 'logout.closed', 'OpenKM has been closed correctly.', 'en-GB');
INSERT INTO OKM_TRANSLATION (TR_MODULE, TR_KEY, TR_TEXT, TR_LANGUAGE) VALUES ('frontend', 'logout.label', 'Exit', 'en-GB');
INSERT INTO OKM_TRANSLATION (TR_MODULE, TR_KEY, TR_TEXT, TR_LANGUAGE) VALUES ('frontend', 'logout.logout', 'OpenKM is logging out,  please wait', 'en-GB');
INSERT INTO OKM_TRANSLATION (TR_MODULE, TR_KEY, TR_TEXT, TR_LANGUAGE) VALUES ('frontend', 'mail.attachment', 'Attachments', 'en-GB');
INSERT INTO OKM_TRANSLATION (TR_MODULE, TR_KEY, TR_TEXT, TR_LANGUAGE) VALUES ('frontend', 'mail.from', 'From', 'en-GB');
INSERT INTO OKM_TRANSLATION (TR_MODULE, TR_KEY, TR_TEXT, TR_LANGUAGE) VALUES ('frontend', 'mail.reply', 'Reply to', 'en-GB');
INSERT INTO OKM_TRANSLATION (TR_MODULE, TR_KEY, TR_TEXT, TR_LANGUAGE) VALUES ('frontend', 'mail.subject', 'Subject', 'en-GB');
INSERT INTO OKM_TRANSLATION (TR_MODULE, TR_KEY, TR_TEXT, TR_LANGUAGE) VALUES ('frontend', 'mail.to', 'To', 'en-GB');
INSERT INTO OKM_TRANSLATION (TR_MODULE, TR_KEY, TR_TEXT, TR_LANGUAGE) VALUES ('frontend', 'media.player.label', 'Media player', 'en-GB');
INSERT INTO OKM_TRANSLATION (TR_MODULE, TR_KEY, TR_TEXT, TR_LANGUAGE) VALUES ('extension', 'messaging.detail.date', 'Date', 'en-GB');
INSERT INTO OKM_TRANSLATION (TR_MODULE, TR_KEY, TR_TEXT, TR_LANGUAGE) VALUES ('extension', 'messaging.detail.document', 'Document', 'en-GB');
INSERT INTO OKM_TRANSLATION (TR_MODULE, TR_KEY, TR_TEXT, TR_LANGUAGE) VALUES ('extension', 'messaging.detail.folder', 'Folder', 'en-GB');
INSERT INTO OKM_TRANSLATION (TR_MODULE, TR_KEY, TR_TEXT, TR_LANGUAGE) VALUES ('extension', 'messaging.detail.from', 'From', 'en-GB');
INSERT INTO OKM_TRANSLATION (TR_MODULE, TR_KEY, TR_TEXT, TR_LANGUAGE) VALUES ('extension', 'messaging.detail.query', 'Query', 'en-GB');
INSERT INTO OKM_TRANSLATION (TR_MODULE, TR_KEY, TR_TEXT, TR_LANGUAGE) VALUES ('extension', 'messaging.detail.shared', 'Shared', 'en-GB');
INSERT INTO OKM_TRANSLATION (TR_MODULE, TR_KEY, TR_TEXT, TR_LANGUAGE) VALUES ('extension', 'messaging.detail.subscribed', 'Subscribed', 'en-GB');
INSERT INTO OKM_TRANSLATION (TR_MODULE, TR_KEY, TR_TEXT, TR_LANGUAGE) VALUES ('extension', 'messaging.detail.to', 'To', 'en-GB');
INSERT INTO OKM_TRANSLATION (TR_MODULE, TR_KEY, TR_TEXT, TR_LANGUAGE) VALUES ('extension', 'messaging.detail.type', 'Type', 'en-GB');
INSERT INTO OKM_TRANSLATION (TR_MODULE, TR_KEY, TR_TEXT, TR_LANGUAGE) VALUES ('extension', 'messaging.label.groups', 'Groups', 'en-GB');
INSERT INTO OKM_TRANSLATION (TR_MODULE, TR_KEY, TR_TEXT, TR_LANGUAGE) VALUES ('extension', 'messaging.label.groups.to.notify', 'Groups to notify', 'en-GB');
INSERT INTO OKM_TRANSLATION (TR_MODULE, TR_KEY, TR_TEXT, TR_LANGUAGE) VALUES ('extension', 'messaging.label.message.received', 'Messages received', 'en-GB');
INSERT INTO OKM_TRANSLATION (TR_MODULE, TR_KEY, TR_TEXT, TR_LANGUAGE) VALUES ('extension', 'messaging.label.message.sent', 'Message sent', 'en-GB');
INSERT INTO OKM_TRANSLATION (TR_MODULE, TR_KEY, TR_TEXT, TR_LANGUAGE) VALUES ('extension', 'messaging.label.must.select.users', 'Must select some user', 'en-GB');
INSERT INTO OKM_TRANSLATION (TR_MODULE, TR_KEY, TR_TEXT, TR_LANGUAGE) VALUES ('extension', 'messaging.label.notify.comment', 'Comment', 'en-GB');
INSERT INTO OKM_TRANSLATION (TR_MODULE, TR_KEY, TR_TEXT, TR_LANGUAGE) VALUES ('extension', 'messaging.label.notify.subject', 'Subject', 'en-GB');
INSERT INTO OKM_TRANSLATION (TR_MODULE, TR_KEY, TR_TEXT, TR_LANGUAGE) VALUES ('extension', 'messaging.label.propose', 'Propositions', 'en-GB');
INSERT INTO OKM_TRANSLATION (TR_MODULE, TR_KEY, TR_TEXT, TR_LANGUAGE) VALUES ('extension', 'messaging.label.share.query', 'Proposed queries', 'en-GB');
INSERT INTO OKM_TRANSLATION (TR_MODULE, TR_KEY, TR_TEXT, TR_LANGUAGE) VALUES ('extension', 'messaging.label.users', 'Users', 'en-GB');
INSERT INTO OKM_TRANSLATION (TR_MODULE, TR_KEY, TR_TEXT, TR_LANGUAGE) VALUES ('extension', 'messaging.label.users.to.notify', 'Users to notify', 'en-GB');
INSERT INTO OKM_TRANSLATION (TR_MODULE, TR_KEY, TR_TEXT, TR_LANGUAGE) VALUES ('extension', 'messaging.menu', 'Messaging', 'en-GB');
INSERT INTO OKM_TRANSLATION (TR_MODULE, TR_KEY, TR_TEXT, TR_LANGUAGE) VALUES ('extension', 'messaging.message.date', 'Date', 'en-GB');
INSERT INTO OKM_TRANSLATION (TR_MODULE, TR_KEY, TR_TEXT, TR_LANGUAGE) VALUES ('extension', 'messaging.message.delete', 'Delete', 'en-GB');
INSERT INTO OKM_TRANSLATION (TR_MODULE, TR_KEY, TR_TEXT, TR_LANGUAGE) VALUES ('extension', 'messaging.message.proposed.folder.document', 'Proposed document/folder', 'en-GB');
INSERT INTO OKM_TRANSLATION (TR_MODULE, TR_KEY, TR_TEXT, TR_LANGUAGE) VALUES ('extension', 'messaging.message.proposed.query', 'Proposed query', 'en-GB');
INSERT INTO OKM_TRANSLATION (TR_MODULE, TR_KEY, TR_TEXT, TR_LANGUAGE) VALUES ('extension', 'messaging.message.send.from', 'Sent from', 'en-GB');
INSERT INTO OKM_TRANSLATION (TR_MODULE, TR_KEY, TR_TEXT, TR_LANGUAGE) VALUES ('extension', 'messaging.message.send.to', 'Send to', 'en-GB');
INSERT INTO OKM_TRANSLATION (TR_MODULE, TR_KEY, TR_TEXT, TR_LANGUAGE) VALUES ('extension', 'messaging.message.subject', 'Subject', 'en-GB');
INSERT INTO OKM_TRANSLATION (TR_MODULE, TR_KEY, TR_TEXT, TR_LANGUAGE) VALUES ('extension', 'messaging.message.type', 'Type', 'en-GB');
INSERT INTO OKM_TRANSLATION (TR_MODULE, TR_KEY, TR_TEXT, TR_LANGUAGE) VALUES ('extension', 'messaging.message.type.message.sent', 'Message sent', 'en-GB');
INSERT INTO OKM_TRANSLATION (TR_MODULE, TR_KEY, TR_TEXT, TR_LANGUAGE) VALUES ('extension', 'messaging.message.type.propose.document', 'Document proposed', 'en-GB');
INSERT INTO OKM_TRANSLATION (TR_MODULE, TR_KEY, TR_TEXT, TR_LANGUAGE) VALUES ('extension', 'messaging.message.type.propose.folder', 'Folder proposed', 'en-GB');
INSERT INTO OKM_TRANSLATION (TR_MODULE, TR_KEY, TR_TEXT, TR_LANGUAGE) VALUES ('extension', 'messaging.message.type.propose.query', 'Query prososed', 'en-GB');
INSERT INTO OKM_TRANSLATION (TR_MODULE, TR_KEY, TR_TEXT, TR_LANGUAGE) VALUES ('extension', 'messaging.message.type.propose.user.query', 'Proposed user query', 'en-GB');
INSERT INTO OKM_TRANSLATION (TR_MODULE, TR_KEY, TR_TEXT, TR_LANGUAGE) VALUES ('extension', 'messaging.message.user', 'User', 'en-GB');
INSERT INTO OKM_TRANSLATION (TR_MODULE, TR_KEY, TR_TEXT, TR_LANGUAGE) VALUES ('extension', 'messaging.send.new.message', 'Send new message', 'en-GB');
INSERT INTO OKM_TRANSLATION (TR_MODULE, TR_KEY, TR_TEXT, TR_LANGUAGE) VALUES ('extension', 'messaging.share.query', 'Share search', 'en-GB');
INSERT INTO OKM_TRANSLATION (TR_MODULE, TR_KEY, TR_TEXT, TR_LANGUAGE) VALUES ('extension', 'messaging.user.info.new.message.received', 'New message received', 'en-GB');
INSERT INTO OKM_TRANSLATION (TR_MODULE, TR_KEY, TR_TEXT, TR_LANGUAGE) VALUES ('extension', 'messaging.user.info.new.proposed.query', 'New proposed query', 'en-GB');
INSERT INTO OKM_TRANSLATION (TR_MODULE, TR_KEY, TR_TEXT, TR_LANGUAGE) VALUES ('extension', 'messaging.user.info.new.proposed.subscription', 'New proposed subscription', 'en-GB');
INSERT INTO OKM_TRANSLATION (TR_MODULE, TR_KEY, TR_TEXT, TR_LANGUAGE) VALUES ('extension', 'new.message.title', 'Send new message', 'en-GB');
INSERT INTO OKM_TRANSLATION (TR_MODULE, TR_KEY, TR_TEXT, TR_LANGUAGE) VALUES ('frontend', 'notify.label', 'Sending document link', 'en-GB');
INSERT INTO OKM_TRANSLATION (TR_MODULE, TR_KEY, TR_TEXT, TR_LANGUAGE) VALUES ('frontend', 'notify.label.attachment', 'Send document attachment', 'en-GB');
INSERT INTO OKM_TRANSLATION (TR_MODULE, TR_KEY, TR_TEXT, TR_LANGUAGE) VALUES ('frontend', 'openkm.update.available', 'OpenKM update available', 'en-GB');
INSERT INTO OKM_TRANSLATION (TR_MODULE, TR_KEY, TR_TEXT, TR_LANGUAGE) VALUES ('frontend', 'preview.unavailable', 'Preview unavailable', 'en-GB');
INSERT INTO OKM_TRANSLATION (TR_MODULE, TR_KEY, TR_TEXT, TR_LANGUAGE) VALUES ('extension', 'propose.query.title', 'Send propose query', 'en-GB');
INSERT INTO OKM_TRANSLATION (TR_MODULE, TR_KEY, TR_TEXT, TR_LANGUAGE) VALUES ('extension', 'propose.subscription.title', 'Send propose subscription', 'en-GB');
INSERT INTO OKM_TRANSLATION (TR_MODULE, TR_KEY, TR_TEXT, TR_LANGUAGE) VALUES ('frontend', 'report.parameters', 'Report parameters', 'en-GB');
INSERT INTO OKM_TRANSLATION (TR_MODULE, TR_KEY, TR_TEXT, TR_LANGUAGE) VALUES ('frontend', 'richtext.add.image.url', 'Add a link image', 'en-GB');
INSERT INTO OKM_TRANSLATION (TR_MODULE, TR_KEY, TR_TEXT, TR_LANGUAGE) VALUES ('frontend', 'richtext.add.url', 'Add a link url', 'en-GB');
INSERT INTO OKM_TRANSLATION (TR_MODULE, TR_KEY, TR_TEXT, TR_LANGUAGE) VALUES ('frontend', 'richtext.black', 'Black', 'en-GB');
INSERT INTO OKM_TRANSLATION (TR_MODULE, TR_KEY, TR_TEXT, TR_LANGUAGE) VALUES ('frontend', 'richtext.blue', 'Blue', 'en-GB');
INSERT INTO OKM_TRANSLATION (TR_MODULE, TR_KEY, TR_TEXT, TR_LANGUAGE) VALUES ('frontend', 'richtext.bold', 'Bold', 'en-GB');
INSERT INTO OKM_TRANSLATION (TR_MODULE, TR_KEY, TR_TEXT, TR_LANGUAGE) VALUES ('frontend', 'richtext.colors', 'Colors', 'en-GB');
INSERT INTO OKM_TRANSLATION (TR_MODULE, TR_KEY, TR_TEXT, TR_LANGUAGE) VALUES ('frontend', 'richtext.fonts', 'Fonts', 'en-GB');
INSERT INTO OKM_TRANSLATION (TR_MODULE, TR_KEY, TR_TEXT, TR_LANGUAGE) VALUES ('frontend', 'richtext.green', 'Green', 'en-GB');
INSERT INTO OKM_TRANSLATION (TR_MODULE, TR_KEY, TR_TEXT, TR_LANGUAGE) VALUES ('frontend', 'richtext.ident.left', 'Ident left', 'en-GB');
INSERT INTO OKM_TRANSLATION (TR_MODULE, TR_KEY, TR_TEXT, TR_LANGUAGE) VALUES ('frontend', 'richtext.ident.right', 'Ident right', 'en-GB');
INSERT INTO OKM_TRANSLATION (TR_MODULE, TR_KEY, TR_TEXT, TR_LANGUAGE) VALUES ('frontend', 'richtext.image', 'Insert image', 'en-GB');
INSERT INTO OKM_TRANSLATION (TR_MODULE, TR_KEY, TR_TEXT, TR_LANGUAGE) VALUES ('frontend', 'richtext.italic', 'Italic', 'en-GB');
INSERT INTO OKM_TRANSLATION (TR_MODULE, TR_KEY, TR_TEXT, TR_LANGUAGE) VALUES ('frontend', 'richtext.justify', 'Justify', 'en-GB');
INSERT INTO OKM_TRANSLATION (TR_MODULE, TR_KEY, TR_TEXT, TR_LANGUAGE) VALUES ('frontend', 'richtext.justify.center', 'Center', 'en-GB');
INSERT INTO OKM_TRANSLATION (TR_MODULE, TR_KEY, TR_TEXT, TR_LANGUAGE) VALUES ('frontend', 'richtext.justify.left', 'Justify left', 'en-GB');
INSERT INTO OKM_TRANSLATION (TR_MODULE, TR_KEY, TR_TEXT, TR_LANGUAGE) VALUES ('frontend', 'richtext.justify.right', 'Jusitfy right', 'en-GB');
INSERT INTO OKM_TRANSLATION (TR_MODULE, TR_KEY, TR_TEXT, TR_LANGUAGE) VALUES ('frontend', 'richtext.line', 'Inser line', 'en-GB');
INSERT INTO OKM_TRANSLATION (TR_MODULE, TR_KEY, TR_TEXT, TR_LANGUAGE) VALUES ('frontend', 'richtext.link.break', 'Break link', 'en-GB');
INSERT INTO OKM_TRANSLATION (TR_MODULE, TR_KEY, TR_TEXT, TR_LANGUAGE) VALUES ('frontend', 'richtext.link.create', 'Create link', 'en-GB');
INSERT INTO OKM_TRANSLATION (TR_MODULE, TR_KEY, TR_TEXT, TR_LANGUAGE) VALUES ('frontend', 'richtext.list.ordered', 'Ordered list', 'en-GB');
INSERT INTO OKM_TRANSLATION (TR_MODULE, TR_KEY, TR_TEXT, TR_LANGUAGE) VALUES ('frontend', 'richtext.list.unordered', 'Unordered list', 'en-GB');
INSERT INTO OKM_TRANSLATION (TR_MODULE, TR_KEY, TR_TEXT, TR_LANGUAGE) VALUES ('frontend', 'richtext.red', 'Red', 'en-GB');
INSERT INTO OKM_TRANSLATION (TR_MODULE, TR_KEY, TR_TEXT, TR_LANGUAGE) VALUES ('frontend', 'richtext.remove.format', 'Remove format', 'en-GB');
INSERT INTO OKM_TRANSLATION (TR_MODULE, TR_KEY, TR_TEXT, TR_LANGUAGE) VALUES ('frontend', 'richtext.stroke', 'Stroke', 'en-GB');
INSERT INTO OKM_TRANSLATION (TR_MODULE, TR_KEY, TR_TEXT, TR_LANGUAGE) VALUES ('frontend', 'richtext.subscript', 'Subscript', 'en-GB');
INSERT INTO OKM_TRANSLATION (TR_MODULE, TR_KEY, TR_TEXT, TR_LANGUAGE) VALUES ('frontend', 'richtext.superscript', 'Superscript', 'en-GB');
INSERT INTO OKM_TRANSLATION (TR_MODULE, TR_KEY, TR_TEXT, TR_LANGUAGE) VALUES ('frontend', 'richtext.switch.view', 'Switch view HTML/source', 'en-GB');
INSERT INTO OKM_TRANSLATION (TR_MODULE, TR_KEY, TR_TEXT, TR_LANGUAGE) VALUES ('frontend', 'richtext.underline', 'Underline', 'en-GB');
INSERT INTO OKM_TRANSLATION (TR_MODULE, TR_KEY, TR_TEXT, TR_LANGUAGE) VALUES ('frontend', 'richtext.white', 'White', 'en-GB');
INSERT INTO OKM_TRANSLATION (TR_MODULE, TR_KEY, TR_TEXT, TR_LANGUAGE) VALUES ('frontend', 'richtext.yellow', 'Yellow', 'en-GB');
INSERT INTO OKM_TRANSLATION (TR_MODULE, TR_KEY, TR_TEXT, TR_LANGUAGE) VALUES ('frontend', 'search.add.property.group', 'Add property group', 'en-GB');
INSERT INTO OKM_TRANSLATION (TR_MODULE, TR_KEY, TR_TEXT, TR_LANGUAGE) VALUES ('frontend', 'search.advanced', 'Advanced', 'en-GB');
INSERT INTO OKM_TRANSLATION (TR_MODULE, TR_KEY, TR_TEXT, TR_LANGUAGE) VALUES ('frontend', 'search.category', 'Category', 'en-GB');
INSERT INTO OKM_TRANSLATION (TR_MODULE, TR_KEY, TR_TEXT, TR_LANGUAGE) VALUES ('frontend', 'search.category.filter', 'Filter by category', 'en-GB');
INSERT INTO OKM_TRANSLATION (TR_MODULE, TR_KEY, TR_TEXT, TR_LANGUAGE) VALUES ('frontend', 'search.content', 'Content', 'en-GB');
INSERT INTO OKM_TRANSLATION (TR_MODULE, TR_KEY, TR_TEXT, TR_LANGUAGE) VALUES ('frontend', 'search.context', 'Context', 'en-GB');
INSERT INTO OKM_TRANSLATION (TR_MODULE, TR_KEY, TR_TEXT, TR_LANGUAGE) VALUES ('frontend', 'search.date.and', 'and', 'en-GB');
INSERT INTO OKM_TRANSLATION (TR_MODULE, TR_KEY, TR_TEXT, TR_LANGUAGE) VALUES ('frontend', 'search.date.range', 'Date range between', 'en-GB');
INSERT INTO OKM_TRANSLATION (TR_MODULE, TR_KEY, TR_TEXT, TR_LANGUAGE) VALUES ('frontend', 'search.folder', 'Folder', 'en-GB');
INSERT INTO OKM_TRANSLATION (TR_MODULE, TR_KEY, TR_TEXT, TR_LANGUAGE) VALUES ('frontend', 'search.folder.filter', 'Filter by folder', 'en-GB');
INSERT INTO OKM_TRANSLATION (TR_MODULE, TR_KEY, TR_TEXT, TR_LANGUAGE) VALUES ('frontend', 'search.keywords', 'Keywords', 'en-GB');
INSERT INTO OKM_TRANSLATION (TR_MODULE, TR_KEY, TR_TEXT, TR_LANGUAGE) VALUES ('frontend', 'search.metadata', 'Metadata', 'en-GB');
INSERT INTO OKM_TRANSLATION (TR_MODULE, TR_KEY, TR_TEXT, TR_LANGUAGE) VALUES ('frontend', 'search.mimetype', 'Mime type', 'en-GB');
INSERT INTO OKM_TRANSLATION (TR_MODULE, TR_KEY, TR_TEXT, TR_LANGUAGE) VALUES ('frontend', 'search.name', 'Name', 'en-GB');
INSERT INTO OKM_TRANSLATION (TR_MODULE, TR_KEY, TR_TEXT, TR_LANGUAGE) VALUES ('frontend', 'search.normal', 'Basic', 'en-GB');
INSERT INTO OKM_TRANSLATION (TR_MODULE, TR_KEY, TR_TEXT, TR_LANGUAGE) VALUES ('frontend', 'search.page.results', 'Page results', 'en-GB');
INSERT INTO OKM_TRANSLATION (TR_MODULE, TR_KEY, TR_TEXT, TR_LANGUAGE) VALUES ('frontend', 'search.result.author', 'Author', 'en-GB');
INSERT INTO OKM_TRANSLATION (TR_MODULE, TR_KEY, TR_TEXT, TR_LANGUAGE) VALUES ('frontend', 'search.result.date.update', 'Update date', 'en-GB');
INSERT INTO OKM_TRANSLATION (TR_MODULE, TR_KEY, TR_TEXT, TR_LANGUAGE) VALUES ('frontend', 'search.result.menu.download', 'Download', 'en-GB');
INSERT INTO OKM_TRANSLATION (TR_MODULE, TR_KEY, TR_TEXT, TR_LANGUAGE) VALUES ('frontend', 'search.result.menu.go.document', 'Go to document', 'en-GB');
INSERT INTO OKM_TRANSLATION (TR_MODULE, TR_KEY, TR_TEXT, TR_LANGUAGE) VALUES ('frontend', 'search.result.menu.go.folder', 'Go to folder', 'en-GB');
INSERT INTO OKM_TRANSLATION (TR_MODULE, TR_KEY, TR_TEXT, TR_LANGUAGE) VALUES ('frontend', 'search.result.name', 'Name', 'en-GB');
INSERT INTO OKM_TRANSLATION (TR_MODULE, TR_KEY, TR_TEXT, TR_LANGUAGE) VALUES ('frontend', 'search.result.path', 'Path', 'en-GB');
INSERT INTO OKM_TRANSLATION (TR_MODULE, TR_KEY, TR_TEXT, TR_LANGUAGE) VALUES ('frontend', 'search.result.score', 'Relevance', 'en-GB');
INSERT INTO OKM_TRANSLATION (TR_MODULE, TR_KEY, TR_TEXT, TR_LANGUAGE) VALUES ('frontend', 'search.result.size', 'Size', 'en-GB');
INSERT INTO OKM_TRANSLATION (TR_MODULE, TR_KEY, TR_TEXT, TR_LANGUAGE) VALUES ('frontend', 'search.result.status.findPaginated', 'Updating search', 'en-GB');
INSERT INTO OKM_TRANSLATION (TR_MODULE, TR_KEY, TR_TEXT, TR_LANGUAGE) VALUES ('frontend', 'search.result.status.refresh.property.groups', 'Resfreshing property groups', 'en-GB');
INSERT INTO OKM_TRANSLATION (TR_MODULE, TR_KEY, TR_TEXT, TR_LANGUAGE) VALUES ('frontend', 'search.result.status.refresh.results', 'Resfreshing results', 'en-GB');
INSERT INTO OKM_TRANSLATION (TR_MODULE, TR_KEY, TR_TEXT, TR_LANGUAGE) VALUES ('frontend', 'search.result.status.runsearch', 'Updating saved search', 'en-GB');
INSERT INTO OKM_TRANSLATION (TR_MODULE, TR_KEY, TR_TEXT, TR_LANGUAGE) VALUES ('frontend', 'search.result.version', 'Version', 'en-GB');
INSERT INTO OKM_TRANSLATION (TR_MODULE, TR_KEY, TR_TEXT, TR_LANGUAGE) VALUES ('frontend', 'search.results', 'Results', 'en-GB');
INSERT INTO OKM_TRANSLATION (TR_MODULE, TR_KEY, TR_TEXT, TR_LANGUAGE) VALUES ('frontend', 'search.save.as.news', 'Save as user news', 'en-GB');
INSERT INTO OKM_TRANSLATION (TR_MODULE, TR_KEY, TR_TEXT, TR_LANGUAGE) VALUES ('frontend', 'search.saved.delete', 'Delete', 'en-GB');
INSERT INTO OKM_TRANSLATION (TR_MODULE, TR_KEY, TR_TEXT, TR_LANGUAGE) VALUES ('frontend', 'search.saved.run', 'Run', 'en-GB');
INSERT INTO OKM_TRANSLATION (TR_MODULE, TR_KEY, TR_TEXT, TR_LANGUAGE) VALUES ('frontend', 'search.saved.status.deletesearch', 'Deleting saved search', 'en-GB');
INSERT INTO OKM_TRANSLATION (TR_MODULE, TR_KEY, TR_TEXT, TR_LANGUAGE) VALUES ('frontend', 'search.saved.status.getsearchs', 'Refreshing saved searches', 'en-GB');
INSERT INTO OKM_TRANSLATION (TR_MODULE, TR_KEY, TR_TEXT, TR_LANGUAGE) VALUES ('frontend', 'search.saved.status.getusernews', 'Refreshing user news', 'en-GB');
INSERT INTO OKM_TRANSLATION (TR_MODULE, TR_KEY, TR_TEXT, TR_LANGUAGE) VALUES ('frontend', 'search.saved.status.savesearch', 'Updating save search', 'en-GB');
INSERT INTO OKM_TRANSLATION (TR_MODULE, TR_KEY, TR_TEXT, TR_LANGUAGE) VALUES ('frontend', 'search.to', 'to', 'en-GB');
INSERT INTO OKM_TRANSLATION (TR_MODULE, TR_KEY, TR_TEXT, TR_LANGUAGE) VALUES ('frontend', 'search.type', 'Type', 'en-GB');
INSERT INTO OKM_TRANSLATION (TR_MODULE, TR_KEY, TR_TEXT, TR_LANGUAGE) VALUES ('frontend', 'search.type.document', 'Document', 'en-GB');
INSERT INTO OKM_TRANSLATION (TR_MODULE, TR_KEY, TR_TEXT, TR_LANGUAGE) VALUES ('frontend', 'search.type.folder', 'Folder', 'en-GB');
INSERT INTO OKM_TRANSLATION (TR_MODULE, TR_KEY, TR_TEXT, TR_LANGUAGE) VALUES ('frontend', 'search.type.mail', 'Mail', 'en-GB');
INSERT INTO OKM_TRANSLATION (TR_MODULE, TR_KEY, TR_TEXT, TR_LANGUAGE) VALUES ('frontend', 'search.user', 'User', 'en-GB');
INSERT INTO OKM_TRANSLATION (TR_MODULE, TR_KEY, TR_TEXT, TR_LANGUAGE) VALUES ('frontend', 'search.view.compact.results', 'Results compact view', 'en-GB');
INSERT INTO OKM_TRANSLATION (TR_MODULE, TR_KEY, TR_TEXT, TR_LANGUAGE) VALUES ('frontend', 'search.view.propety.groups', 'View property groups', 'en-GB');
INSERT INTO OKM_TRANSLATION (TR_MODULE, TR_KEY, TR_TEXT, TR_LANGUAGE) VALUES ('frontend', 'security.filter.by.groups', 'Roles filter', 'en-GB');
INSERT INTO OKM_TRANSLATION (TR_MODULE, TR_KEY, TR_TEXT, TR_LANGUAGE) VALUES ('extension', 'security.filter.by.groups', 'Roles filter', 'en-GB');
INSERT INTO OKM_TRANSLATION (TR_MODULE, TR_KEY, TR_TEXT, TR_LANGUAGE) VALUES ('frontend', 'security.filter.by.users', 'Users filter', 'en-GB');
INSERT INTO OKM_TRANSLATION (TR_MODULE, TR_KEY, TR_TEXT, TR_LANGUAGE) VALUES ('extension', 'security.filter.by.users', 'Users filter', 'en-GB');
INSERT INTO OKM_TRANSLATION (TR_MODULE, TR_KEY, TR_TEXT, TR_LANGUAGE) VALUES ('frontend', 'security.group.name', 'Group', 'en-GB');
INSERT INTO OKM_TRANSLATION (TR_MODULE, TR_KEY, TR_TEXT, TR_LANGUAGE) VALUES ('frontend', 'security.group.permission.delete', 'Delete', 'en-GB');
INSERT INTO OKM_TRANSLATION (TR_MODULE, TR_KEY, TR_TEXT, TR_LANGUAGE) VALUES ('frontend', 'security.group.permission.read', 'Read', 'en-GB');
INSERT INTO OKM_TRANSLATION (TR_MODULE, TR_KEY, TR_TEXT, TR_LANGUAGE) VALUES ('frontend', 'security.group.permission.security', 'Security', 'en-GB');
INSERT INTO OKM_TRANSLATION (TR_MODULE, TR_KEY, TR_TEXT, TR_LANGUAGE) VALUES ('frontend', 'security.group.permission.write', 'Write', 'en-GB');
INSERT INTO OKM_TRANSLATION (TR_MODULE, TR_KEY, TR_TEXT, TR_LANGUAGE) VALUES ('frontend', 'security.groups', 'Groups', 'en-GB');
INSERT INTO OKM_TRANSLATION (TR_MODULE, TR_KEY, TR_TEXT, TR_LANGUAGE) VALUES ('frontend', 'security.label', 'Security', 'en-GB');
INSERT INTO OKM_TRANSLATION (TR_MODULE, TR_KEY, TR_TEXT, TR_LANGUAGE) VALUES ('frontend', 'security.recursive', 'Recursive permission changes', 'en-GB');
INSERT INTO OKM_TRANSLATION (TR_MODULE, TR_KEY, TR_TEXT, TR_LANGUAGE) VALUES ('frontend', 'security.status.updating', 'Updating security', 'en-GB');
INSERT INTO OKM_TRANSLATION (TR_MODULE, TR_KEY, TR_TEXT, TR_LANGUAGE) VALUES ('frontend', 'security.user.name', 'User', 'en-GB');
INSERT INTO OKM_TRANSLATION (TR_MODULE, TR_KEY, TR_TEXT, TR_LANGUAGE) VALUES ('frontend', 'security.user.permission.delete', 'Delete', 'en-GB');
INSERT INTO OKM_TRANSLATION (TR_MODULE, TR_KEY, TR_TEXT, TR_LANGUAGE) VALUES ('frontend', 'security.user.permission.read', 'Read', 'en-GB');
INSERT INTO OKM_TRANSLATION (TR_MODULE, TR_KEY, TR_TEXT, TR_LANGUAGE) VALUES ('frontend', 'security.user.permission.security', 'Security', 'en-GB');
INSERT INTO OKM_TRANSLATION (TR_MODULE, TR_KEY, TR_TEXT, TR_LANGUAGE) VALUES ('frontend', 'security.user.permission.write', 'Write', 'en-GB');
INSERT INTO OKM_TRANSLATION (TR_MODULE, TR_KEY, TR_TEXT, TR_LANGUAGE) VALUES ('frontend', 'security.users', 'Users', 'en-GB');
INSERT INTO OKM_TRANSLATION (TR_MODULE, TR_KEY, TR_TEXT, TR_LANGUAGE) VALUES ('extension', 'signature.actual', 'Signature', 'en-GB');
INSERT INTO OKM_TRANSLATION (TR_MODULE, TR_KEY, TR_TEXT, TR_LANGUAGE) VALUES ('extension', 'signature.change', 'Change signature', 'en-GB');
INSERT INTO OKM_TRANSLATION (TR_MODULE, TR_KEY, TR_TEXT, TR_LANGUAGE) VALUES ('extension', 'signature.not.signed', 'Not signed', 'en-GB');
INSERT INTO OKM_TRANSLATION (TR_MODULE, TR_KEY, TR_TEXT, TR_LANGUAGE) VALUES ('extension', 'stamp.label', 'Stamp documents', 'en-GB');
INSERT INTO OKM_TRANSLATION (TR_MODULE, TR_KEY, TR_TEXT, TR_LANGUAGE) VALUES ('extension', 'stamp.stamping.document', 'Stamping document, please wait ...', 'en-GB');
INSERT INTO OKM_TRANSLATION (TR_MODULE, TR_KEY, TR_TEXT, TR_LANGUAGE) VALUES ('extension', 'stamp.start', 'Stamp', 'en-GB');
INSERT INTO OKM_TRANSLATION (TR_MODULE, TR_KEY, TR_TEXT, TR_LANGUAGE) VALUES ('frontend', 'startup.bookmarks', 'Getting bookmarks', 'en-GB');
INSERT INTO OKM_TRANSLATION (TR_MODULE, TR_KEY, TR_TEXT, TR_LANGUAGE) VALUES ('frontend', 'startup.categories', 'Getting categories root node', 'en-GB');
INSERT INTO OKM_TRANSLATION (TR_MODULE, TR_KEY, TR_TEXT, TR_LANGUAGE) VALUES ('frontend', 'startup.keep.alive', 'Loading keep alive', 'en-GB');
INSERT INTO OKM_TRANSLATION (TR_MODULE, TR_KEY, TR_TEXT, TR_LANGUAGE) VALUES ('frontend', 'startup.loading.categories', 'Loading categories', 'en-GB');
INSERT INTO OKM_TRANSLATION (TR_MODULE, TR_KEY, TR_TEXT, TR_LANGUAGE) VALUES ('frontend', 'startup.loading.history.search', 'Loading history search', 'en-GB');
INSERT INTO OKM_TRANSLATION (TR_MODULE, TR_KEY, TR_TEXT, TR_LANGUAGE) VALUES ('frontend', 'startup.loading.mail', 'Loading e-mails', 'en-GB');
INSERT INTO OKM_TRANSLATION (TR_MODULE, TR_KEY, TR_TEXT, TR_LANGUAGE) VALUES ('frontend', 'startup.loading.personal', 'Loading personal', 'en-GB');
INSERT INTO OKM_TRANSLATION (TR_MODULE, TR_KEY, TR_TEXT, TR_LANGUAGE) VALUES ('frontend', 'startup.loading.taxonomy', 'Loading taxonomy', 'en-GB');
INSERT INTO OKM_TRANSLATION (TR_MODULE, TR_KEY, TR_TEXT, TR_LANGUAGE) VALUES ('frontend', 'startup.loading.taxonomy.eval.params', 'Loading taxonomy - eval browser params', 'en-GB');
INSERT INTO OKM_TRANSLATION (TR_MODULE, TR_KEY, TR_TEXT, TR_LANGUAGE) VALUES ('frontend', 'startup.loading.taxonomy.getting.filebrowser.documents', 'Loading taxonomy - getting documents', 'en-GB');
INSERT INTO OKM_TRANSLATION (TR_MODULE, TR_KEY, TR_TEXT, TR_LANGUAGE) VALUES ('frontend', 'startup.loading.taxonomy.getting.filebrowser.folders', 'Loading taxonomy - getting folders', 'en-GB');
INSERT INTO OKM_TRANSLATION (TR_MODULE, TR_KEY, TR_TEXT, TR_LANGUAGE) VALUES ('frontend', 'startup.loading.taxonomy.getting.filebrowser.mails', 'Loading taxonomy - getting mails', 'en-GB');
INSERT INTO OKM_TRANSLATION (TR_MODULE, TR_KEY, TR_TEXT, TR_LANGUAGE) VALUES ('frontend', 'startup.loading.taxonomy.getting.folders', 'Loading taxonomy - getting folders', 'en-GB');
INSERT INTO OKM_TRANSLATION (TR_MODULE, TR_KEY, TR_TEXT, TR_LANGUAGE) VALUES ('frontend', 'startup.loading.taxonomy.open.path', 'Loading taxonomy - open path', 'en-GB');
INSERT INTO OKM_TRANSLATION (TR_MODULE, TR_KEY, TR_TEXT, TR_LANGUAGE) VALUES ('frontend', 'startup.loading.templates', 'Loading templates', 'en-GB');
INSERT INTO OKM_TRANSLATION (TR_MODULE, TR_KEY, TR_TEXT, TR_LANGUAGE) VALUES ('frontend', 'startup.loading.thesaurus', 'Loading thesaurus', 'en-GB');
INSERT INTO OKM_TRANSLATION (TR_MODULE, TR_KEY, TR_TEXT, TR_LANGUAGE) VALUES ('frontend', 'startup.loading.trash', 'Loading trash', 'en-GB');
INSERT INTO OKM_TRANSLATION (TR_MODULE, TR_KEY, TR_TEXT, TR_LANGUAGE) VALUES ('frontend', 'startup.loading.user.values', 'Loading user values', 'en-GB');
INSERT INTO OKM_TRANSLATION (TR_MODULE, TR_KEY, TR_TEXT, TR_LANGUAGE) VALUES ('frontend', 'startup.mail', 'Getting e-mail root node', 'en-GB');
INSERT INTO OKM_TRANSLATION (TR_MODULE, TR_KEY, TR_TEXT, TR_LANGUAGE) VALUES ('frontend', 'startup.openkm', 'Loading OpenKM', 'en-GB');
INSERT INTO OKM_TRANSLATION (TR_MODULE, TR_KEY, TR_TEXT, TR_LANGUAGE) VALUES ('frontend', 'startup.personal', 'Getting personal root node', 'en-GB');
INSERT INTO OKM_TRANSLATION (TR_MODULE, TR_KEY, TR_TEXT, TR_LANGUAGE) VALUES ('frontend', 'startup.starting.loading', 'Starting loading OpenKM', 'en-GB');
INSERT INTO OKM_TRANSLATION (TR_MODULE, TR_KEY, TR_TEXT, TR_LANGUAGE) VALUES ('frontend', 'startup.taxonomy', 'Getting taxonomy root node', 'en-GB');
INSERT INTO OKM_TRANSLATION (TR_MODULE, TR_KEY, TR_TEXT, TR_LANGUAGE) VALUES ('frontend', 'startup.template', 'Getting template root node', 'en-GB');
INSERT INTO OKM_TRANSLATION (TR_MODULE, TR_KEY, TR_TEXT, TR_LANGUAGE) VALUES ('frontend', 'startup.thesaurus', 'Getting thesaurus root node', 'en-GB');
INSERT INTO OKM_TRANSLATION (TR_MODULE, TR_KEY, TR_TEXT, TR_LANGUAGE) VALUES ('frontend', 'startup.trash', 'Getting trash root node', 'en-GB');
INSERT INTO OKM_TRANSLATION (TR_MODULE, TR_KEY, TR_TEXT, TR_LANGUAGE) VALUES ('frontend', 'startup.user.home', 'Getting user home node', 'en-GB');
INSERT INTO OKM_TRANSLATION (TR_MODULE, TR_KEY, TR_TEXT, TR_LANGUAGE) VALUES ('frontend', 'status.debug.disabled', 'Debug disabled', 'en-GB');
INSERT INTO OKM_TRANSLATION (TR_MODULE, TR_KEY, TR_TEXT, TR_LANGUAGE) VALUES ('frontend', 'status.debug.enabled', 'Debug enabled', 'en-GB');
INSERT INTO OKM_TRANSLATION (TR_MODULE, TR_KEY, TR_TEXT, TR_LANGUAGE) VALUES ('frontend', 'status.document.copied', 'Document marked to copy', 'en-GB');
INSERT INTO OKM_TRANSLATION (TR_MODULE, TR_KEY, TR_TEXT, TR_LANGUAGE) VALUES ('frontend', 'status.document.cut', 'Document market to cut', 'en-GB');
INSERT INTO OKM_TRANSLATION (TR_MODULE, TR_KEY, TR_TEXT, TR_LANGUAGE) VALUES ('frontend', 'status.folder.copied', 'Folder marked to copy', 'en-GB');
INSERT INTO OKM_TRANSLATION (TR_MODULE, TR_KEY, TR_TEXT, TR_LANGUAGE) VALUES ('frontend', 'status.folder.cut', 'Folder market to cut', 'en-GB');
INSERT INTO OKM_TRANSLATION (TR_MODULE, TR_KEY, TR_TEXT, TR_LANGUAGE) VALUES ('extension', 'status.forum.create.forum', 'Creating forum', 'en-GB');
INSERT INTO OKM_TRANSLATION (TR_MODULE, TR_KEY, TR_TEXT, TR_LANGUAGE) VALUES ('extension', 'status.forum.create.post', 'Creating post', 'en-GB');
INSERT INTO OKM_TRANSLATION (TR_MODULE, TR_KEY, TR_TEXT, TR_LANGUAGE) VALUES ('extension', 'status.forum.create.topic', 'Creating topic', 'en-GB');
INSERT INTO OKM_TRANSLATION (TR_MODULE, TR_KEY, TR_TEXT, TR_LANGUAGE) VALUES ('extension', 'status.forum.delete.forum', 'Deleting forum', 'en-GB');
INSERT INTO OKM_TRANSLATION (TR_MODULE, TR_KEY, TR_TEXT, TR_LANGUAGE) VALUES ('extension', 'status.forum.delete.post', 'Deleting post', 'en-GB');
INSERT INTO OKM_TRANSLATION (TR_MODULE, TR_KEY, TR_TEXT, TR_LANGUAGE) VALUES ('extension', 'status.forum.get.forums', 'Getting forums', 'en-GB');
INSERT INTO OKM_TRANSLATION (TR_MODULE, TR_KEY, TR_TEXT, TR_LANGUAGE) VALUES ('extension', 'status.forum.get.posts', 'Getting posts', 'en-GB');
INSERT INTO OKM_TRANSLATION (TR_MODULE, TR_KEY, TR_TEXT, TR_LANGUAGE) VALUES ('extension', 'status.forum.get.topics', 'Getting topics', 'en-GB');
INSERT INTO OKM_TRANSLATION (TR_MODULE, TR_KEY, TR_TEXT, TR_LANGUAGE) VALUES ('extension', 'status.forum.update.forum', 'Updating forum', 'en-GB');
INSERT INTO OKM_TRANSLATION (TR_MODULE, TR_KEY, TR_TEXT, TR_LANGUAGE) VALUES ('extension', 'status.forum.update.post', 'Updating post', 'en-GB');
INSERT INTO OKM_TRANSLATION (TR_MODULE, TR_KEY, TR_TEXT, TR_LANGUAGE) VALUES ('extension', 'status.forum.update.topic', 'Updating topic', 'en-GB');
INSERT INTO OKM_TRANSLATION (TR_MODULE, TR_KEY, TR_TEXT, TR_LANGUAGE) VALUES ('frontend', 'status.keep.alive.error', 'Detected lost connection to server (keep alive)', 'en-GB');
INSERT INTO OKM_TRANSLATION (TR_MODULE, TR_KEY, TR_TEXT, TR_LANGUAGE) VALUES ('frontend', 'status.network.error.detected', 'Network error detected', 'en-GB');
INSERT INTO OKM_TRANSLATION (TR_MODULE, TR_KEY, TR_TEXT, TR_LANGUAGE) VALUES ('frontend', 'tab.document.history', 'History', 'en-GB');
INSERT INTO OKM_TRANSLATION (TR_MODULE, TR_KEY, TR_TEXT, TR_LANGUAGE) VALUES ('frontend', 'tab.document.notes', 'Notes', 'en-GB');
INSERT INTO OKM_TRANSLATION (TR_MODULE, TR_KEY, TR_TEXT, TR_LANGUAGE) VALUES ('frontend', 'tab.document.preview', 'Preview', 'en-GB');
INSERT INTO OKM_TRANSLATION (TR_MODULE, TR_KEY, TR_TEXT, TR_LANGUAGE) VALUES ('frontend', 'tab.document.properties', 'Properties', 'en-GB');
INSERT INTO OKM_TRANSLATION (TR_MODULE, TR_KEY, TR_TEXT, TR_LANGUAGE) VALUES ('frontend', 'tab.document.security', 'Security', 'en-GB');
INSERT INTO OKM_TRANSLATION (TR_MODULE, TR_KEY, TR_TEXT, TR_LANGUAGE) VALUES ('frontend', 'tab.document.status.get.version.history.size', 'Refreshing document history size', 'en-GB');
INSERT INTO OKM_TRANSLATION (TR_MODULE, TR_KEY, TR_TEXT, TR_LANGUAGE) VALUES ('frontend', 'tab.document.status.group.properties', 'Updating property group', 'en-GB');
INSERT INTO OKM_TRANSLATION (TR_MODULE, TR_KEY, TR_TEXT, TR_LANGUAGE) VALUES ('frontend', 'tab.document.status.history', 'Updating history', 'en-GB');
INSERT INTO OKM_TRANSLATION (TR_MODULE, TR_KEY, TR_TEXT, TR_LANGUAGE) VALUES ('frontend', 'tab.document.status.purge.version.history', 'Compacting document history', 'en-GB');
INSERT INTO OKM_TRANSLATION (TR_MODULE, TR_KEY, TR_TEXT, TR_LANGUAGE) VALUES ('frontend', 'tab.document.status.restore.version', 'Restoring document version', 'en-GB');
INSERT INTO OKM_TRANSLATION (TR_MODULE, TR_KEY, TR_TEXT, TR_LANGUAGE) VALUES ('frontend', 'tab.document.status.set.categories', 'Updating categories', 'en-GB');
INSERT INTO OKM_TRANSLATION (TR_MODULE, TR_KEY, TR_TEXT, TR_LANGUAGE) VALUES ('frontend', 'tab.document.status.set.keywords', 'Setting keywords', 'en-GB');
INSERT INTO OKM_TRANSLATION (TR_MODULE, TR_KEY, TR_TEXT, TR_LANGUAGE) VALUES ('frontend', 'tab.folder.notes', 'Notes', 'en-GB');
INSERT INTO OKM_TRANSLATION (TR_MODULE, TR_KEY, TR_TEXT, TR_LANGUAGE) VALUES ('frontend', 'tab.folder.properties', 'Properties', 'en-GB');
INSERT INTO OKM_TRANSLATION (TR_MODULE, TR_KEY, TR_TEXT, TR_LANGUAGE) VALUES ('frontend', 'tab.folder.security', 'Security', 'en-GB');
INSERT INTO OKM_TRANSLATION (TR_MODULE, TR_KEY, TR_TEXT, TR_LANGUAGE) VALUES ('frontend', 'tab.status.security.role', 'Updating security roles', 'en-GB');
INSERT INTO OKM_TRANSLATION (TR_MODULE, TR_KEY, TR_TEXT, TR_LANGUAGE) VALUES ('frontend', 'tab.status.security.user', 'Updating security users', 'en-GB');
INSERT INTO OKM_TRANSLATION (TR_MODULE, TR_KEY, TR_TEXT, TR_LANGUAGE) VALUES ('frontend', 'tab.workspace.administration', 'Administration', 'en-GB');
INSERT INTO OKM_TRANSLATION (TR_MODULE, TR_KEY, TR_TEXT, TR_LANGUAGE) VALUES ('frontend', 'tab.workspace.dashboard', 'Dashboard', 'en-GB');
INSERT INTO OKM_TRANSLATION (TR_MODULE, TR_KEY, TR_TEXT, TR_LANGUAGE) VALUES ('frontend', 'tab.workspace.desktop', 'Desktop', 'en-GB');
INSERT INTO OKM_TRANSLATION (TR_MODULE, TR_KEY, TR_TEXT, TR_LANGUAGE) VALUES ('frontend', 'tab.workspace.search', 'Search', 'en-GB');
INSERT INTO OKM_TRANSLATION (TR_MODULE, TR_KEY, TR_TEXT, TR_LANGUAGE) VALUES ('frontend', 'template.wizard.creation', 'Create document wizard', 'en-GB');
INSERT INTO OKM_TRANSLATION (TR_MODULE, TR_KEY, TR_TEXT, TR_LANGUAGE) VALUES ('frontend', 'thesaurus.directory.select.label', 'Add thesaurus keyword', 'en-GB');
INSERT INTO OKM_TRANSLATION (TR_MODULE, TR_KEY, TR_TEXT, TR_LANGUAGE) VALUES ('frontend', 'thesaurus.tab.keywords', 'Keywords', 'en-GB');
INSERT INTO OKM_TRANSLATION (TR_MODULE, TR_KEY, TR_TEXT, TR_LANGUAGE) VALUES ('frontend', 'thesaurus.tab.tree', 'Tree', 'en-GB');
INSERT INTO OKM_TRANSLATION (TR_MODULE, TR_KEY, TR_TEXT, TR_LANGUAGE) VALUES ('frontend', 'trash.directory.select.label', 'Select destination folder', 'en-GB');
INSERT INTO OKM_TRANSLATION (TR_MODULE, TR_KEY, TR_TEXT, TR_LANGUAGE) VALUES ('frontend', 'trash.menu.directory.purge', 'Purge', 'en-GB');
INSERT INTO OKM_TRANSLATION (TR_MODULE, TR_KEY, TR_TEXT, TR_LANGUAGE) VALUES ('frontend', 'trash.menu.directory.purge.trash', 'Purge trash', 'en-GB');
INSERT INTO OKM_TRANSLATION (TR_MODULE, TR_KEY, TR_TEXT, TR_LANGUAGE) VALUES ('frontend', 'trash.menu.directory.restore', 'Restore', 'en-GB');
INSERT INTO OKM_TRANSLATION (TR_MODULE, TR_KEY, TR_TEXT, TR_LANGUAGE) VALUES ('frontend', 'tree.folder.new', 'New folder', 'en-GB');
INSERT INTO OKM_TRANSLATION (TR_MODULE, TR_KEY, TR_TEXT, TR_LANGUAGE) VALUES ('frontend', 'tree.menu.add.bookmark', 'Add bookmark', 'en-GB');
INSERT INTO OKM_TRANSLATION (TR_MODULE, TR_KEY, TR_TEXT, TR_LANGUAGE) VALUES ('frontend', 'tree.menu.directory.add.document', 'Add document', 'en-GB');
INSERT INTO OKM_TRANSLATION (TR_MODULE, TR_KEY, TR_TEXT, TR_LANGUAGE) VALUES ('frontend', 'tree.menu.directory.copy', 'Copy', 'en-GB');
INSERT INTO OKM_TRANSLATION (TR_MODULE, TR_KEY, TR_TEXT, TR_LANGUAGE) VALUES ('frontend', 'tree.menu.directory.create', 'Create folder', 'en-GB');
INSERT INTO OKM_TRANSLATION (TR_MODULE, TR_KEY, TR_TEXT, TR_LANGUAGE) VALUES ('frontend', 'tree.menu.directory.find.folder', 'Find folder', 'en-GB');
INSERT INTO OKM_TRANSLATION (TR_MODULE, TR_KEY, TR_TEXT, TR_LANGUAGE) VALUES ('frontend', 'tree.menu.directory.move', 'Move', 'en-GB');
INSERT INTO OKM_TRANSLATION (TR_MODULE, TR_KEY, TR_TEXT, TR_LANGUAGE) VALUES ('frontend', 'tree.menu.directory.refresh', 'Refresh', 'en-GB');
INSERT INTO OKM_TRANSLATION (TR_MODULE, TR_KEY, TR_TEXT, TR_LANGUAGE) VALUES ('frontend', 'tree.menu.directory.remove', 'Delete', 'en-GB');
INSERT INTO OKM_TRANSLATION (TR_MODULE, TR_KEY, TR_TEXT, TR_LANGUAGE) VALUES ('frontend', 'tree.menu.directory.rename', 'Rename', 'en-GB');
INSERT INTO OKM_TRANSLATION (TR_MODULE, TR_KEY, TR_TEXT, TR_LANGUAGE) VALUES ('frontend', 'tree.menu.export', 'Export to file', 'en-GB');
INSERT INTO OKM_TRANSLATION (TR_MODULE, TR_KEY, TR_TEXT, TR_LANGUAGE) VALUES ('frontend', 'tree.menu.set.home', 'Set default home', 'en-GB');
INSERT INTO OKM_TRANSLATION (TR_MODULE, TR_KEY, TR_TEXT, TR_LANGUAGE) VALUES ('frontend', 'tree.status.refresh.add.subscription', 'Adding subscription', 'en-GB');
INSERT INTO OKM_TRANSLATION (TR_MODULE, TR_KEY, TR_TEXT, TR_LANGUAGE) VALUES ('frontend', 'tree.status.refresh.create', 'Creating folder', 'en-GB');
INSERT INTO OKM_TRANSLATION (TR_MODULE, TR_KEY, TR_TEXT, TR_LANGUAGE) VALUES ('frontend', 'tree.status.refresh.delete', 'Deleting folder', 'en-GB');
INSERT INTO OKM_TRANSLATION (TR_MODULE, TR_KEY, TR_TEXT, TR_LANGUAGE) VALUES ('frontend', 'tree.status.refresh.folder', 'Updating folder tree', 'en-GB');
INSERT INTO OKM_TRANSLATION (TR_MODULE, TR_KEY, TR_TEXT, TR_LANGUAGE) VALUES ('frontend', 'tree.status.refresh.get', 'Updating folder', 'en-GB');
INSERT INTO OKM_TRANSLATION (TR_MODULE, TR_KEY, TR_TEXT, TR_LANGUAGE) VALUES ('frontend', 'tree.status.refresh.get.keywords', 'Refreshing keywords', 'en-GB');
INSERT INTO OKM_TRANSLATION (TR_MODULE, TR_KEY, TR_TEXT, TR_LANGUAGE) VALUES ('frontend', 'tree.status.refresh.get.root', 'Refreshing root folder', 'en-GB');
INSERT INTO OKM_TRANSLATION (TR_MODULE, TR_KEY, TR_TEXT, TR_LANGUAGE) VALUES ('frontend', 'tree.status.refresh.get.user.home', 'Getting user home', 'en-GB');
INSERT INTO OKM_TRANSLATION (TR_MODULE, TR_KEY, TR_TEXT, TR_LANGUAGE) VALUES ('frontend', 'tree.status.refresh.purge', 'Purging folder', 'en-GB');
INSERT INTO OKM_TRANSLATION (TR_MODULE, TR_KEY, TR_TEXT, TR_LANGUAGE) VALUES ('frontend', 'tree.status.refresh.purge.trash', 'Cleaning trash', 'en-GB');
INSERT INTO OKM_TRANSLATION (TR_MODULE, TR_KEY, TR_TEXT, TR_LANGUAGE) VALUES ('frontend', 'tree.status.refresh.remove.subscription', 'Deleting subscription', 'en-GB');
INSERT INTO OKM_TRANSLATION (TR_MODULE, TR_KEY, TR_TEXT, TR_LANGUAGE) VALUES ('frontend', 'tree.status.refresh.rename', 'Renaming folder', 'en-GB');
INSERT INTO OKM_TRANSLATION (TR_MODULE, TR_KEY, TR_TEXT, TR_LANGUAGE) VALUES ('frontend', 'tree.status.refresh.restore', 'Restoring folder', 'en-GB');
INSERT INTO OKM_TRANSLATION (TR_MODULE, TR_KEY, TR_TEXT, TR_LANGUAGE) VALUES ('frontend', 'user.info.chat.connect', 'Connect to chat', 'en-GB');
INSERT INTO OKM_TRANSLATION (TR_MODULE, TR_KEY, TR_TEXT, TR_LANGUAGE) VALUES ('frontend', 'user.info.chat.disconnect', 'Disconnet chat', 'en-GB');
INSERT INTO OKM_TRANSLATION (TR_MODULE, TR_KEY, TR_TEXT, TR_LANGUAGE) VALUES ('frontend', 'user.info.chat.new.room', 'Net chat room', 'en-GB');
INSERT INTO OKM_TRANSLATION (TR_MODULE, TR_KEY, TR_TEXT, TR_LANGUAGE) VALUES ('frontend', 'user.info.checkout.actual', 'Checkout documents', 'en-GB');
INSERT INTO OKM_TRANSLATION (TR_MODULE, TR_KEY, TR_TEXT, TR_LANGUAGE) VALUES ('frontend', 'user.info.locked.actual', 'Locked documents', 'en-GB');
INSERT INTO OKM_TRANSLATION (TR_MODULE, TR_KEY, TR_TEXT, TR_LANGUAGE) VALUES ('frontend', 'user.info.news.new', 'News', 'en-GB');
INSERT INTO OKM_TRANSLATION (TR_MODULE, TR_KEY, TR_TEXT, TR_LANGUAGE) VALUES ('frontend', 'user.info.subscription.actual', 'Actual subscriptions', 'en-GB');
INSERT INTO OKM_TRANSLATION (TR_MODULE, TR_KEY, TR_TEXT, TR_LANGUAGE) VALUES ('frontend', 'user.info.user.quota', 'Used quota', 'en-GB');
INSERT INTO OKM_TRANSLATION (TR_MODULE, TR_KEY, TR_TEXT, TR_LANGUAGE) VALUES ('frontend', 'user.info.workflow.pending.tasks', 'Pending tasks', 'en-GB');
INSERT INTO OKM_TRANSLATION (TR_MODULE, TR_KEY, TR_TEXT, TR_LANGUAGE) VALUES ('frontend', 'user.info.workflow.pending.pooled.tasks', 'Pending pooled tasks', 'en-GB');
INSERT INTO OKM_TRANSLATION (TR_MODULE, TR_KEY, TR_TEXT, TR_LANGUAGE) VALUES ('frontend', 'user.online', 'Users online', 'en-GB');
INSERT INTO OKM_TRANSLATION (TR_MODULE, TR_KEY, TR_TEXT, TR_LANGUAGE) VALUES ('frontend', 'user.preferences.imap.error', 'All fields are obligatory to set the mail configurations', 'en-GB');
INSERT INTO OKM_TRANSLATION (TR_MODULE, TR_KEY, TR_TEXT, TR_LANGUAGE) VALUES ('frontend', 'user.preferences.imap.folder', 'IMAP folder', 'en-GB');
INSERT INTO OKM_TRANSLATION (TR_MODULE, TR_KEY, TR_TEXT, TR_LANGUAGE) VALUES ('frontend', 'user.preferences.imap.host', 'IMAP server', 'en-GB');
INSERT INTO OKM_TRANSLATION (TR_MODULE, TR_KEY, TR_TEXT, TR_LANGUAGE) VALUES ('frontend', 'user.preferences.imap.password.error.void', 'Password must not be empty on IMAP mail creation', 'en-GB');
INSERT INTO OKM_TRANSLATION (TR_MODULE, TR_KEY, TR_TEXT, TR_LANGUAGE) VALUES ('frontend', 'user.preferences.imap.test.error', 'IMAP configuration error', 'en-GB');
INSERT INTO OKM_TRANSLATION (TR_MODULE, TR_KEY, TR_TEXT, TR_LANGUAGE) VALUES ('frontend', 'user.preferences.imap.test.ok', 'IMAP configuration ok', 'en-GB');
INSERT INTO OKM_TRANSLATION (TR_MODULE, TR_KEY, TR_TEXT, TR_LANGUAGE) VALUES ('frontend', 'user.preferences.imap.user', 'IMAP user name', 'en-GB');
INSERT INTO OKM_TRANSLATION (TR_MODULE, TR_KEY, TR_TEXT, TR_LANGUAGE) VALUES ('frontend', 'user.preferences.imap.user.password', 'IMAP user password', 'en-GB');
INSERT INTO OKM_TRANSLATION (TR_MODULE, TR_KEY, TR_TEXT, TR_LANGUAGE) VALUES ('frontend', 'user.preferences.label', 'User configuration', 'en-GB');
INSERT INTO OKM_TRANSLATION (TR_MODULE, TR_KEY, TR_TEXT, TR_LANGUAGE) VALUES ('frontend', 'user.preferences.mail', 'E-mail', 'en-GB');
INSERT INTO OKM_TRANSLATION (TR_MODULE, TR_KEY, TR_TEXT, TR_LANGUAGE) VALUES ('frontend', 'user.preferences.mail.data', 'Mail account', 'en-GB');
INSERT INTO OKM_TRANSLATION (TR_MODULE, TR_KEY, TR_TEXT, TR_LANGUAGE) VALUES ('frontend', 'user.preferences.password', 'Password', 'en-GB');
INSERT INTO OKM_TRANSLATION (TR_MODULE, TR_KEY, TR_TEXT, TR_LANGUAGE) VALUES ('frontend', 'user.preferences.password.error', 'Error: passwords are diferent', 'en-GB');
INSERT INTO OKM_TRANSLATION (TR_MODULE, TR_KEY, TR_TEXT, TR_LANGUAGE) VALUES ('frontend', 'user.preferences.roles', 'Roles', 'en-GB');
INSERT INTO OKM_TRANSLATION (TR_MODULE, TR_KEY, TR_TEXT, TR_LANGUAGE) VALUES ('frontend', 'user.preferences.user', 'User', 'en-GB');
INSERT INTO OKM_TRANSLATION (TR_MODULE, TR_KEY, TR_TEXT, TR_LANGUAGE) VALUES ('frontend', 'user.preferences.user.data', 'User account', 'en-GB');
INSERT INTO OKM_TRANSLATION (TR_MODULE, TR_KEY, TR_TEXT, TR_LANGUAGE) VALUES ('frontend', 'validation.alphanumeric.required', 'Alphanumeric field required', 'en-GB');
INSERT INTO OKM_TRANSLATION (TR_MODULE, TR_KEY, TR_TEXT, TR_LANGUAGE) VALUES ('frontend', 'validation.decimal.required', 'Decimal field required', 'en-GB');
INSERT INTO OKM_TRANSLATION (TR_MODULE, TR_KEY, TR_TEXT, TR_LANGUAGE) VALUES ('frontend', 'validation.gt.required', 'Must be greather than', 'en-GB');
INSERT INTO OKM_TRANSLATION (TR_MODULE, TR_KEY, TR_TEXT, TR_LANGUAGE) VALUES ('frontend', 'validation.lt.required', 'Must be lower than', 'en-GB');
INSERT INTO OKM_TRANSLATION (TR_MODULE, TR_KEY, TR_TEXT, TR_LANGUAGE) VALUES ('frontend', 'validation.mail.required.field', 'Mail field required', 'en-GB');
INSERT INTO OKM_TRANSLATION (TR_MODULE, TR_KEY, TR_TEXT, TR_LANGUAGE) VALUES ('frontend', 'validation.max.required', 'Maximum value required', 'en-GB');
INSERT INTO OKM_TRANSLATION (TR_MODULE, TR_KEY, TR_TEXT, TR_LANGUAGE) VALUES ('frontend', 'validation.maxlen.required', 'Maximum length field required', 'en-GB');
INSERT INTO OKM_TRANSLATION (TR_MODULE, TR_KEY, TR_TEXT, TR_LANGUAGE) VALUES ('frontend', 'validation.min.required', 'Minimum value required', 'en-GB');
INSERT INTO OKM_TRANSLATION (TR_MODULE, TR_KEY, TR_TEXT, TR_LANGUAGE) VALUES ('frontend', 'validation.minlen.required', 'Minimum lenght field required', 'en-GB');
INSERT INTO OKM_TRANSLATION (TR_MODULE, TR_KEY, TR_TEXT, TR_LANGUAGE) VALUES ('frontend', 'validation.numeric.required', 'Numeric field required', 'en-GB');
INSERT INTO OKM_TRANSLATION (TR_MODULE, TR_KEY, TR_TEXT, TR_LANGUAGE) VALUES ('frontend', 'validation.regexp.required', 'Not matches pattern', 'en-GB');
INSERT INTO OKM_TRANSLATION (TR_MODULE, TR_KEY, TR_TEXT, TR_LANGUAGE) VALUES ('frontend', 'validation.required.field', 'Required field', 'en-GB');
INSERT INTO OKM_TRANSLATION (TR_MODULE, TR_KEY, TR_TEXT, TR_LANGUAGE) VALUES ('frontend', 'validation.url.required.field', 'URL required', 'en-GB');
INSERT INTO OKM_TRANSLATION (TR_MODULE, TR_KEY, TR_TEXT, TR_LANGUAGE) VALUES ('frontend', 'validator.password.error.max.length', 'Password error: too long', 'en-GB');
INSERT INTO OKM_TRANSLATION (TR_MODULE, TR_KEY, TR_TEXT, TR_LANGUAGE) VALUES ('frontend', 'validator.password.error.max.uppercase', 'Password error: too few uppercase characters', 'en-GB');
INSERT INTO OKM_TRANSLATION (TR_MODULE, TR_KEY, TR_TEXT, TR_LANGUAGE) VALUES ('frontend', 'validator.password.error.min.digits', 'Password error: too few digits', 'en-GB');
INSERT INTO OKM_TRANSLATION (TR_MODULE, TR_KEY, TR_TEXT, TR_LANGUAGE) VALUES ('frontend', 'validator.password.error.min.length', 'Password error: too short', 'en-GB');
INSERT INTO OKM_TRANSLATION (TR_MODULE, TR_KEY, TR_TEXT, TR_LANGUAGE) VALUES ('frontend', 'validator.password.error.min.lowercase', 'Password error: too few lowercase characters', 'en-GB');
INSERT INTO OKM_TRANSLATION (TR_MODULE, TR_KEY, TR_TEXT, TR_LANGUAGE) VALUES ('frontend', 'validator.password.error.min.special', 'Password error: too few special characters', 'en-GB');
INSERT INTO OKM_TRANSLATION (TR_MODULE, TR_KEY, TR_TEXT, TR_LANGUAGE) VALUES ('frontend', 'version.author', 'Author', 'en-GB');
INSERT INTO OKM_TRANSLATION (TR_MODULE, TR_KEY, TR_TEXT, TR_LANGUAGE) VALUES ('frontend', 'version.comment', 'Comment', 'en-GB');
INSERT INTO OKM_TRANSLATION (TR_MODULE, TR_KEY, TR_TEXT, TR_LANGUAGE) VALUES ('frontend', 'version.created', 'Date', 'en-GB');
INSERT INTO OKM_TRANSLATION (TR_MODULE, TR_KEY, TR_TEXT, TR_LANGUAGE) VALUES ('frontend', 'version.name', 'Version', 'en-GB');
INSERT INTO OKM_TRANSLATION (TR_MODULE, TR_KEY, TR_TEXT, TR_LANGUAGE) VALUES ('frontend', 'version.purge.document', 'Compact history', 'en-GB');
INSERT INTO OKM_TRANSLATION (TR_MODULE, TR_KEY, TR_TEXT, TR_LANGUAGE) VALUES ('frontend', 'version.size', 'Size', 'en-GB');
INSERT INTO OKM_TRANSLATION (TR_MODULE, TR_KEY, TR_TEXT, TR_LANGUAGE) VALUES ('frontend', 'wizard.document.uploading', 'Document wizard', 'en-GB');
INSERT INTO OKM_TRANSLATION (TR_MODULE, TR_KEY, TR_TEXT, TR_LANGUAGE) VALUES ('frontend', 'workflow.label', 'Start workflow', 'en-GB');
INSERT INTO OKM_TRANSLATION (TR_MODULE, TR_KEY, TR_TEXT, TR_LANGUAGE) VALUES ('frontend', 'button.print', 'Print', 'en-GB');
DELETE FROM OKM_TRANSLATION WHERE TR_LANGUAGE='es-ES';
DELETE FROM OKM_LANGUAGE WHERE LG_ID='es-ES';
INSERT INTO OKM_LANGUAGE (LG_ID, LG_NAME, LG_IMAGE_CONTENT, LG_IMAGE_MIME) VALUES ('es-ES', 'Espaol', 'R0lGODlhEAALANUAAPxcXPpTU/X1Jfb2K/QtLfxjY+bmAP5yc/7+dvMWFv39APz8TOwAAPMAAP39bfLyE/7+Wvv7RfdLS/pERPQzM/k8PfDyQfT1O/1ra/96evdEROxoVfU7O+UAAPg2NvENDfb2MPPzGfkAAPT0H/j4NuAAAPn5PPXDsf39U/F+V+7fTu3gjfUhIezT1Pnx1vXq4ra7nezhQvj0S9/fAPLzVfTuV+xTUfxMTPK9sMDOqOCMUeSnSuvJS90AAP0AAP8AACH5BAAAAAAALAAAAAAQAAsAAAaFwJ/w5yv6RMiGksH4ZZ6ZwwGDKRQAgYCkmQF4s7fJpOKhELYKBARSU8kiERMJNBDIDGkILbVZWeR0AiMXeAgoJxstODFzdSMhhAoOCy46Ni8qgY8PkZM5PDswFo4hDw8gMyIFY2QEBCwsCQkfHwQlql9aGhocHBRmBD1KDUzFHcclJT3LQQA7', 'image/gif');
INSERT INTO OKM_TRANSLATION (TR_MODULE, TR_KEY, TR_TEXT, TR_LANGUAGE) VALUES ('frontend', 'OKM-001001', 'Error interno del repositorio', 'es-ES');
INSERT INTO OKM_TRANSLATION (TR_MODULE, TR_KEY, TR_TEXT, TR_LANGUAGE) VALUES ('frontend', 'OKM-001002', 'No existe una carpeta con ese nombre', 'es-ES');
INSERT INTO OKM_TRANSLATION (TR_MODULE, TR_KEY, TR_TEXT, TR_LANGUAGE) VALUES ('frontend', 'OKM-001003', 'Ya existe una carpeta con ese nombre', 'es-ES');
INSERT INTO OKM_TRANSLATION (TR_MODULE, TR_KEY, TR_TEXT, TR_LANGUAGE) VALUES ('frontend', 'OKM-001006', 'Error interno de la aplicacin', 'es-ES');
INSERT INTO OKM_TRANSLATION (TR_MODULE, TR_KEY, TR_TEXT, TR_LANGUAGE) VALUES ('frontend', 'OKM-001009', 'No tiene permisos para acceder a la carpeta', 'es-ES');
INSERT INTO OKM_TRANSLATION (TR_MODULE, TR_KEY, TR_TEXT, TR_LANGUAGE) VALUES ('frontend', 'OKM-001015', 'La ruta de la carpeta no existe', 'es-ES');
INSERT INTO OKM_TRANSLATION (TR_MODULE, TR_KEY, TR_TEXT, TR_LANGUAGE) VALUES ('frontend', 'OKM-001024', 'Error en la base de datos', 'es-ES');
INSERT INTO OKM_TRANSLATION (TR_MODULE, TR_KEY, TR_TEXT, TR_LANGUAGE) VALUES ('frontend', 'OKM-002001', 'Error interno del repositorio', 'es-ES');
INSERT INTO OKM_TRANSLATION (TR_MODULE, TR_KEY, TR_TEXT, TR_LANGUAGE) VALUES ('frontend', 'OKM-002002', 'No existe un documento con ese nombre', 'es-ES');
INSERT INTO OKM_TRANSLATION (TR_MODULE, TR_KEY, TR_TEXT, TR_LANGUAGE) VALUES ('frontend', 'OKM-002003', 'Ya existe un documento con ese nombre', 'es-ES');
INSERT INTO OKM_TRANSLATION (TR_MODULE, TR_KEY, TR_TEXT, TR_LANGUAGE) VALUES ('frontend', 'OKM-002004', 'Document bloqueado, operacin no permitida', 'es-ES');
INSERT INTO OKM_TRANSLATION (TR_MODULE, TR_KEY, TR_TEXT, TR_LANGUAGE) VALUES ('frontend', 'OKM-002006', 'Error interno de la aplicacin', 'es-ES');
INSERT INTO OKM_TRANSLATION (TR_MODULE, TR_KEY, TR_TEXT, TR_LANGUAGE) VALUES ('frontend', 'OKM-002009', 'No tiene permisos para acceder al documento', 'es-ES');
INSERT INTO OKM_TRANSLATION (TR_MODULE, TR_KEY, TR_TEXT, TR_LANGUAGE) VALUES ('frontend', 'OKM-002015', 'La ruta del documento no existe', 'es-ES');
INSERT INTO OKM_TRANSLATION (TR_MODULE, TR_KEY, TR_TEXT, TR_LANGUAGE) VALUES ('frontend', 'OKM-002024', 'Error en la base de datos', 'es-ES');
INSERT INTO OKM_TRANSLATION (TR_MODULE, TR_KEY, TR_TEXT, TR_LANGUAGE) VALUES ('frontend', 'OKM-0024001', 'Error en el respositorio', 'es-ES');
INSERT INTO OKM_TRANSLATION (TR_MODULE, TR_KEY, TR_TEXT, TR_LANGUAGE) VALUES ('frontend', 'OKM-0024013', 'Error en el sistema de entrada/salida', 'es-ES');
INSERT INTO OKM_TRANSLATION (TR_MODULE, TR_KEY, TR_TEXT, TR_LANGUAGE) VALUES ('frontend', 'OKM-0024015', 'Error ruta no encontrada', 'es-ES');
INSERT INTO OKM_TRANSLATION (TR_MODULE, TR_KEY, TR_TEXT, TR_LANGUAGE) VALUES ('frontend', 'OKM-0024019', 'Error en el parser', 'es-ES');
INSERT INTO OKM_TRANSLATION (TR_MODULE, TR_KEY, TR_TEXT, TR_LANGUAGE) VALUES ('frontend', 'OKM-003017', 'Se ha perdido la sesin', 'es-ES');
INSERT INTO OKM_TRANSLATION (TR_MODULE, TR_KEY, TR_TEXT, TR_LANGUAGE) VALUES ('frontend', 'OKM-004001', 'La sesin se ha cerrado', 'es-ES');
INSERT INTO OKM_TRANSLATION (TR_MODULE, TR_KEY, TR_TEXT, TR_LANGUAGE) VALUES ('frontend', 'OKM-004024', 'Error en la base de datos', 'es-ES');
INSERT INTO OKM_TRANSLATION (TR_MODULE, TR_KEY, TR_TEXT, TR_LANGUAGE) VALUES ('frontend', 'OKM-005003', 'Ya existe un documento con ese nombre', 'es-ES');
INSERT INTO OKM_TRANSLATION (TR_MODULE, TR_KEY, TR_TEXT, TR_LANGUAGE) VALUES ('frontend', 'OKM-005010', 'Tipo de fichero no soportado', 'es-ES');
INSERT INTO OKM_TRANSLATION (TR_MODULE, TR_KEY, TR_TEXT, TR_LANGUAGE) VALUES ('frontend', 'OKM-005011', 'El documento es demasiado grande', 'es-ES');
INSERT INTO OKM_TRANSLATION (TR_MODULE, TR_KEY, TR_TEXT, TR_LANGUAGE) VALUES ('frontend', 'OKM-005027', 'El nombre del documento no coincide', 'es-ES');
INSERT INTO OKM_TRANSLATION (TR_MODULE, TR_KEY, TR_TEXT, TR_LANGUAGE) VALUES ('frontend', 'OKM-007001', 'Error interno del repositorio', 'es-ES');
INSERT INTO OKM_TRANSLATION (TR_MODULE, TR_KEY, TR_TEXT, TR_LANGUAGE) VALUES ('frontend', 'OKM-007002', 'No existe un elemento con ese nombre', 'es-ES');
INSERT INTO OKM_TRANSLATION (TR_MODULE, TR_KEY, TR_TEXT, TR_LANGUAGE) VALUES ('frontend', 'OKM-007006', 'Error interno de la aplicacin', 'es-ES');
INSERT INTO OKM_TRANSLATION (TR_MODULE, TR_KEY, TR_TEXT, TR_LANGUAGE) VALUES ('frontend', 'OKM-007009', 'No tiene permisos para acceder al elemento', 'es-ES');
INSERT INTO OKM_TRANSLATION (TR_MODULE, TR_KEY, TR_TEXT, TR_LANGUAGE) VALUES ('frontend', 'OKM-007024', 'Error en la base de datos', 'es-ES');
INSERT INTO OKM_TRANSLATION (TR_MODULE, TR_KEY, TR_TEXT, TR_LANGUAGE) VALUES ('frontend', 'OKM-008001', 'Error genrico al ejecutar la consulta', 'es-ES');
INSERT INTO OKM_TRANSLATION (TR_MODULE, TR_KEY, TR_TEXT, TR_LANGUAGE) VALUES ('frontend', 'OKM-008003', 'El nombre de la consulta almacenada debe ser nico', 'es-ES');
INSERT INTO OKM_TRANSLATION (TR_MODULE, TR_KEY, TR_TEXT, TR_LANGUAGE) VALUES ('frontend', 'OKM-008024', 'Error en la base de datos', 'es-ES');
INSERT INTO OKM_TRANSLATION (TR_MODULE, TR_KEY, TR_TEXT, TR_LANGUAGE) VALUES ('frontend', 'OKM-009001', 'Error interno del repositorio', 'es-ES');
INSERT INTO OKM_TRANSLATION (TR_MODULE, TR_KEY, TR_TEXT, TR_LANGUAGE) VALUES ('frontend', 'OKM-009002', 'No existe un documento con ese nombre', 'es-ES');
INSERT INTO OKM_TRANSLATION (TR_MODULE, TR_KEY, TR_TEXT, TR_LANGUAGE) VALUES ('frontend', 'OKM-009004', 'Bloqueado', 'es-ES');
INSERT INTO OKM_TRANSLATION (TR_MODULE, TR_KEY, TR_TEXT, TR_LANGUAGE) VALUES ('frontend', 'OKM-009006', 'Error interno de la aplicacin', 'es-ES');
INSERT INTO OKM_TRANSLATION (TR_MODULE, TR_KEY, TR_TEXT, TR_LANGUAGE) VALUES ('frontend', 'OKM-009009', 'No tiene permisos para acceder', 'es-ES');
INSERT INTO OKM_TRANSLATION (TR_MODULE, TR_KEY, TR_TEXT, TR_LANGUAGE) VALUES ('frontend', 'OKM-009012', 'No existe el grupo', 'es-ES');
INSERT INTO OKM_TRANSLATION (TR_MODULE, TR_KEY, TR_TEXT, TR_LANGUAGE) VALUES ('frontend', 'OKM-009013', 'Error en el dispositivo de entrada/salida', 'es-ES');
INSERT INTO OKM_TRANSLATION (TR_MODULE, TR_KEY, TR_TEXT, TR_LANGUAGE) VALUES ('frontend', 'OKM-009014', 'No existe la propiedad', 'es-ES');
INSERT INTO OKM_TRANSLATION (TR_MODULE, TR_KEY, TR_TEXT, TR_LANGUAGE) VALUES ('frontend', 'OKM-009015', 'La ruta no existe', 'es-ES');
INSERT INTO OKM_TRANSLATION (TR_MODULE, TR_KEY, TR_TEXT, TR_LANGUAGE) VALUES ('frontend', 'OKM-009024', 'Error en la base de datos', 'es-ES');
INSERT INTO OKM_TRANSLATION (TR_MODULE, TR_KEY, TR_TEXT, TR_LANGUAGE) VALUES ('frontend', 'OKM-010001', 'Error interno del repositorio', 'es-ES');
INSERT INTO OKM_TRANSLATION (TR_MODULE, TR_KEY, TR_TEXT, TR_LANGUAGE) VALUES ('frontend', 'OKM-010006', 'Error interno de la aplicacin   ', 'es-ES');
INSERT INTO OKM_TRANSLATION (TR_MODULE, TR_KEY, TR_TEXT, TR_LANGUAGE) VALUES ('frontend', 'OKM-010009', 'No tiene permisos para acceder', 'es-ES');
INSERT INTO OKM_TRANSLATION (TR_MODULE, TR_KEY, TR_TEXT, TR_LANGUAGE) VALUES ('frontend', 'OKM-010015', 'La ruta del no existe', 'es-ES');
INSERT INTO OKM_TRANSLATION (TR_MODULE, TR_KEY, TR_TEXT, TR_LANGUAGE) VALUES ('frontend', 'OKM-010024', 'Error en la base de datos', 'es-ES');
INSERT INTO OKM_TRANSLATION (TR_MODULE, TR_KEY, TR_TEXT, TR_LANGUAGE) VALUES ('frontend', 'OKM-011003', 'El nombre del marcador deber ser nico', 'es-ES');
INSERT INTO OKM_TRANSLATION (TR_MODULE, TR_KEY, TR_TEXT, TR_LANGUAGE) VALUES ('frontend', 'OKM-012001', 'Error interno del repositorio', 'es-ES');
INSERT INTO OKM_TRANSLATION (TR_MODULE, TR_KEY, TR_TEXT, TR_LANGUAGE) VALUES ('frontend', 'OKM-012006', 'Error interno de la aplicacin', 'es-ES');
INSERT INTO OKM_TRANSLATION (TR_MODULE, TR_KEY, TR_TEXT, TR_LANGUAGE) VALUES ('frontend', 'OKM-012009', 'No tiene permisos para acceder', 'es-ES');
INSERT INTO OKM_TRANSLATION (TR_MODULE, TR_KEY, TR_TEXT, TR_LANGUAGE) VALUES ('frontend', 'OKM-012015', 'La ruta del no existe', 'es-ES');
INSERT INTO OKM_TRANSLATION (TR_MODULE, TR_KEY, TR_TEXT, TR_LANGUAGE) VALUES ('frontend', 'OKM-012024', 'Error en la base de datos', 'es-ES');
INSERT INTO OKM_TRANSLATION (TR_MODULE, TR_KEY, TR_TEXT, TR_LANGUAGE) VALUES ('frontend', 'OKM-013001', 'Error interno del repositorio', 'es-ES');
INSERT INTO OKM_TRANSLATION (TR_MODULE, TR_KEY, TR_TEXT, TR_LANGUAGE) VALUES ('frontend', 'OKM-013024', 'Error en la base de datos', 'es-ES');
INSERT INTO OKM_TRANSLATION (TR_MODULE, TR_KEY, TR_TEXT, TR_LANGUAGE) VALUES ('frontend', 'OKM-014001', 'Error interno del repositorio', 'es-ES');
INSERT INTO OKM_TRANSLATION (TR_MODULE, TR_KEY, TR_TEXT, TR_LANGUAGE) VALUES ('frontend', 'OKM-014013', 'Error en el dispositivo de entrada/salida', 'es-ES');
INSERT INTO OKM_TRANSLATION (TR_MODULE, TR_KEY, TR_TEXT, TR_LANGUAGE) VALUES ('frontend', 'OKM-015001', 'Error interno del repositorio', 'es-ES');
INSERT INTO OKM_TRANSLATION (TR_MODULE, TR_KEY, TR_TEXT, TR_LANGUAGE) VALUES ('frontend', 'OKM-015024', 'Error en la base de datos', 'es-ES');
INSERT INTO OKM_TRANSLATION (TR_MODULE, TR_KEY, TR_TEXT, TR_LANGUAGE) VALUES ('frontend', 'OKM-016001', 'Error interno del repositorio', 'es-ES');
INSERT INTO OKM_TRANSLATION (TR_MODULE, TR_KEY, TR_TEXT, TR_LANGUAGE) VALUES ('frontend', 'OKM-016002', 'No existe un correo con ese nombre', 'es-ES');
INSERT INTO OKM_TRANSLATION (TR_MODULE, TR_KEY, TR_TEXT, TR_LANGUAGE) VALUES ('frontend', 'OKM-016003', 'Ya existe un correo con ese nombre', 'es-ES');
INSERT INTO OKM_TRANSLATION (TR_MODULE, TR_KEY, TR_TEXT, TR_LANGUAGE) VALUES ('frontend', 'OKM-016004', 'No se puede realizar el bloqueo', 'es-ES');
INSERT INTO OKM_TRANSLATION (TR_MODULE, TR_KEY, TR_TEXT, TR_LANGUAGE) VALUES ('frontend', 'OKM-016006', 'Error interno de la aplicacin', 'es-ES');
INSERT INTO OKM_TRANSLATION (TR_MODULE, TR_KEY, TR_TEXT, TR_LANGUAGE) VALUES ('frontend', 'OKM-016009', 'No tiene permisos para acceder al correo', 'es-ES');
INSERT INTO OKM_TRANSLATION (TR_MODULE, TR_KEY, TR_TEXT, TR_LANGUAGE) VALUES ('frontend', 'OKM-016015', 'La ruta del correo no existe', 'es-ES');
INSERT INTO OKM_TRANSLATION (TR_MODULE, TR_KEY, TR_TEXT, TR_LANGUAGE) VALUES ('frontend', 'OKM-016024', 'Error en la base de datos', 'es-ES');
INSERT INTO OKM_TRANSLATION (TR_MODULE, TR_KEY, TR_TEXT, TR_LANGUAGE) VALUES ('frontend', 'OKM-017001', 'Error interno del repositorio', 'es-ES');
INSERT INTO OKM_TRANSLATION (TR_MODULE, TR_KEY, TR_TEXT, TR_LANGUAGE) VALUES ('frontend', 'OKM-017004', 'No se pudo bloquear el documento', 'es-ES');
INSERT INTO OKM_TRANSLATION (TR_MODULE, TR_KEY, TR_TEXT, TR_LANGUAGE) VALUES ('frontend', 'OKM-017009', 'No tiene permisos para acceder al documento', 'es-ES');
INSERT INTO OKM_TRANSLATION (TR_MODULE, TR_KEY, TR_TEXT, TR_LANGUAGE) VALUES ('frontend', 'OKM-017015', 'La ruta del documento no existe', 'es-ES');
INSERT INTO OKM_TRANSLATION (TR_MODULE, TR_KEY, TR_TEXT, TR_LANGUAGE) VALUES ('frontend', 'OKM-017016', 'Error en la versin', 'es-ES');
INSERT INTO OKM_TRANSLATION (TR_MODULE, TR_KEY, TR_TEXT, TR_LANGUAGE) VALUES ('frontend', 'OKM-018022', 'Error en la configuracin del navegador', 'es-ES');
INSERT INTO OKM_TRANSLATION (TR_MODULE, TR_KEY, TR_TEXT, TR_LANGUAGE) VALUES ('frontend', 'OKM-018023', 'Error ha excedido la cuota de usuario,  contacte con el administrador', 'es-ES');
INSERT INTO OKM_TRANSLATION (TR_MODULE, TR_KEY, TR_TEXT, TR_LANGUAGE) VALUES ('frontend', 'OKM-019001', 'Error interno del repositorio', 'es-ES');
INSERT INTO OKM_TRANSLATION (TR_MODULE, TR_KEY, TR_TEXT, TR_LANGUAGE) VALUES ('frontend', 'OKM-019006', 'Error interno de la aplicacin', 'es-ES');
INSERT INTO OKM_TRANSLATION (TR_MODULE, TR_KEY, TR_TEXT, TR_LANGUAGE) VALUES ('frontend', 'OKM-019024', 'Error en la base de datos', 'es-ES');
INSERT INTO OKM_TRANSLATION (TR_MODULE, TR_KEY, TR_TEXT, TR_LANGUAGE) VALUES ('frontend', 'OKM-023001', 'Error en el repositorio', 'es-ES');
INSERT INTO OKM_TRANSLATION (TR_MODULE, TR_KEY, TR_TEXT, TR_LANGUAGE) VALUES ('frontend', 'OKM-023024', 'Database error', 'es-ES');
INSERT INTO OKM_TRANSLATION (TR_MODULE, TR_KEY, TR_TEXT, TR_LANGUAGE) VALUES ('frontend', 'OKM-023025', 'PrincipalAdapter error', 'es-ES');
INSERT INTO OKM_TRANSLATION (TR_MODULE, TR_KEY, TR_TEXT, TR_LANGUAGE) VALUES ('frontend', 'OKM-023029', 'Error en el login', 'es-ES');
INSERT INTO OKM_TRANSLATION (TR_MODULE, TR_KEY, TR_TEXT, TR_LANGUAGE) VALUES ('frontend', 'OKM-024024', 'Database error', 'es-ES');
INSERT INTO OKM_TRANSLATION (TR_MODULE, TR_KEY, TR_TEXT, TR_LANGUAGE) VALUES ('frontend', 'OKM-024025', 'PrincipalAdapter error', 'es-ES');
INSERT INTO OKM_TRANSLATION (TR_MODULE, TR_KEY, TR_TEXT, TR_LANGUAGE) VALUES ('frontend', 'OKM-025024', 'Error en la base de datos', 'es-ES');
INSERT INTO OKM_TRANSLATION (TR_MODULE, TR_KEY, TR_TEXT, TR_LANGUAGE) VALUES ('frontend', 'OKM-025025', 'Error en el principal adapter', 'es-ES');
INSERT INTO OKM_TRANSLATION (TR_MODULE, TR_KEY, TR_TEXT, TR_LANGUAGE) VALUES ('frontend', 'OKM-026001', 'Error en el repositorio', 'es-ES');
INSERT INTO OKM_TRANSLATION (TR_MODULE, TR_KEY, TR_TEXT, TR_LANGUAGE) VALUES ('frontend', 'OKM-026003', 'El documento ya existe', 'es-ES');
INSERT INTO OKM_TRANSLATION (TR_MODULE, TR_KEY, TR_TEXT, TR_LANGUAGE) VALUES ('frontend', 'OKM-026004', 'Error el documento esta bloqueado', 'es-ES');
INSERT INTO OKM_TRANSLATION (TR_MODULE, TR_KEY, TR_TEXT, TR_LANGUAGE) VALUES ('frontend', 'OKM-026009', 'Acceso denegado', 'es-ES');
INSERT INTO OKM_TRANSLATION (TR_MODULE, TR_KEY, TR_TEXT, TR_LANGUAGE) VALUES ('frontend', 'OKM-026010', 'Mime types no soportado', 'es-ES');
INSERT INTO OKM_TRANSLATION (TR_MODULE, TR_KEY, TR_TEXT, TR_LANGUAGE) VALUES ('frontend', 'OKM-026011', 'Tamao mximo del fichero superado', 'es-ES');
INSERT INTO OKM_TRANSLATION (TR_MODULE, TR_KEY, TR_TEXT, TR_LANGUAGE) VALUES ('frontend', 'OKM-026013', 'I/O error', 'es-ES');
INSERT INTO OKM_TRANSLATION (TR_MODULE, TR_KEY, TR_TEXT, TR_LANGUAGE) VALUES ('frontend', 'OKM-026015', 'Error, ruta no encontrada', 'es-ES');
INSERT INTO OKM_TRANSLATION (TR_MODULE, TR_KEY, TR_TEXT, TR_LANGUAGE) VALUES ('frontend', 'OKM-026016', 'Error con la versin del documento', 'es-ES');
INSERT INTO OKM_TRANSLATION (TR_MODULE, TR_KEY, TR_TEXT, TR_LANGUAGE) VALUES ('frontend', 'OKM-026023', 'Tamao de la quota de usuario superado', 'es-ES');
INSERT INTO OKM_TRANSLATION (TR_MODULE, TR_KEY, TR_TEXT, TR_LANGUAGE) VALUES ('frontend', 'OKM-026024', 'Error en la base de datos', 'es-ES');
INSERT INTO OKM_TRANSLATION (TR_MODULE, TR_KEY, TR_TEXT, TR_LANGUAGE) VALUES ('frontend', 'OKM-026028', 'Error de formato numrico', 'es-ES');
INSERT INTO OKM_TRANSLATION (TR_MODULE, TR_KEY, TR_TEXT, TR_LANGUAGE) VALUES ('frontend', 'OKM-026030', 'Error en el documento', 'es-ES');
INSERT INTO OKM_TRANSLATION (TR_MODULE, TR_KEY, TR_TEXT, TR_LANGUAGE) VALUES ('frontend', 'OKM-026031', 'Error en la evaluacin', 'es-ES');
INSERT INTO OKM_TRANSLATION (TR_MODULE, TR_KEY, TR_TEXT, TR_LANGUAGE) VALUES ('frontend', 'OKM-026032', 'Virus detectado', 'es-ES');
INSERT INTO OKM_TRANSLATION (TR_MODULE, TR_KEY, TR_TEXT, TR_LANGUAGE) VALUES ('frontend', 'about.label', 'Sobre OpenKM', 'es-ES');
INSERT INTO OKM_TRANSLATION (TR_MODULE, TR_KEY, TR_TEXT, TR_LANGUAGE) VALUES ('frontend', 'about.loading', 'Cargando ...', 'es-ES');
INSERT INTO OKM_TRANSLATION (TR_MODULE, TR_KEY, TR_TEXT, TR_LANGUAGE) VALUES ('frontend', 'bookmark.edit.label', 'Edicin de marcadores', 'es-ES');
INSERT INTO OKM_TRANSLATION (TR_MODULE, TR_KEY, TR_TEXT, TR_LANGUAGE) VALUES ('frontend', 'bookmark.label', 'Aadir marcador', 'es-ES');
INSERT INTO OKM_TRANSLATION (TR_MODULE, TR_KEY, TR_TEXT, TR_LANGUAGE) VALUES ('frontend', 'bookmark.name', 'Nombre', 'es-ES');
INSERT INTO OKM_TRANSLATION (TR_MODULE, TR_KEY, TR_TEXT, TR_LANGUAGE) VALUES ('frontend', 'bookmark.path', 'Ruta', 'es-ES');
INSERT INTO OKM_TRANSLATION (TR_MODULE, TR_KEY, TR_TEXT, TR_LANGUAGE) VALUES ('frontend', 'bookmark.type', 'Tipo', 'es-ES');
INSERT INTO OKM_TRANSLATION (TR_MODULE, TR_KEY, TR_TEXT, TR_LANGUAGE) VALUES ('frontend', 'bookmark.type.document', 'Documento', 'es-ES');
INSERT INTO OKM_TRANSLATION (TR_MODULE, TR_KEY, TR_TEXT, TR_LANGUAGE) VALUES ('frontend', 'bookmark.type.folder', 'Carpeta', 'es-ES');
INSERT INTO OKM_TRANSLATION (TR_MODULE, TR_KEY, TR_TEXT, TR_LANGUAGE) VALUES ('extension', 'button.accept', 'Aceptar', 'es-ES');
INSERT INTO OKM_TRANSLATION (TR_MODULE, TR_KEY, TR_TEXT, TR_LANGUAGE) VALUES ('frontend', 'button.accept', 'Aceptar', 'es-ES');
INSERT INTO OKM_TRANSLATION (TR_MODULE, TR_KEY, TR_TEXT, TR_LANGUAGE) VALUES ('frontend', 'button.add', 'Aadir', 'es-ES');
INSERT INTO OKM_TRANSLATION (TR_MODULE, TR_KEY, TR_TEXT, TR_LANGUAGE) VALUES ('extension', 'button.add.new.contact', 'Nuevo contacto', 'es-ES');
INSERT INTO OKM_TRANSLATION (TR_MODULE, TR_KEY, TR_TEXT, TR_LANGUAGE) VALUES ('extension', 'button.cancel', 'Cancelar', 'es-ES');
INSERT INTO OKM_TRANSLATION (TR_MODULE, TR_KEY, TR_TEXT, TR_LANGUAGE) VALUES ('frontend', 'button.cancel', 'Cancelar', 'es-ES');
INSERT INTO OKM_TRANSLATION (TR_MODULE, TR_KEY, TR_TEXT, TR_LANGUAGE) VALUES ('frontend', 'button.change', 'Modificar', 'es-ES');
INSERT INTO OKM_TRANSLATION (TR_MODULE, TR_KEY, TR_TEXT, TR_LANGUAGE) VALUES ('frontend', 'button.clean', 'Limpiar', 'es-ES');
INSERT INTO OKM_TRANSLATION (TR_MODULE, TR_KEY, TR_TEXT, TR_LANGUAGE) VALUES ('extension', 'button.close', 'Cerrar', 'es-ES');
INSERT INTO OKM_TRANSLATION (TR_MODULE, TR_KEY, TR_TEXT, TR_LANGUAGE) VALUES ('frontend', 'button.close', 'Cerrar', 'es-ES');
INSERT INTO OKM_TRANSLATION (TR_MODULE, TR_KEY, TR_TEXT, TR_LANGUAGE) VALUES ('frontend', 'button.copy', 'Copiar', 'es-ES');
INSERT INTO OKM_TRANSLATION (TR_MODULE, TR_KEY, TR_TEXT, TR_LANGUAGE) VALUES ('frontend', 'button.copy.clipboard', 'Copiar al portapapeles', 'es-ES');
INSERT INTO OKM_TRANSLATION (TR_MODULE, TR_KEY, TR_TEXT, TR_LANGUAGE) VALUES ('frontend', 'button.create', 'Crear', 'es-ES');
INSERT INTO OKM_TRANSLATION (TR_MODULE, TR_KEY, TR_TEXT, TR_LANGUAGE) VALUES ('frontend', 'button.delete', 'Eliminar', 'es-ES');
INSERT INTO OKM_TRANSLATION (TR_MODULE, TR_KEY, TR_TEXT, TR_LANGUAGE) VALUES ('frontend', 'button.logout', 'Salir', 'es-ES');
INSERT INTO OKM_TRANSLATION (TR_MODULE, TR_KEY, TR_TEXT, TR_LANGUAGE) VALUES ('frontend', 'button.memory', 'Actualizar', 'es-ES');
INSERT INTO OKM_TRANSLATION (TR_MODULE, TR_KEY, TR_TEXT, TR_LANGUAGE) VALUES ('frontend', 'button.move', 'Mover', 'es-ES');
INSERT INTO OKM_TRANSLATION (TR_MODULE, TR_KEY, TR_TEXT, TR_LANGUAGE) VALUES ('frontend', 'button.next', 'Siguiente', 'es-ES');
INSERT INTO OKM_TRANSLATION (TR_MODULE, TR_KEY, TR_TEXT, TR_LANGUAGE) VALUES ('frontend', 'button.restore', 'Restaurar', 'es-ES');
INSERT INTO OKM_TRANSLATION (TR_MODULE, TR_KEY, TR_TEXT, TR_LANGUAGE) VALUES ('frontend', 'button.save.search', 'Guardar la consulta', 'es-ES');
INSERT INTO OKM_TRANSLATION (TR_MODULE, TR_KEY, TR_TEXT, TR_LANGUAGE) VALUES ('frontend', 'button.search', 'Buscar', 'es-ES');
INSERT INTO OKM_TRANSLATION (TR_MODULE, TR_KEY, TR_TEXT, TR_LANGUAGE) VALUES ('frontend', 'button.select', 'Seleccionar', 'es-ES');
INSERT INTO OKM_TRANSLATION (TR_MODULE, TR_KEY, TR_TEXT, TR_LANGUAGE) VALUES ('extension', 'button.send', 'Enviar', 'es-ES');
INSERT INTO OKM_TRANSLATION (TR_MODULE, TR_KEY, TR_TEXT, TR_LANGUAGE) VALUES ('frontend', 'button.show', 'Mostrar', 'es-ES');
INSERT INTO OKM_TRANSLATION (TR_MODULE, TR_KEY, TR_TEXT, TR_LANGUAGE) VALUES ('extension', 'button.stamp', 'Estampar', 'es-ES');
INSERT INTO OKM_TRANSLATION (TR_MODULE, TR_KEY, TR_TEXT, TR_LANGUAGE) VALUES ('frontend', 'button.start', 'Iniciar', 'es-ES');
INSERT INTO OKM_TRANSLATION (TR_MODULE, TR_KEY, TR_TEXT, TR_LANGUAGE) VALUES ('extension', 'button.subscribe', 'Suscribirse', 'es-ES');
INSERT INTO OKM_TRANSLATION (TR_MODULE, TR_KEY, TR_TEXT, TR_LANGUAGE) VALUES ('frontend', 'button.test', 'Comprobar', 'es-ES');
INSERT INTO OKM_TRANSLATION (TR_MODULE, TR_KEY, TR_TEXT, TR_LANGUAGE) VALUES ('frontend', 'button.update', 'Actualizar', 'es-ES');
INSERT INTO OKM_TRANSLATION (TR_MODULE, TR_KEY, TR_TEXT, TR_LANGUAGE) VALUES ('frontend', 'button.view', 'Ver', 'es-ES');
INSERT INTO OKM_TRANSLATION (TR_MODULE, TR_KEY, TR_TEXT, TR_LANGUAGE) VALUES ('frontend', 'calendar.day.friday', 'Viernes', 'es-ES');
INSERT INTO OKM_TRANSLATION (TR_MODULE, TR_KEY, TR_TEXT, TR_LANGUAGE) VALUES ('frontend', 'calendar.day.monday', 'Lunes', 'es-ES');
INSERT INTO OKM_TRANSLATION (TR_MODULE, TR_KEY, TR_TEXT, TR_LANGUAGE) VALUES ('frontend', 'calendar.day.saturday', 'Sbado', 'es-ES');
INSERT INTO OKM_TRANSLATION (TR_MODULE, TR_KEY, TR_TEXT, TR_LANGUAGE) VALUES ('frontend', 'calendar.day.sunday', 'Domingo', 'es-ES');
INSERT INTO OKM_TRANSLATION (TR_MODULE, TR_KEY, TR_TEXT, TR_LANGUAGE) VALUES ('frontend', 'calendar.day.thursday', 'Jueves', 'es-ES');
INSERT INTO OKM_TRANSLATION (TR_MODULE, TR_KEY, TR_TEXT, TR_LANGUAGE) VALUES ('frontend', 'calendar.day.tuesday', 'Martes', 'es-ES');
INSERT INTO OKM_TRANSLATION (TR_MODULE, TR_KEY, TR_TEXT, TR_LANGUAGE) VALUES ('frontend', 'calendar.day.wednesday', 'Mircoles', 'es-ES');
INSERT INTO OKM_TRANSLATION (TR_MODULE, TR_KEY, TR_TEXT, TR_LANGUAGE) VALUES ('frontend', 'calendar.month.april', 'Abril', 'es-ES');
INSERT INTO OKM_TRANSLATION (TR_MODULE, TR_KEY, TR_TEXT, TR_LANGUAGE) VALUES ('frontend', 'calendar.month.august', 'Agosto', 'es-ES');
INSERT INTO OKM_TRANSLATION (TR_MODULE, TR_KEY, TR_TEXT, TR_LANGUAGE) VALUES ('frontend', 'calendar.month.december', 'Diciembre', 'es-ES');
INSERT INTO OKM_TRANSLATION (TR_MODULE, TR_KEY, TR_TEXT, TR_LANGUAGE) VALUES ('frontend', 'calendar.month.february', 'Febrero', 'es-ES');
INSERT INTO OKM_TRANSLATION (TR_MODULE, TR_KEY, TR_TEXT, TR_LANGUAGE) VALUES ('frontend', 'calendar.month.january', 'Enero', 'es-ES');
INSERT INTO OKM_TRANSLATION (TR_MODULE, TR_KEY, TR_TEXT, TR_LANGUAGE) VALUES ('frontend', 'calendar.month.july', 'Julio', 'es-ES');
INSERT INTO OKM_TRANSLATION (TR_MODULE, TR_KEY, TR_TEXT, TR_LANGUAGE) VALUES ('frontend', 'calendar.month.june', 'Junio', 'es-ES');
INSERT INTO OKM_TRANSLATION (TR_MODULE, TR_KEY, TR_TEXT, TR_LANGUAGE) VALUES ('frontend', 'calendar.month.march', 'Marzo', 'es-ES');
INSERT INTO OKM_TRANSLATION (TR_MODULE, TR_KEY, TR_TEXT, TR_LANGUAGE) VALUES ('frontend', 'calendar.month.may', 'Mayo', 'es-ES');
INSERT INTO OKM_TRANSLATION (TR_MODULE, TR_KEY, TR_TEXT, TR_LANGUAGE) VALUES ('frontend', 'calendar.month.november', 'Noviembre', 'es-ES');
INSERT INTO OKM_TRANSLATION (TR_MODULE, TR_KEY, TR_TEXT, TR_LANGUAGE) VALUES ('frontend', 'calendar.month.october', 'Octubre', 'es-ES');
INSERT INTO OKM_TRANSLATION (TR_MODULE, TR_KEY, TR_TEXT, TR_LANGUAGE) VALUES ('frontend', 'calendar.month.september', 'Septiembre', 'es-ES');
INSERT INTO OKM_TRANSLATION (TR_MODULE, TR_KEY, TR_TEXT, TR_LANGUAGE) VALUES ('frontend', 'categories.folder.error.delete', 'No se puede eliminar una categora con documentos', 'es-ES');
INSERT INTO OKM_TRANSLATION (TR_MODULE, TR_KEY, TR_TEXT, TR_LANGUAGE) VALUES ('frontend', 'categories.folder.select.label', 'Aadir categora', 'es-ES');
INSERT INTO OKM_TRANSLATION (TR_MODULE, TR_KEY, TR_TEXT, TR_LANGUAGE) VALUES ('frontend', 'chat.room', 'Chat', 'es-ES');
INSERT INTO OKM_TRANSLATION (TR_MODULE, TR_KEY, TR_TEXT, TR_LANGUAGE) VALUES ('frontend', 'chat.users.in.room', 'Usuarios', 'es-ES');
INSERT INTO OKM_TRANSLATION (TR_MODULE, TR_KEY, TR_TEXT, TR_LANGUAGE) VALUES ('extension', 'confirm.delete.contact', ' Seguro que desea eliminar el contacto ?', 'es-ES');
INSERT INTO OKM_TRANSLATION (TR_MODULE, TR_KEY, TR_TEXT, TR_LANGUAGE) VALUES ('frontend', 'confirm.delete.document', 'Seguro que desea eliminar el documento?', 'es-ES');
INSERT INTO OKM_TRANSLATION (TR_MODULE, TR_KEY, TR_TEXT, TR_LANGUAGE) VALUES ('frontend', 'confirm.delete.folder', 'Seguro que desea eliminar la carpeta?', 'es-ES');
INSERT INTO OKM_TRANSLATION (TR_MODULE, TR_KEY, TR_TEXT, TR_LANGUAGE) VALUES ('frontend', 'confirm.delete.mail', 'Seguro que desea eliminar el correo electrnico?', 'es-ES');
INSERT INTO OKM_TRANSLATION (TR_MODULE, TR_KEY, TR_TEXT, TR_LANGUAGE) VALUES ('extension', 'confirm.delete.message.proposed.query', ' Seguro que desea eliminar la consulta propuesta ?', 'es-ES');
INSERT INTO OKM_TRANSLATION (TR_MODULE, TR_KEY, TR_TEXT, TR_LANGUAGE) VALUES ('extension', 'confirm.delete.message.proposed.query.from.user', ' Seguro que desea eliminar la consulta propuesta de este usuario ?', 'es-ES');
INSERT INTO OKM_TRANSLATION (TR_MODULE, TR_KEY, TR_TEXT, TR_LANGUAGE) VALUES ('extension', 'confirm.delete.message.proposed.query.sent', ' Seguro que desea eliminar la consulta propuesta enviada', 'es-ES');
INSERT INTO OKM_TRANSLATION (TR_MODULE, TR_KEY, TR_TEXT, TR_LANGUAGE) VALUES ('extension', 'confirm.delete.message.proposed.subscription', ' Seguro que desea eliminar la suscripcin propuesta', 'es-ES');
INSERT INTO OKM_TRANSLATION (TR_MODULE, TR_KEY, TR_TEXT, TR_LANGUAGE) VALUES ('extension', 'confirm.delete.message.proposed.subscription.from.user', ' Seguro que desea eliminar la suscripcin propuesta de este usuario', 'es-ES');
INSERT INTO OKM_TRANSLATION (TR_MODULE, TR_KEY, TR_TEXT, TR_LANGUAGE) VALUES ('extension', 'confirm.delete.message.proposed.subscription.sent', ' Seguro que desea eliminar la suscripcin propuesta enviada', 'es-ES');
INSERT INTO OKM_TRANSLATION (TR_MODULE, TR_KEY, TR_TEXT, TR_LANGUAGE) VALUES ('extension', 'confirm.delete.message.received', ' Seguro que desea eliminar el mensaje recibido ?', 'es-ES');
INSERT INTO OKM_TRANSLATION (TR_MODULE, TR_KEY, TR_TEXT, TR_LANGUAGE) VALUES ('extension', 'confirm.delete.message.received.from.user', ' Seguro que desea eliminar los mensajes recibidos de este usuario ?', 'es-ES');
INSERT INTO OKM_TRANSLATION (TR_MODULE, TR_KEY, TR_TEXT, TR_LANGUAGE) VALUES ('extension', 'confirm.delete.message.sent', ' Seguro que desea eliminar el mensaje enviado ?', 'es-ES');
INSERT INTO OKM_TRANSLATION (TR_MODULE, TR_KEY, TR_TEXT, TR_LANGUAGE) VALUES ('extension', 'confirm.delete.message.sent.to.user', ' Seguro que desea eliminar todos los mensajes enviados al usuario ?', 'es-ES');
INSERT INTO OKM_TRANSLATION (TR_MODULE, TR_KEY, TR_TEXT, TR_LANGUAGE) VALUES ('frontend', 'confirm.delete.propety.group', 'Seguro que desea eliminar el grupo de propiedades?', 'es-ES');
INSERT INTO OKM_TRANSLATION (TR_MODULE, TR_KEY, TR_TEXT, TR_LANGUAGE) VALUES ('frontend', 'confirm.delete.saved.search', 'Seguro que desea eliminar la consulta almacenada?', 'es-ES');
INSERT INTO OKM_TRANSLATION (TR_MODULE, TR_KEY, TR_TEXT, TR_LANGUAGE) VALUES ('frontend', 'confirm.delete.trash', 'Seguro que desea vaciar la papelera?', 'es-ES');
INSERT INTO OKM_TRANSLATION (TR_MODULE, TR_KEY, TR_TEXT, TR_LANGUAGE) VALUES ('frontend', 'confirm.delete.user.news', 'Seguro que desea eliminar la novedad de usuario?', 'es-ES');
INSERT INTO OKM_TRANSLATION (TR_MODULE, TR_KEY, TR_TEXT, TR_LANGUAGE) VALUES ('frontend', 'confirm.force.cancel.checkout', 'Seguro que desea forzar la cancelacin del documento editado?', 'es-ES');
INSERT INTO OKM_TRANSLATION (TR_MODULE, TR_KEY, TR_TEXT, TR_LANGUAGE) VALUES ('frontend', 'confirm.force.unlock', 'Seguro que desea forzar el desbloquear del documento?', 'es-ES');
INSERT INTO OKM_TRANSLATION (TR_MODULE, TR_KEY, TR_TEXT, TR_LANGUAGE) VALUES ('frontend', 'confirm.get.pooled.workflow.task', 'Seguro que desea asignarse esta tarea?', 'es-ES');
INSERT INTO OKM_TRANSLATION (TR_MODULE, TR_KEY, TR_TEXT, TR_LANGUAGE) VALUES ('frontend', 'confirm.label', 'Confirmacin', 'es-ES');
INSERT INTO OKM_TRANSLATION (TR_MODULE, TR_KEY, TR_TEXT, TR_LANGUAGE) VALUES ('frontend', 'confirm.purge.document', 'Seguro que desea eliminar el documento?', 'es-ES');
INSERT INTO OKM_TRANSLATION (TR_MODULE, TR_KEY, TR_TEXT, TR_LANGUAGE) VALUES ('frontend', 'confirm.purge.folder', 'Seguro que desea eliminar la carpeta?', 'es-ES');
INSERT INTO OKM_TRANSLATION (TR_MODULE, TR_KEY, TR_TEXT, TR_LANGUAGE) VALUES ('frontend', 'confirm.purge.restore.document', 'Seguro que desea restaurar a esta versin del histrico del documento?', 'es-ES');
INSERT INTO OKM_TRANSLATION (TR_MODULE, TR_KEY, TR_TEXT, TR_LANGUAGE) VALUES ('frontend', 'confirm.purge.version.history.document', 'Seguro que desea eliminar el histrico del documento?', 'es-ES');
INSERT INTO OKM_TRANSLATION (TR_MODULE, TR_KEY, TR_TEXT, TR_LANGUAGE) VALUES ('frontend', 'confirm.set.default.home', 'Seguro que desea establecer el inicio por defecto?', 'es-ES');
INSERT INTO OKM_TRANSLATION (TR_MODULE, TR_KEY, TR_TEXT, TR_LANGUAGE) VALUES ('extension', 'contact.manage', 'Gestionar contactos', 'es-ES');
INSERT INTO OKM_TRANSLATION (TR_MODULE, TR_KEY, TR_TEXT, TR_LANGUAGE) VALUES ('extension', 'contact.manager.address', 'Direccin', 'es-ES');
INSERT INTO OKM_TRANSLATION (TR_MODULE, TR_KEY, TR_TEXT, TR_LANGUAGE) VALUES ('extension', 'contact.manager.city', 'Ciudad', 'es-ES');
INSERT INTO OKM_TRANSLATION (TR_MODULE, TR_KEY, TR_TEXT, TR_LANGUAGE) VALUES ('extension', 'contact.manager.country', 'Pais', 'es-ES');
INSERT INTO OKM_TRANSLATION (TR_MODULE, TR_KEY, TR_TEXT, TR_LANGUAGE) VALUES ('extension', 'contact.manager.fax', 'Fax', 'es-ES');
INSERT INTO OKM_TRANSLATION (TR_MODULE, TR_KEY, TR_TEXT, TR_LANGUAGE) VALUES ('extension', 'contact.manager.mail', 'Correo electrnico', 'es-ES');
INSERT INTO OKM_TRANSLATION (TR_MODULE, TR_KEY, TR_TEXT, TR_LANGUAGE) VALUES ('extension', 'contact.manager.mobile', 'Mvil', 'es-ES');
INSERT INTO OKM_TRANSLATION (TR_MODULE, TR_KEY, TR_TEXT, TR_LANGUAGE) VALUES ('extension', 'contact.manager.name', 'Nombre', 'es-ES');
INSERT INTO OKM_TRANSLATION (TR_MODULE, TR_KEY, TR_TEXT, TR_LANGUAGE) VALUES ('extension', 'contact.manager.notes', 'Notas', 'es-ES');
INSERT INTO OKM_TRANSLATION (TR_MODULE, TR_KEY, TR_TEXT, TR_LANGUAGE) VALUES ('extension', 'contact.manager.postal.code', 'Cdigo postal', 'es-ES');
INSERT INTO OKM_TRANSLATION (TR_MODULE, TR_KEY, TR_TEXT, TR_LANGUAGE) VALUES ('extension', 'contact.manager.phone', 'Telfono', 'es-ES');
INSERT INTO OKM_TRANSLATION (TR_MODULE, TR_KEY, TR_TEXT, TR_LANGUAGE) VALUES ('extension', 'contact.manager.province', 'Provincia', 'es-ES');
INSERT INTO OKM_TRANSLATION (TR_MODULE, TR_KEY, TR_TEXT, TR_LANGUAGE) VALUES ('extension', 'contact.manager.web', 'Web', 'es-ES');
INSERT INTO OKM_TRANSLATION (TR_MODULE, TR_KEY, TR_TEXT, TR_LANGUAGE) VALUES ('extension', 'contact.popup.list', 'Seleccin de contactos', 'es-ES');
INSERT INTO OKM_TRANSLATION (TR_MODULE, TR_KEY, TR_TEXT, TR_LANGUAGE) VALUES ('extension', 'contact.popup.manage', 'Gestin de contactos', 'es-ES');
INSERT INTO OKM_TRANSLATION (TR_MODULE, TR_KEY, TR_TEXT, TR_LANGUAGE) VALUES ('extension', 'contact.tab.add.contacts', 'Adiendo contacto', 'es-ES');
INSERT INTO OKM_TRANSLATION (TR_MODULE, TR_KEY, TR_TEXT, TR_LANGUAGE) VALUES ('extension', 'contact.tab.create.contacts', 'Creando contacto', 'es-ES');
INSERT INTO OKM_TRANSLATION (TR_MODULE, TR_KEY, TR_TEXT, TR_LANGUAGE) VALUES ('extension', 'contact.tab.delete.contacts', 'Eliminando contacto', 'es-ES');
INSERT INTO OKM_TRANSLATION (TR_MODULE, TR_KEY, TR_TEXT, TR_LANGUAGE) VALUES ('extension', 'contact.tab.document.tittle', 'Contactos', 'es-ES');
INSERT INTO OKM_TRANSLATION (TR_MODULE, TR_KEY, TR_TEXT, TR_LANGUAGE) VALUES ('extension', 'contact.tab.get.contacts', 'Obteniendo contactos', 'es-ES');
INSERT INTO OKM_TRANSLATION (TR_MODULE, TR_KEY, TR_TEXT, TR_LANGUAGE) VALUES ('extension', 'contact.tab.update.contacts', 'Actualizando contacto', 'es-ES');
INSERT INTO OKM_TRANSLATION (TR_MODULE, TR_KEY, TR_TEXT, TR_LANGUAGE) VALUES ('extension', 'crypt.cryptography', 'Cryptografa', 'es-ES');
INSERT INTO OKM_TRANSLATION (TR_MODULE, TR_KEY, TR_TEXT, TR_LANGUAGE) VALUES ('extension', 'crypt.document.checkin', 'Checkin documento encriptado', 'es-ES');
INSERT INTO OKM_TRANSLATION (TR_MODULE, TR_KEY, TR_TEXT, TR_LANGUAGE) VALUES ('extension', 'crypt.document.checkout', 'Editar documento encriptado', 'es-ES');
INSERT INTO OKM_TRANSLATION (TR_MODULE, TR_KEY, TR_TEXT, TR_LANGUAGE) VALUES ('extension', 'crypt.document.decrypt', 'Descargar documento desencriptado', 'es-ES');
INSERT INTO OKM_TRANSLATION (TR_MODULE, TR_KEY, TR_TEXT, TR_LANGUAGE) VALUES ('extension', 'crypt.document.decrypt.existing', 'Desencriptar documento', 'es-ES');
INSERT INTO OKM_TRANSLATION (TR_MODULE, TR_KEY, TR_TEXT, TR_LANGUAGE) VALUES ('extension', 'crypt.document.encrypt', 'Subir documento encriptado', 'es-ES');
INSERT INTO OKM_TRANSLATION (TR_MODULE, TR_KEY, TR_TEXT, TR_LANGUAGE) VALUES ('extension', 'crypt.document.encrypt.existing', 'Encriptar documento', 'es-ES');
INSERT INTO OKM_TRANSLATION (TR_MODULE, TR_KEY, TR_TEXT, TR_LANGUAGE) VALUES ('extension', 'crypt.loading', 'Cargando criptografa ...', 'es-ES');
INSERT INTO OKM_TRANSLATION (TR_MODULE, TR_KEY, TR_TEXT, TR_LANGUAGE) VALUES ('extension', 'dasboard.messaging.add.query', 'Aadiendo consulta', 'es-ES');
INSERT INTO OKM_TRANSLATION (TR_MODULE, TR_KEY, TR_TEXT, TR_LANGUAGE) VALUES ('extension', 'dasboard.messaging.add.subscription', 'Aadiendo suscripcin', 'es-ES');
INSERT INTO OKM_TRANSLATION (TR_MODULE, TR_KEY, TR_TEXT, TR_LANGUAGE) VALUES ('extension', 'dasboard.messaging.delete.message.received', 'Eliminando mensaje recibido', 'es-ES');
INSERT INTO OKM_TRANSLATION (TR_MODULE, TR_KEY, TR_TEXT, TR_LANGUAGE) VALUES ('extension', 'dasboard.messaging.delete.message.sent', 'Eliminando mensaje enviado', 'es-ES');
INSERT INTO OKM_TRANSLATION (TR_MODULE, TR_KEY, TR_TEXT, TR_LANGUAGE) VALUES ('extension', 'dasboard.messaging.delete.propose', 'Eliminando propuesta', 'es-ES');
INSERT INTO OKM_TRANSLATION (TR_MODULE, TR_KEY, TR_TEXT, TR_LANGUAGE) VALUES ('extension', 'dasboard.messaging.delete.proposed.query', 'Eliminando consulta propuesta', 'es-ES');
INSERT INTO OKM_TRANSLATION (TR_MODULE, TR_KEY, TR_TEXT, TR_LANGUAGE) VALUES ('extension', 'dasboard.messaging.delete.proposed.subscriptions', 'Eliminando las propuestas de suscripcin', 'es-ES');
INSERT INTO OKM_TRANSLATION (TR_MODULE, TR_KEY, TR_TEXT, TR_LANGUAGE) VALUES ('extension', 'dasboard.messaging.get.message.sent', 'Obteniendo mensaje enviado', 'es-ES');
INSERT INTO OKM_TRANSLATION (TR_MODULE, TR_KEY, TR_TEXT, TR_LANGUAGE) VALUES ('extension', 'dasboard.messaging.get.messages.received', 'Obteniendo mensajes recibidos', 'es-ES');
INSERT INTO OKM_TRANSLATION (TR_MODULE, TR_KEY, TR_TEXT, TR_LANGUAGE) VALUES ('extension', 'dasboard.messaging.get.messages.sent', 'Obteniendo mensajes enviados', 'es-ES');
INSERT INTO OKM_TRANSLATION (TR_MODULE, TR_KEY, TR_TEXT, TR_LANGUAGE) VALUES ('extension', 'dasboard.messaging.get.proposed.queries', 'Obteniendo consultas propuestas', 'es-ES');
INSERT INTO OKM_TRANSLATION (TR_MODULE, TR_KEY, TR_TEXT, TR_LANGUAGE) VALUES ('extension', 'dasboard.messaging.get.proposed.subscriptions', 'Obteniendo las propuestas de subscripciones', 'es-ES');
INSERT INTO OKM_TRANSLATION (TR_MODULE, TR_KEY, TR_TEXT, TR_LANGUAGE) VALUES ('extension', 'dasboard.messaging.mark.message.received.seen', 'Marcando el mensaje recibido como visto', 'es-ES');
INSERT INTO OKM_TRANSLATION (TR_MODULE, TR_KEY, TR_TEXT, TR_LANGUAGE) VALUES ('extension', 'dasboard.messaging.mark.propose.accepted', 'Marcar la propuesta como aceptada', 'es-ES');
INSERT INTO OKM_TRANSLATION (TR_MODULE, TR_KEY, TR_TEXT, TR_LANGUAGE) VALUES ('extension', 'dasboard.messaging.mark.propose.seen', 'Marcar la propuesta como vista', 'es-ES');
INSERT INTO OKM_TRANSLATION (TR_MODULE, TR_KEY, TR_TEXT, TR_LANGUAGE) VALUES ('frontend', 'dashboard.general.last.month.top.downloaded.documents', 'Documentos ms vistos el ltimo mes', 'es-ES');
INSERT INTO OKM_TRANSLATION (TR_MODULE, TR_KEY, TR_TEXT, TR_LANGUAGE) VALUES ('frontend', 'dashboard.general.last.month.top.modified.documents', 'Documentos ms modificados el ltimo mes', 'es-ES');
INSERT INTO OKM_TRANSLATION (TR_MODULE, TR_KEY, TR_TEXT, TR_LANGUAGE) VALUES ('frontend', 'dashboard.general.last.uploaded.documents', 'ltimos documentos subidos', 'es-ES');
INSERT INTO OKM_TRANSLATION (TR_MODULE, TR_KEY, TR_TEXT, TR_LANGUAGE) VALUES ('frontend', 'dashboard.general.last.week.top.downloaded.documents', 'Documentos ms vistos la ltima semana', 'es-ES');
INSERT INTO OKM_TRANSLATION (TR_MODULE, TR_KEY, TR_TEXT, TR_LANGUAGE) VALUES ('frontend', 'dashboard.general.last.week.top.modified.documents', 'Documentos ms modificados la ltima semana', 'es-ES');
INSERT INTO OKM_TRANSLATION (TR_MODULE, TR_KEY, TR_TEXT, TR_LANGUAGE) VALUES ('frontend', 'dashboard.keyword', 'Palabras clave', 'es-ES');
INSERT INTO OKM_TRANSLATION (TR_MODULE, TR_KEY, TR_TEXT, TR_LANGUAGE) VALUES ('frontend', 'dashboard.keyword.all', 'Palabras clave', 'es-ES');
INSERT INTO OKM_TRANSLATION (TR_MODULE, TR_KEY, TR_TEXT, TR_LANGUAGE) VALUES ('frontend', 'dashboard.keyword.clean.keywords', 'Limpiar palabras clave', 'es-ES');
INSERT INTO OKM_TRANSLATION (TR_MODULE, TR_KEY, TR_TEXT, TR_LANGUAGE) VALUES ('frontend', 'dashboard.keyword.goto.document', 'Ir al documento', 'es-ES');
INSERT INTO OKM_TRANSLATION (TR_MODULE, TR_KEY, TR_TEXT, TR_LANGUAGE) VALUES ('frontend', 'dashboard.keyword.related', 'Palabras clave relacionadas', 'es-ES');
INSERT INTO OKM_TRANSLATION (TR_MODULE, TR_KEY, TR_TEXT, TR_LANGUAGE) VALUES ('frontend', 'dashboard.keyword.suggest', 'Escribe la palabra', 'es-ES');
INSERT INTO OKM_TRANSLATION (TR_MODULE, TR_KEY, TR_TEXT, TR_LANGUAGE) VALUES ('frontend', 'dashboard.keyword.top', 'Palabras clave ms usadas', 'es-ES');
INSERT INTO OKM_TRANSLATION (TR_MODULE, TR_KEY, TR_TEXT, TR_LANGUAGE) VALUES ('frontend', 'dashboard.mail.last.imported.attached.documents', 'Documentos adjuntos', 'es-ES');
INSERT INTO OKM_TRANSLATION (TR_MODULE, TR_KEY, TR_TEXT, TR_LANGUAGE) VALUES ('frontend', 'dashboard.mail.last.imported.mails', 'Correos electrnicos', 'es-ES');
INSERT INTO OKM_TRANSLATION (TR_MODULE, TR_KEY, TR_TEXT, TR_LANGUAGE) VALUES ('frontend', 'dashboard.new.items', 'Nuevos', 'es-ES');
INSERT INTO OKM_TRANSLATION (TR_MODULE, TR_KEY, TR_TEXT, TR_LANGUAGE) VALUES ('frontend', 'dashboard.refreshing', 'Refrescando', 'es-ES');
INSERT INTO OKM_TRANSLATION (TR_MODULE, TR_KEY, TR_TEXT, TR_LANGUAGE) VALUES ('frontend', 'dashboard.tab.general', 'General', 'es-ES');
INSERT INTO OKM_TRANSLATION (TR_MODULE, TR_KEY, TR_TEXT, TR_LANGUAGE) VALUES ('frontend', 'dashboard.tab.keymap', 'Palabras clave', 'es-ES');
INSERT INTO OKM_TRANSLATION (TR_MODULE, TR_KEY, TR_TEXT, TR_LANGUAGE) VALUES ('frontend', 'dashboard.tab.mail', 'Correo', 'es-ES');
INSERT INTO OKM_TRANSLATION (TR_MODULE, TR_KEY, TR_TEXT, TR_LANGUAGE) VALUES ('extension', 'dashboard.tab.messaging', 'Mensajera', 'es-ES');
INSERT INTO OKM_TRANSLATION (TR_MODULE, TR_KEY, TR_TEXT, TR_LANGUAGE) VALUES ('frontend', 'dashboard.tab.news', 'Novedades', 'es-ES');
INSERT INTO OKM_TRANSLATION (TR_MODULE, TR_KEY, TR_TEXT, TR_LANGUAGE) VALUES ('frontend', 'dashboard.tab.user', 'Usuario', 'es-ES');
INSERT INTO OKM_TRANSLATION (TR_MODULE, TR_KEY, TR_TEXT, TR_LANGUAGE) VALUES ('frontend', 'dashboard.tab.workflow', 'Workflow', 'es-ES');
INSERT INTO OKM_TRANSLATION (TR_MODULE, TR_KEY, TR_TEXT, TR_LANGUAGE) VALUES ('frontend', 'dashboard.user.checkout.documents', 'Documentos en checkout', 'es-ES');
INSERT INTO OKM_TRANSLATION (TR_MODULE, TR_KEY, TR_TEXT, TR_LANGUAGE) VALUES ('frontend', 'dashboard.user.last.downloaded.documents', 'ltimos documentos descargados', 'es-ES');
INSERT INTO OKM_TRANSLATION (TR_MODULE, TR_KEY, TR_TEXT, TR_LANGUAGE) VALUES ('frontend', 'dashboard.user.last.modified.documents', 'ltimos documentos modificados', 'es-ES');
INSERT INTO OKM_TRANSLATION (TR_MODULE, TR_KEY, TR_TEXT, TR_LANGUAGE) VALUES ('frontend', 'dashboard.user.last.uploaded.documents', 'ltimos documentos subidos', 'es-ES');
INSERT INTO OKM_TRANSLATION (TR_MODULE, TR_KEY, TR_TEXT, TR_LANGUAGE) VALUES ('frontend', 'dashboard.user.locked.documents', 'Documentos bloqueados', 'es-ES');
INSERT INTO OKM_TRANSLATION (TR_MODULE, TR_KEY, TR_TEXT, TR_LANGUAGE) VALUES ('frontend', 'dashboard.user.subscribed.documents', 'Documentos suscritos', 'es-ES');
INSERT INTO OKM_TRANSLATION (TR_MODULE, TR_KEY, TR_TEXT, TR_LANGUAGE) VALUES ('frontend', 'dashboard.user.subscribed.folders', 'Carpetas suscritas', 'es-ES');
INSERT INTO OKM_TRANSLATION (TR_MODULE, TR_KEY, TR_TEXT, TR_LANGUAGE) VALUES ('frontend', 'dashboard.workflow.add.comment', 'Aadir comentario', 'es-ES');
INSERT INTO OKM_TRANSLATION (TR_MODULE, TR_KEY, TR_TEXT, TR_LANGUAGE) VALUES ('frontend', 'dashboard.workflow.comments', 'Commentario', 'es-ES');
INSERT INTO OKM_TRANSLATION (TR_MODULE, TR_KEY, TR_TEXT, TR_LANGUAGE) VALUES ('frontend', 'dashboard.workflow.pending.tasks', 'Tareas pendientes', 'es-ES');
INSERT INTO OKM_TRANSLATION (TR_MODULE, TR_KEY, TR_TEXT, TR_LANGUAGE) VALUES ('frontend', 'dashboard.workflow.pending.tasks.unassigned', 'Tareas pendientes no asignadas', 'es-ES');
INSERT INTO OKM_TRANSLATION (TR_MODULE, TR_KEY, TR_TEXT, TR_LANGUAGE) VALUES ('frontend', 'dashboard.workflow.task', 'Tarea', 'es-ES');
INSERT INTO OKM_TRANSLATION (TR_MODULE, TR_KEY, TR_TEXT, TR_LANGUAGE) VALUES ('frontend', 'dashboard.workflow.task.created', 'Fecha de creacin', 'es-ES');
INSERT INTO OKM_TRANSLATION (TR_MODULE, TR_KEY, TR_TEXT, TR_LANGUAGE) VALUES ('frontend', 'dashboard.workflow.task.description', 'Descripcin', 'es-ES');
INSERT INTO OKM_TRANSLATION (TR_MODULE, TR_KEY, TR_TEXT, TR_LANGUAGE) VALUES ('frontend', 'dashboard.workflow.task.duedate', 'Fecha lmite', 'es-ES');
INSERT INTO OKM_TRANSLATION (TR_MODULE, TR_KEY, TR_TEXT, TR_LANGUAGE) VALUES ('frontend', 'dashboard.workflow.task.end', 'Fecha de fin', 'es-ES');
INSERT INTO OKM_TRANSLATION (TR_MODULE, TR_KEY, TR_TEXT, TR_LANGUAGE) VALUES ('frontend', 'dashboard.workflow.task.id', 'ID', 'es-ES');
INSERT INTO OKM_TRANSLATION (TR_MODULE, TR_KEY, TR_TEXT, TR_LANGUAGE) VALUES ('frontend', 'dashboard.workflow.task.name', 'Nombre', 'es-ES');
INSERT INTO OKM_TRANSLATION (TR_MODULE, TR_KEY, TR_TEXT, TR_LANGUAGE) VALUES ('frontend', 'dashboard.workflow.task.process.data', 'Datos', 'es-ES');
INSERT INTO OKM_TRANSLATION (TR_MODULE, TR_KEY, TR_TEXT, TR_LANGUAGE) VALUES ('frontend', 'dashboard.workflow.task.process.definition', 'Definicin de proceso', 'es-ES');
INSERT INTO OKM_TRANSLATION (TR_MODULE, TR_KEY, TR_TEXT, TR_LANGUAGE) VALUES ('frontend', 'dashboard.workflow.task.process.description', 'Descripcin', 'es-ES');
INSERT INTO OKM_TRANSLATION (TR_MODULE, TR_KEY, TR_TEXT, TR_LANGUAGE) VALUES ('frontend', 'dashboard.workflow.task.process.forms', 'Formulario', 'es-ES');
INSERT INTO OKM_TRANSLATION (TR_MODULE, TR_KEY, TR_TEXT, TR_LANGUAGE) VALUES ('frontend', 'dashboard.workflow.task.process.id', 'ID', 'es-ES');
INSERT INTO OKM_TRANSLATION (TR_MODULE, TR_KEY, TR_TEXT, TR_LANGUAGE) VALUES ('frontend', 'dashboard.workflow.task.process.instance', 'Instancia de proceso', 'es-ES');
INSERT INTO OKM_TRANSLATION (TR_MODULE, TR_KEY, TR_TEXT, TR_LANGUAGE) VALUES ('frontend', 'dashboard.workflow.task.process.name', 'Nombre', 'es-ES');
INSERT INTO OKM_TRANSLATION (TR_MODULE, TR_KEY, TR_TEXT, TR_LANGUAGE) VALUES ('frontend', 'dashboard.workflow.task.process.path', 'Ruta', 'es-ES');
INSERT INTO OKM_TRANSLATION (TR_MODULE, TR_KEY, TR_TEXT, TR_LANGUAGE) VALUES ('frontend', 'dashboard.workflow.task.process.version', 'Versin', 'es-ES');
INSERT INTO OKM_TRANSLATION (TR_MODULE, TR_KEY, TR_TEXT, TR_LANGUAGE) VALUES ('frontend', 'dashboard.workflow.task.start', 'Fecha de inicio', 'es-ES');
INSERT INTO OKM_TRANSLATION (TR_MODULE, TR_KEY, TR_TEXT, TR_LANGUAGE) VALUES ('frontend', 'debug.console.label', 'Consola de depuracin', 'es-ES');
INSERT INTO OKM_TRANSLATION (TR_MODULE, TR_KEY, TR_TEXT, TR_LANGUAGE) VALUES ('frontend', 'debug.enable.disable', 'CTRL+Z para activar o desactivar el modo de depuracin', 'es-ES');
INSERT INTO OKM_TRANSLATION (TR_MODULE, TR_KEY, TR_TEXT, TR_LANGUAGE) VALUES ('extension', 'digital.signature.loading', 'Por favor espere mientras el applet de firma digital se carga ...', 'es-ES');
INSERT INTO OKM_TRANSLATION (TR_MODULE, TR_KEY, TR_TEXT, TR_LANGUAGE) VALUES ('extension', 'digital.signature.sign', 'Firmar documento', 'es-ES');
INSERT INTO OKM_TRANSLATION (TR_MODULE, TR_KEY, TR_TEXT, TR_LANGUAGE) VALUES ('frontend', 'document.add.note', 'Aadir nota', 'es-ES');
INSERT INTO OKM_TRANSLATION (TR_MODULE, TR_KEY, TR_TEXT, TR_LANGUAGE) VALUES ('frontend', 'document.by', 'por', 'es-ES');
INSERT INTO OKM_TRANSLATION (TR_MODULE, TR_KEY, TR_TEXT, TR_LANGUAGE) VALUES ('frontend', 'document.categories', 'Categoras', 'es-ES');
INSERT INTO OKM_TRANSLATION (TR_MODULE, TR_KEY, TR_TEXT, TR_LANGUAGE) VALUES ('frontend', 'document.created', 'Creado', 'es-ES');
INSERT INTO OKM_TRANSLATION (TR_MODULE, TR_KEY, TR_TEXT, TR_LANGUAGE) VALUES ('frontend', 'document.folder', 'Carpeta', 'es-ES');
INSERT INTO OKM_TRANSLATION (TR_MODULE, TR_KEY, TR_TEXT, TR_LANGUAGE) VALUES ('frontend', 'document.history.size', 'Tamao del histrico', 'es-ES');
INSERT INTO OKM_TRANSLATION (TR_MODULE, TR_KEY, TR_TEXT, TR_LANGUAGE) VALUES ('frontend', 'document.keywords', 'Palabras clave', 'es-ES');
INSERT INTO OKM_TRANSLATION (TR_MODULE, TR_KEY, TR_TEXT, TR_LANGUAGE) VALUES ('frontend', 'document.keywords.cloud', 'Nube de palabras clave', 'es-ES');
INSERT INTO OKM_TRANSLATION (TR_MODULE, TR_KEY, TR_TEXT, TR_LANGUAGE) VALUES ('frontend', 'document.lastmodified', 'Modificado', 'es-ES');
INSERT INTO OKM_TRANSLATION (TR_MODULE, TR_KEY, TR_TEXT, TR_LANGUAGE) VALUES ('frontend', 'document.mimetype', 'Tipo MIME', 'es-ES');
INSERT INTO OKM_TRANSLATION (TR_MODULE, TR_KEY, TR_TEXT, TR_LANGUAGE) VALUES ('frontend', 'document.name', 'Nombre', 'es-ES');
INSERT INTO OKM_TRANSLATION (TR_MODULE, TR_KEY, TR_TEXT, TR_LANGUAGE) VALUES ('frontend', 'document.size', 'Tamao', 'es-ES');
INSERT INTO OKM_TRANSLATION (TR_MODULE, TR_KEY, TR_TEXT, TR_LANGUAGE) VALUES ('frontend', 'document.status', 'Estado', 'es-ES');
INSERT INTO OKM_TRANSLATION (TR_MODULE, TR_KEY, TR_TEXT, TR_LANGUAGE) VALUES ('frontend', 'document.status.checkout', 'Editado por', 'es-ES');
INSERT INTO OKM_TRANSLATION (TR_MODULE, TR_KEY, TR_TEXT, TR_LANGUAGE) VALUES ('frontend', 'document.status.locked', 'Bloqueado por', 'es-ES');
INSERT INTO OKM_TRANSLATION (TR_MODULE, TR_KEY, TR_TEXT, TR_LANGUAGE) VALUES ('frontend', 'document.status.normal', 'Disponible', 'es-ES');
INSERT INTO OKM_TRANSLATION (TR_MODULE, TR_KEY, TR_TEXT, TR_LANGUAGE) VALUES ('frontend', 'document.subscribed', 'Suscrito', 'es-ES');
INSERT INTO OKM_TRANSLATION (TR_MODULE, TR_KEY, TR_TEXT, TR_LANGUAGE) VALUES ('frontend', 'document.subscribed.no', 'No', 'es-ES');
INSERT INTO OKM_TRANSLATION (TR_MODULE, TR_KEY, TR_TEXT, TR_LANGUAGE) VALUES ('frontend', 'document.subscribed.users', 'Usuarios suscritos', 'es-ES');
INSERT INTO OKM_TRANSLATION (TR_MODULE, TR_KEY, TR_TEXT, TR_LANGUAGE) VALUES ('frontend', 'document.subscribed.yes', 'S', 'es-ES');
INSERT INTO OKM_TRANSLATION (TR_MODULE, TR_KEY, TR_TEXT, TR_LANGUAGE) VALUES ('frontend', 'document.url', 'URL', 'es-ES');
INSERT INTO OKM_TRANSLATION (TR_MODULE, TR_KEY, TR_TEXT, TR_LANGUAGE) VALUES ('frontend', 'document.uuid', 'UUID', 'es-ES');
INSERT INTO OKM_TRANSLATION (TR_MODULE, TR_KEY, TR_TEXT, TR_LANGUAGE) VALUES ('frontend', 'document.webdav', 'WebDAV', 'es-ES');
INSERT INTO OKM_TRANSLATION (TR_MODULE, TR_KEY, TR_TEXT, TR_LANGUAGE) VALUES ('frontend', 'error.invocation', 'Error de comunicacin con el servidor', 'es-ES');
INSERT INTO OKM_TRANSLATION (TR_MODULE, TR_KEY, TR_TEXT, TR_LANGUAGE) VALUES ('frontend', 'error.label', 'El sistema ha generado un error', 'es-ES');
INSERT INTO OKM_TRANSLATION (TR_MODULE, TR_KEY, TR_TEXT, TR_LANGUAGE) VALUES ('frontend', 'filebrowser.author', 'Autor', 'es-ES');
INSERT INTO OKM_TRANSLATION (TR_MODULE, TR_KEY, TR_TEXT, TR_LANGUAGE) VALUES ('frontend', 'filebrowser.date.update', 'Fecha de modificacin', 'es-ES');
INSERT INTO OKM_TRANSLATION (TR_MODULE, TR_KEY, TR_TEXT, TR_LANGUAGE) VALUES ('frontend', 'filebrowser.menu.add.bookmark', 'Aadir marcador', 'es-ES');
INSERT INTO OKM_TRANSLATION (TR_MODULE, TR_KEY, TR_TEXT, TR_LANGUAGE) VALUES ('frontend', 'filebrowser.menu.add.property.group', 'Aadir grupo de propiedades', 'es-ES');
INSERT INTO OKM_TRANSLATION (TR_MODULE, TR_KEY, TR_TEXT, TR_LANGUAGE) VALUES ('frontend', 'filebrowser.menu.add.subscription', 'Aadir suscripcin', 'es-ES');
INSERT INTO OKM_TRANSLATION (TR_MODULE, TR_KEY, TR_TEXT, TR_LANGUAGE) VALUES ('frontend', 'filebrowser.menu.checkin', 'Check-in', 'es-ES');
INSERT INTO OKM_TRANSLATION (TR_MODULE, TR_KEY, TR_TEXT, TR_LANGUAGE) VALUES ('frontend', 'filebrowser.menu.checkout', 'Check-out', 'es-ES');
INSERT INTO OKM_TRANSLATION (TR_MODULE, TR_KEY, TR_TEXT, TR_LANGUAGE) VALUES ('frontend', 'filebrowser.menu.checkout.cancel', 'Cancelar check-out', 'es-ES');
INSERT INTO OKM_TRANSLATION (TR_MODULE, TR_KEY, TR_TEXT, TR_LANGUAGE) VALUES ('frontend', 'filebrowser.menu.copy', 'Copiar', 'es-ES');
INSERT INTO OKM_TRANSLATION (TR_MODULE, TR_KEY, TR_TEXT, TR_LANGUAGE) VALUES ('frontend', 'filebrowser.menu.create.from.template', 'Crear desde plantilla', 'es-ES');
INSERT INTO OKM_TRANSLATION (TR_MODULE, TR_KEY, TR_TEXT, TR_LANGUAGE) VALUES ('frontend', 'filebrowser.menu.delete', 'Eliminar', 'es-ES');
INSERT INTO OKM_TRANSLATION (TR_MODULE, TR_KEY, TR_TEXT, TR_LANGUAGE) VALUES ('frontend', 'filebrowser.menu.download', 'Descargar', 'es-ES');
INSERT INTO OKM_TRANSLATION (TR_MODULE, TR_KEY, TR_TEXT, TR_LANGUAGE) VALUES ('frontend', 'filebrowser.menu.export', 'Exportar a ZIP', 'es-ES');
INSERT INTO OKM_TRANSLATION (TR_MODULE, TR_KEY, TR_TEXT, TR_LANGUAGE) VALUES ('frontend', 'filebrowser.menu.image.viewer', 'Visor de imgenes', 'es-ES');
INSERT INTO OKM_TRANSLATION (TR_MODULE, TR_KEY, TR_TEXT, TR_LANGUAGE) VALUES ('frontend', 'filebrowser.menu.lock', 'Bloquear', 'es-ES');
INSERT INTO OKM_TRANSLATION (TR_MODULE, TR_KEY, TR_TEXT, TR_LANGUAGE) VALUES ('frontend', 'filebrowser.menu.move', 'Mover', 'es-ES');
INSERT INTO OKM_TRANSLATION (TR_MODULE, TR_KEY, TR_TEXT, TR_LANGUAGE) VALUES ('frontend', 'filebrowser.menu.play', 'Reproducir', 'es-ES');
INSERT INTO OKM_TRANSLATION (TR_MODULE, TR_KEY, TR_TEXT, TR_LANGUAGE) VALUES ('frontend', 'filebrowser.menu.refresh', 'Refrescar', 'es-ES');
INSERT INTO OKM_TRANSLATION (TR_MODULE, TR_KEY, TR_TEXT, TR_LANGUAGE) VALUES ('frontend', 'filebrowser.menu.remove.property.group', 'Eliminar grupo de propiedades', 'es-ES');
INSERT INTO OKM_TRANSLATION (TR_MODULE, TR_KEY, TR_TEXT, TR_LANGUAGE) VALUES ('frontend', 'filebrowser.menu.remove.subscription', 'Eliminar suscripcin', 'es-ES');
INSERT INTO OKM_TRANSLATION (TR_MODULE, TR_KEY, TR_TEXT, TR_LANGUAGE) VALUES ('frontend', 'filebrowser.menu.rename', 'Renombrar', 'es-ES');
INSERT INTO OKM_TRANSLATION (TR_MODULE, TR_KEY, TR_TEXT, TR_LANGUAGE) VALUES ('frontend', 'filebrowser.menu.set.home', 'Establecer inicio', 'es-ES');
INSERT INTO OKM_TRANSLATION (TR_MODULE, TR_KEY, TR_TEXT, TR_LANGUAGE) VALUES ('frontend', 'filebrowser.menu.start.workflow', 'Iniciar workflow', 'es-ES');
INSERT INTO OKM_TRANSLATION (TR_MODULE, TR_KEY, TR_TEXT, TR_LANGUAGE) VALUES ('frontend', 'filebrowser.menu.unlock', 'Desbloquear', 'es-ES');
INSERT INTO OKM_TRANSLATION (TR_MODULE, TR_KEY, TR_TEXT, TR_LANGUAGE) VALUES ('frontend', 'filebrowser.name', 'Nombre', 'es-ES');
INSERT INTO OKM_TRANSLATION (TR_MODULE, TR_KEY, TR_TEXT, TR_LANGUAGE) VALUES ('frontend', 'filebrowser.path', 'Ruta', 'es-ES');
INSERT INTO OKM_TRANSLATION (TR_MODULE, TR_KEY, TR_TEXT, TR_LANGUAGE) VALUES ('frontend', 'filebrowser.size', 'Tamao', 'es-ES');
INSERT INTO OKM_TRANSLATION (TR_MODULE, TR_KEY, TR_TEXT, TR_LANGUAGE) VALUES ('frontend', 'filebrowser.status.refresh.add.subscription', 'Estableciendo suscripcin', 'es-ES');
INSERT INTO OKM_TRANSLATION (TR_MODULE, TR_KEY, TR_TEXT, TR_LANGUAGE) VALUES ('frontend', 'filebrowser.status.refresh.checkout', 'Realizando checkout', 'es-ES');
INSERT INTO OKM_TRANSLATION (TR_MODULE, TR_KEY, TR_TEXT, TR_LANGUAGE) VALUES ('frontend', 'filebrowser.status.refresh.delete.document', 'Eliminando documento', 'es-ES');
INSERT INTO OKM_TRANSLATION (TR_MODULE, TR_KEY, TR_TEXT, TR_LANGUAGE) VALUES ('frontend', 'filebrowser.status.refresh.delete.folder', 'Eliminando carpeta', 'es-ES');
INSERT INTO OKM_TRANSLATION (TR_MODULE, TR_KEY, TR_TEXT, TR_LANGUAGE) VALUES ('frontend', 'filebrowser.status.refresh.delete.mail', 'Eliminando correo electrnico', 'es-ES');
INSERT INTO OKM_TRANSLATION (TR_MODULE, TR_KEY, TR_TEXT, TR_LANGUAGE) VALUES ('frontend', 'filebrowser.status.refresh.document', 'Actualizando lista de documentos', 'es-ES');
INSERT INTO OKM_TRANSLATION (TR_MODULE, TR_KEY, TR_TEXT, TR_LANGUAGE) VALUES ('frontend', 'filebrowser.status.refresh.document.get', 'Actualizando documento', 'es-ES');
INSERT INTO OKM_TRANSLATION (TR_MODULE, TR_KEY, TR_TEXT, TR_LANGUAGE) VALUES ('frontend', 'filebrowser.status.refresh.document.purge', 'Eliminando documento', 'es-ES');
INSERT INTO OKM_TRANSLATION (TR_MODULE, TR_KEY, TR_TEXT, TR_LANGUAGE) VALUES ('frontend', 'filebrowser.status.refresh.document.rename', 'Renombrando documento', 'es-ES');
INSERT INTO OKM_TRANSLATION (TR_MODULE, TR_KEY, TR_TEXT, TR_LANGUAGE) VALUES ('frontend', 'filebrowser.status.refresh.folder', 'Actualizando lista de carpetas', 'es-ES');
INSERT INTO OKM_TRANSLATION (TR_MODULE, TR_KEY, TR_TEXT, TR_LANGUAGE) VALUES ('frontend', 'filebrowser.status.refresh.folder.get', 'Actualizando carpeta', 'es-ES');
INSERT INTO OKM_TRANSLATION (TR_MODULE, TR_KEY, TR_TEXT, TR_LANGUAGE) VALUES ('frontend', 'filebrowser.status.refresh.folder.purge', 'Eliminando carpeta', 'es-ES');
INSERT INTO OKM_TRANSLATION (TR_MODULE, TR_KEY, TR_TEXT, TR_LANGUAGE) VALUES ('frontend', 'filebrowser.status.refresh.folder.rename', 'Renombrando carpeta', 'es-ES');
INSERT INTO OKM_TRANSLATION (TR_MODULE, TR_KEY, TR_TEXT, TR_LANGUAGE) VALUES ('frontend', 'filebrowser.status.refresh.mail.rename', 'Renombrando correo electrnico', 'es-ES');
INSERT INTO OKM_TRANSLATION (TR_MODULE, TR_KEY, TR_TEXT, TR_LANGUAGE) VALUES ('frontend', 'filebrowser.status.refresh.get.user.home', 'Obteniendo inicio', 'es-ES');
INSERT INTO OKM_TRANSLATION (TR_MODULE, TR_KEY, TR_TEXT, TR_LANGUAGE) VALUES ('frontend', 'filebrowser.status.refresh.lock', 'Estableciendo lock', 'es-ES');
INSERT INTO OKM_TRANSLATION (TR_MODULE, TR_KEY, TR_TEXT, TR_LANGUAGE) VALUES ('frontend', 'filebrowser.status.refresh.mail', 'Actualizando lista de correos electrnicos', 'es-ES');
INSERT INTO OKM_TRANSLATION (TR_MODULE, TR_KEY, TR_TEXT, TR_LANGUAGE) VALUES ('frontend', 'filebrowser.status.refresh.mail.purge', 'Eliminando correo electrnico', 'es-ES');
INSERT INTO OKM_TRANSLATION (TR_MODULE, TR_KEY, TR_TEXT, TR_LANGUAGE) VALUES ('frontend', 'filebrowser.status.refresh.remove.subscription', 'Eliminando suscripcin', 'es-ES');
INSERT INTO OKM_TRANSLATION (TR_MODULE, TR_KEY, TR_TEXT, TR_LANGUAGE) VALUES ('frontend', 'filebrowser.status.refresh.unlock', 'Eliminando lock', 'es-ES');
INSERT INTO OKM_TRANSLATION (TR_MODULE, TR_KEY, TR_TEXT, TR_LANGUAGE) VALUES ('frontend', 'filebrowser.version', 'Versin', 'es-ES');
INSERT INTO OKM_TRANSLATION (TR_MODULE, TR_KEY, TR_TEXT, TR_LANGUAGE) VALUES ('frontend', 'fileupload.button.add.other.file', 'Aadir otro fichero', 'es-ES');
INSERT INTO OKM_TRANSLATION (TR_MODULE, TR_KEY, TR_TEXT, TR_LANGUAGE) VALUES ('frontend', 'fileupload.button.close', 'Cerrar', 'es-ES');
INSERT INTO OKM_TRANSLATION (TR_MODULE, TR_KEY, TR_TEXT, TR_LANGUAGE) VALUES ('frontend', 'fileupload.digital.signature', 'Firmar documento', 'es-ES');
INSERT INTO OKM_TRANSLATION (TR_MODULE, TR_KEY, TR_TEXT, TR_LANGUAGE) VALUES ('frontend', 'fileupload.label.comment', 'Comentario', 'es-ES');
INSERT INTO OKM_TRANSLATION (TR_MODULE, TR_KEY, TR_TEXT, TR_LANGUAGE) VALUES ('frontend', 'fileupload.label.error.copy.file', 'Error copiando el fichero', 'es-ES');
INSERT INTO OKM_TRANSLATION (TR_MODULE, TR_KEY, TR_TEXT, TR_LANGUAGE) VALUES ('frontend', 'fileupload.label.error.copy.folder', 'Error copiando la carpeta', 'es-ES');
INSERT INTO OKM_TRANSLATION (TR_MODULE, TR_KEY, TR_TEXT, TR_LANGUAGE) VALUES ('frontend', 'fileupload.label.error.copy.mail', 'Error copiando el correo electrnico', 'es-ES');
INSERT INTO OKM_TRANSLATION (TR_MODULE, TR_KEY, TR_TEXT, TR_LANGUAGE) VALUES ('frontend', 'fileupload.label.error.create.from.template', 'Error creando fichero desde la plantilla', 'es-ES');
INSERT INTO OKM_TRANSLATION (TR_MODULE, TR_KEY, TR_TEXT, TR_LANGUAGE) VALUES ('frontend', 'fileupload.label.error.importing.zip', 'Error al importar el fichero', 'es-ES');
INSERT INTO OKM_TRANSLATION (TR_MODULE, TR_KEY, TR_TEXT, TR_LANGUAGE) VALUES ('frontend', 'fileupload.label.error.move.file', 'Error moviendo el fichero', 'es-ES');
INSERT INTO OKM_TRANSLATION (TR_MODULE, TR_KEY, TR_TEXT, TR_LANGUAGE) VALUES ('frontend', 'fileupload.label.error.move.folder', 'Error moviendo la carpeta', 'es-ES');
INSERT INTO OKM_TRANSLATION (TR_MODULE, TR_KEY, TR_TEXT, TR_LANGUAGE) VALUES ('frontend', 'fileupload.label.error.move.mail', 'Error moviendo el correo electrnico', 'es-ES');
INSERT INTO OKM_TRANSLATION (TR_MODULE, TR_KEY, TR_TEXT, TR_LANGUAGE) VALUES ('frontend', 'fileupload.label.error.not.allowed.copy.same.folder', 'No se permite copiar en la carpeta origen', 'es-ES');
INSERT INTO OKM_TRANSLATION (TR_MODULE, TR_KEY, TR_TEXT, TR_LANGUAGE) VALUES ('frontend', 'fileupload.label.error.not.allowed.create.from.template.same.folder', 'No se permite crear un fichero en la carpeta origen', 'es-ES');
INSERT INTO OKM_TRANSLATION (TR_MODULE, TR_KEY, TR_TEXT, TR_LANGUAGE) VALUES ('frontend', 'fileupload.label.error.not.allowed.move.folder.child', 'No se permite mover en la carpeta origen o hijas', 'es-ES');
INSERT INTO OKM_TRANSLATION (TR_MODULE, TR_KEY, TR_TEXT, TR_LANGUAGE) VALUES ('frontend', 'fileupload.label.error.restore.file', 'Error restaurando el fichero', 'es-ES');
INSERT INTO OKM_TRANSLATION (TR_MODULE, TR_KEY, TR_TEXT, TR_LANGUAGE) VALUES ('frontend', 'fileupload.label.error.restore.folder', 'Error restaurando la carpeta', 'es-ES');
INSERT INTO OKM_TRANSLATION (TR_MODULE, TR_KEY, TR_TEXT, TR_LANGUAGE) VALUES ('frontend', 'fileupload.label.error.restore.mail', 'Error restaurando el correo electrnico', 'es-ES');
INSERT INTO OKM_TRANSLATION (TR_MODULE, TR_KEY, TR_TEXT, TR_LANGUAGE) VALUES ('frontend', 'fileupload.label.groups', 'Grupos', 'es-ES');
INSERT INTO OKM_TRANSLATION (TR_MODULE, TR_KEY, TR_TEXT, TR_LANGUAGE) VALUES ('frontend', 'fileupload.label.groups.to.notify', 'Grupos a notificar', 'es-ES');
INSERT INTO OKM_TRANSLATION (TR_MODULE, TR_KEY, TR_TEXT, TR_LANGUAGE) VALUES ('frontend', 'fileupload.label.importZip', 'Importar documentos desde ZIP', 'es-ES');
INSERT INTO OKM_TRANSLATION (TR_MODULE, TR_KEY, TR_TEXT, TR_LANGUAGE) VALUES ('frontend', 'fileupload.label.insert', 'Insercin de documentos', 'es-ES');
INSERT INTO OKM_TRANSLATION (TR_MODULE, TR_KEY, TR_TEXT, TR_LANGUAGE) VALUES ('frontend', 'fileupload.label.must.select.users', 'Seleccione algn usuario al que notificar', 'es-ES');
INSERT INTO OKM_TRANSLATION (TR_MODULE, TR_KEY, TR_TEXT, TR_LANGUAGE) VALUES ('frontend', 'fileupload.label.notify.comment', 'Mensaje de notificacin', 'es-ES');
INSERT INTO OKM_TRANSLATION (TR_MODULE, TR_KEY, TR_TEXT, TR_LANGUAGE) VALUES ('frontend', 'fileupload.label.update', 'Actualizacin de documentos', 'es-ES');
INSERT INTO OKM_TRANSLATION (TR_MODULE, TR_KEY, TR_TEXT, TR_LANGUAGE) VALUES ('frontend', 'fileupload.label.users', 'Usuarios', 'es-ES');
INSERT INTO OKM_TRANSLATION (TR_MODULE, TR_KEY, TR_TEXT, TR_LANGUAGE) VALUES ('frontend', 'fileupload.label.users.notify', 'Notificar a los usuarios', 'es-ES');
INSERT INTO OKM_TRANSLATION (TR_MODULE, TR_KEY, TR_TEXT, TR_LANGUAGE) VALUES ('frontend', 'fileupload.label.users.to.notify', 'Usuarios a notificar', 'es-ES');
INSERT INTO OKM_TRANSLATION (TR_MODULE, TR_KEY, TR_TEXT, TR_LANGUAGE) VALUES ('frontend', 'fileupload.send', 'Enviar', 'es-ES');
INSERT INTO OKM_TRANSLATION (TR_MODULE, TR_KEY, TR_TEXT, TR_LANGUAGE) VALUES ('frontend', 'fileupload.status.copy.file', 'Copiando el fichero...', 'es-ES');
INSERT INTO OKM_TRANSLATION (TR_MODULE, TR_KEY, TR_TEXT, TR_LANGUAGE) VALUES ('frontend', 'fileupload.status.copy.folder', 'Copiando la carpeta...', 'es-ES');
INSERT INTO OKM_TRANSLATION (TR_MODULE, TR_KEY, TR_TEXT, TR_LANGUAGE) VALUES ('frontend', 'fileupload.status.copy.mail', 'Copiando el correo electrnico...', 'es-ES');
INSERT INTO OKM_TRANSLATION (TR_MODULE, TR_KEY, TR_TEXT, TR_LANGUAGE) VALUES ('frontend', 'fileupload.status.create.from.template', 'Creando el fichero desde la plantilla...', 'es-ES');
INSERT INTO OKM_TRANSLATION (TR_MODULE, TR_KEY, TR_TEXT, TR_LANGUAGE) VALUES ('frontend', 'fileupload.status.indexing', 'Indexando el fichero...', 'es-ES');
INSERT INTO OKM_TRANSLATION (TR_MODULE, TR_KEY, TR_TEXT, TR_LANGUAGE) VALUES ('frontend', 'fileupload.status.move.file', 'Moviendo el fichero...', 'es-ES');
INSERT INTO OKM_TRANSLATION (TR_MODULE, TR_KEY, TR_TEXT, TR_LANGUAGE) VALUES ('frontend', 'fileupload.status.move.folder', 'Moviendo la carpeta...', 'es-ES');
INSERT INTO OKM_TRANSLATION (TR_MODULE, TR_KEY, TR_TEXT, TR_LANGUAGE) VALUES ('frontend', 'fileupload.status.move.mail', 'Moviendo el correo electrnico...', 'es-ES');
INSERT INTO OKM_TRANSLATION (TR_MODULE, TR_KEY, TR_TEXT, TR_LANGUAGE) VALUES ('frontend', 'fileupload.status.of', 'de', 'es-ES');
INSERT INTO OKM_TRANSLATION (TR_MODULE, TR_KEY, TR_TEXT, TR_LANGUAGE) VALUES ('frontend', 'fileupload.status.ok', 'Envo completado correctamente', 'es-ES');
INSERT INTO OKM_TRANSLATION (TR_MODULE, TR_KEY, TR_TEXT, TR_LANGUAGE) VALUES ('frontend', 'fileupload.status.restore.file', 'Restaurando el fichero...', 'es-ES');
INSERT INTO OKM_TRANSLATION (TR_MODULE, TR_KEY, TR_TEXT, TR_LANGUAGE) VALUES ('frontend', 'fileupload.status.restore.folder', 'Restaurando la carpeta...', 'es-ES');
INSERT INTO OKM_TRANSLATION (TR_MODULE, TR_KEY, TR_TEXT, TR_LANGUAGE) VALUES ('frontend', 'fileupload.status.restore.mail', 'Restaurando el correo electrnico...', 'es-ES');
INSERT INTO OKM_TRANSLATION (TR_MODULE, TR_KEY, TR_TEXT, TR_LANGUAGE) VALUES ('frontend', 'fileupload.status.sending', 'Subiendo el fichero...', 'es-ES');
INSERT INTO OKM_TRANSLATION (TR_MODULE, TR_KEY, TR_TEXT, TR_LANGUAGE) VALUES ('frontend', 'fileupload.upload.completed', 'Envio completado', 'es-ES');
INSERT INTO OKM_TRANSLATION (TR_MODULE, TR_KEY, TR_TEXT, TR_LANGUAGE) VALUES ('frontend', 'fileupload.upload.remaining', 'falta', 'es-ES');
INSERT INTO OKM_TRANSLATION (TR_MODULE, TR_KEY, TR_TEXT, TR_LANGUAGE) VALUES ('frontend', 'fileupload.upload.runtime', 'Tiempo de ejecucin', 'es-ES');
INSERT INTO OKM_TRANSLATION (TR_MODULE, TR_KEY, TR_TEXT, TR_LANGUAGE) VALUES ('frontend', 'fileupload.upload.status', 'Estado envio', 'es-ES');
INSERT INTO OKM_TRANSLATION (TR_MODULE, TR_KEY, TR_TEXT, TR_LANGUAGE) VALUES ('frontend', 'fileupload.upload.uploaded', 'Completado', 'es-ES');
INSERT INTO OKM_TRANSLATION (TR_MODULE, TR_KEY, TR_TEXT, TR_LANGUAGE) VALUES ('frontend', 'folder.by', 'por', 'es-ES');
INSERT INTO OKM_TRANSLATION (TR_MODULE, TR_KEY, TR_TEXT, TR_LANGUAGE) VALUES ('frontend', 'folder.created', 'Creado', 'es-ES');
INSERT INTO OKM_TRANSLATION (TR_MODULE, TR_KEY, TR_TEXT, TR_LANGUAGE) VALUES ('frontend', 'folder.name', 'Nombre', 'es-ES');
INSERT INTO OKM_TRANSLATION (TR_MODULE, TR_KEY, TR_TEXT, TR_LANGUAGE) VALUES ('frontend', 'folder.number.documents', 'Documentos', 'es-ES');
INSERT INTO OKM_TRANSLATION (TR_MODULE, TR_KEY, TR_TEXT, TR_LANGUAGE) VALUES ('frontend', 'folder.number.folders', 'Carpetas', 'es-ES');
INSERT INTO OKM_TRANSLATION (TR_MODULE, TR_KEY, TR_TEXT, TR_LANGUAGE) VALUES ('frontend', 'folder.number.mails', 'Correos electrnicos', 'es-ES');
INSERT INTO OKM_TRANSLATION (TR_MODULE, TR_KEY, TR_TEXT, TR_LANGUAGE) VALUES ('frontend', 'folder.parent', 'Padre', 'es-ES');
INSERT INTO OKM_TRANSLATION (TR_MODULE, TR_KEY, TR_TEXT, TR_LANGUAGE) VALUES ('frontend', 'folder.subscribed', 'Suscrito', 'es-ES');
INSERT INTO OKM_TRANSLATION (TR_MODULE, TR_KEY, TR_TEXT, TR_LANGUAGE) VALUES ('frontend', 'folder.subscribed.no', 'No', 'es-ES');
INSERT INTO OKM_TRANSLATION (TR_MODULE, TR_KEY, TR_TEXT, TR_LANGUAGE) VALUES ('frontend', 'folder.subscribed.users', 'Usuarios suscritos', 'es-ES');
INSERT INTO OKM_TRANSLATION (TR_MODULE, TR_KEY, TR_TEXT, TR_LANGUAGE) VALUES ('frontend', 'folder.subscribed.yes', 'S', 'es-ES');
INSERT INTO OKM_TRANSLATION (TR_MODULE, TR_KEY, TR_TEXT, TR_LANGUAGE) VALUES ('frontend', 'folder.url', 'URL', 'es-ES');
INSERT INTO OKM_TRANSLATION (TR_MODULE, TR_KEY, TR_TEXT, TR_LANGUAGE) VALUES ('frontend', 'folder.uuid', 'UUID', 'es-ES');
INSERT INTO OKM_TRANSLATION (TR_MODULE, TR_KEY, TR_TEXT, TR_LANGUAGE) VALUES ('frontend', 'folder.webdav', 'WebDAV', 'es-ES');
INSERT INTO OKM_TRANSLATION (TR_MODULE, TR_KEY, TR_TEXT, TR_LANGUAGE) VALUES ('frontend', 'general.connected', 'Conectado como', 'es-ES');
INSERT INTO OKM_TRANSLATION (TR_MODULE, TR_KEY, TR_TEXT, TR_LANGUAGE) VALUES ('extension', 'general.date.pattern', 'dd/MM/yyyy HH:mm:ss', 'es-ES');
INSERT INTO OKM_TRANSLATION (TR_MODULE, TR_KEY, TR_TEXT, TR_LANGUAGE) VALUES ('frontend', 'general.date.pattern', 'dd/MM/yyyy HH:mm:ss', 'es-ES');
INSERT INTO OKM_TRANSLATION (TR_MODULE, TR_KEY, TR_TEXT, TR_LANGUAGE) VALUES ('frontend', 'general.day.pattern', 'dd/MM/yyyy', 'es-ES');
INSERT INTO OKM_TRANSLATION (TR_MODULE, TR_KEY, TR_TEXT, TR_LANGUAGE) VALUES ('frontend', 'general.decimal.pattern', ',', 'es-ES');
INSERT INTO OKM_TRANSLATION (TR_MODULE, TR_KEY, TR_TEXT, TR_LANGUAGE) VALUES ('frontend', 'general.hour.pattern', 'HH:mm:ss', 'es-ES');
INSERT INTO OKM_TRANSLATION (TR_MODULE, TR_KEY, TR_TEXT, TR_LANGUAGE) VALUES ('frontend', 'general.menu.about', 'Sobre OpenKM', 'es-ES');
INSERT INTO OKM_TRANSLATION (TR_MODULE, TR_KEY, TR_TEXT, TR_LANGUAGE) VALUES ('frontend', 'general.menu.administration', 'Mostrar administracin', 'es-ES');
INSERT INTO OKM_TRANSLATION (TR_MODULE, TR_KEY, TR_TEXT, TR_LANGUAGE) VALUES ('frontend', 'general.menu.bookmark', 'Marcadores', 'es-ES');
INSERT INTO OKM_TRANSLATION (TR_MODULE, TR_KEY, TR_TEXT, TR_LANGUAGE) VALUES ('frontend', 'general.menu.bookmark.default.home', 'Establecer inicio por defecto', 'es-ES');
INSERT INTO OKM_TRANSLATION (TR_MODULE, TR_KEY, TR_TEXT, TR_LANGUAGE) VALUES ('frontend', 'general.menu.bookmark.edit', 'Editar marcadores', 'es-ES');
INSERT INTO OKM_TRANSLATION (TR_MODULE, TR_KEY, TR_TEXT, TR_LANGUAGE) VALUES ('frontend', 'general.menu.bookmark.home', 'Inicio', 'es-ES');
INSERT INTO OKM_TRANSLATION (TR_MODULE, TR_KEY, TR_TEXT, TR_LANGUAGE) VALUES ('frontend', 'general.menu.bug.report', 'Reportar fallos', 'es-ES');
INSERT INTO OKM_TRANSLATION (TR_MODULE, TR_KEY, TR_TEXT, TR_LANGUAGE) VALUES ('frontend', 'general.menu.debug.console', 'Consola de depuracin', 'es-ES');
INSERT INTO OKM_TRANSLATION (TR_MODULE, TR_KEY, TR_TEXT, TR_LANGUAGE) VALUES ('frontend', 'general.menu.documentation', 'Documentacin', 'es-ES');
INSERT INTO OKM_TRANSLATION (TR_MODULE, TR_KEY, TR_TEXT, TR_LANGUAGE) VALUES ('frontend', 'general.menu.edit', 'Edicin', 'es-ES');
INSERT INTO OKM_TRANSLATION (TR_MODULE, TR_KEY, TR_TEXT, TR_LANGUAGE) VALUES ('frontend', 'general.menu.file', 'Archivo', 'es-ES');
INSERT INTO OKM_TRANSLATION (TR_MODULE, TR_KEY, TR_TEXT, TR_LANGUAGE) VALUES ('frontend', 'general.menu.file.add.document', 'Aadir documento', 'es-ES');
INSERT INTO OKM_TRANSLATION (TR_MODULE, TR_KEY, TR_TEXT, TR_LANGUAGE) VALUES ('frontend', 'general.menu.file.cancel.checkout', 'Cancelar checkout', 'es-ES');
INSERT INTO OKM_TRANSLATION (TR_MODULE, TR_KEY, TR_TEXT, TR_LANGUAGE) VALUES ('frontend', 'general.menu.file.checkin', 'Checkin', 'es-ES');
INSERT INTO OKM_TRANSLATION (TR_MODULE, TR_KEY, TR_TEXT, TR_LANGUAGE) VALUES ('frontend', 'general.menu.file.checkout', 'Checkout', 'es-ES');
INSERT INTO OKM_TRANSLATION (TR_MODULE, TR_KEY, TR_TEXT, TR_LANGUAGE) VALUES ('frontend', 'general.menu.file.create.directory', 'Crear carpeta', 'es-ES');
INSERT INTO OKM_TRANSLATION (TR_MODULE, TR_KEY, TR_TEXT, TR_LANGUAGE) VALUES ('frontend', 'general.menu.file.delete', 'Eliminar', 'es-ES');
INSERT INTO OKM_TRANSLATION (TR_MODULE, TR_KEY, TR_TEXT, TR_LANGUAGE) VALUES ('frontend', 'general.menu.file.download.document', 'Descargar documento', 'es-ES');
INSERT INTO OKM_TRANSLATION (TR_MODULE, TR_KEY, TR_TEXT, TR_LANGUAGE) VALUES ('frontend', 'general.menu.file.download.document.pdf', 'Descargar documento como PDF', 'es-ES');
INSERT INTO OKM_TRANSLATION (TR_MODULE, TR_KEY, TR_TEXT, TR_LANGUAGE) VALUES ('frontend', 'general.menu.file.exit', 'Salir', 'es-ES');
INSERT INTO OKM_TRANSLATION (TR_MODULE, TR_KEY, TR_TEXT, TR_LANGUAGE) VALUES ('frontend', 'general.menu.file.lock', 'Bloquear', 'es-ES');
INSERT INTO OKM_TRANSLATION (TR_MODULE, TR_KEY, TR_TEXT, TR_LANGUAGE) VALUES ('frontend', 'general.menu.file.purge.trash', 'Vaciar papelera', 'es-ES');
INSERT INTO OKM_TRANSLATION (TR_MODULE, TR_KEY, TR_TEXT, TR_LANGUAGE) VALUES ('frontend', 'general.menu.file.refresh', 'Refrescar', 'es-ES');
INSERT INTO OKM_TRANSLATION (TR_MODULE, TR_KEY, TR_TEXT, TR_LANGUAGE) VALUES ('frontend', 'general.menu.file.scanner', 'Scanner', 'es-ES');
INSERT INTO OKM_TRANSLATION (TR_MODULE, TR_KEY, TR_TEXT, TR_LANGUAGE) VALUES ('frontend', 'general.menu.file.send.attachment', 'Enviar documento adjunto', 'es-ES');
INSERT INTO OKM_TRANSLATION (TR_MODULE, TR_KEY, TR_TEXT, TR_LANGUAGE) VALUES ('frontend', 'general.menu.file.send.link', 'Enviar enlace del documento', 'es-ES');
INSERT INTO OKM_TRANSLATION (TR_MODULE, TR_KEY, TR_TEXT, TR_LANGUAGE) VALUES ('frontend', 'general.menu.file.unlock', 'Desbloquear', 'es-ES');
INSERT INTO OKM_TRANSLATION (TR_MODULE, TR_KEY, TR_TEXT, TR_LANGUAGE) VALUES ('frontend', 'general.menu.file.uploader', 'Subida de ficheros', 'es-ES');
INSERT INTO OKM_TRANSLATION (TR_MODULE, TR_KEY, TR_TEXT, TR_LANGUAGE) VALUES ('frontend', 'general.menu.help', 'Ayuda', 'es-ES');
INSERT INTO OKM_TRANSLATION (TR_MODULE, TR_KEY, TR_TEXT, TR_LANGUAGE) VALUES ('frontend', 'general.menu.project.web', 'Web del proyecto', 'es-ES');
INSERT INTO OKM_TRANSLATION (TR_MODULE, TR_KEY, TR_TEXT, TR_LANGUAGE) VALUES ('frontend', 'general.menu.public.forum', 'Foro pblico', 'es-ES');
INSERT INTO OKM_TRANSLATION (TR_MODULE, TR_KEY, TR_TEXT, TR_LANGUAGE) VALUES ('frontend', 'general.menu.support.request', 'Solicitud soporte', 'es-ES');
INSERT INTO OKM_TRANSLATION (TR_MODULE, TR_KEY, TR_TEXT, TR_LANGUAGE) VALUES ('frontend', 'general.menu.tools', 'Herramientas', 'es-ES');
INSERT INTO OKM_TRANSLATION (TR_MODULE, TR_KEY, TR_TEXT, TR_LANGUAGE) VALUES ('frontend', 'general.menu.tools.languages', 'Idiomas', 'es-ES');
INSERT INTO OKM_TRANSLATION (TR_MODULE, TR_KEY, TR_TEXT, TR_LANGUAGE) VALUES ('frontend', 'general.menu.tools.preferences', 'Preferencias', 'es-ES');
INSERT INTO OKM_TRANSLATION (TR_MODULE, TR_KEY, TR_TEXT, TR_LANGUAGE) VALUES ('frontend', 'general.menu.tools.skin', 'Apariencia', 'es-ES');
INSERT INTO OKM_TRANSLATION (TR_MODULE, TR_KEY, TR_TEXT, TR_LANGUAGE) VALUES ('frontend', 'general.menu.tools.skin.bigfont', 'Fuente grande', 'es-ES');
INSERT INTO OKM_TRANSLATION (TR_MODULE, TR_KEY, TR_TEXT, TR_LANGUAGE) VALUES ('frontend', 'general.menu.tools.skin.default', 'Por defecto', 'es-ES');
INSERT INTO OKM_TRANSLATION (TR_MODULE, TR_KEY, TR_TEXT, TR_LANGUAGE) VALUES ('frontend', 'general.menu.tools.skin.default2', 'Por defecto 2', 'es-ES');
INSERT INTO OKM_TRANSLATION (TR_MODULE, TR_KEY, TR_TEXT, TR_LANGUAGE) VALUES ('frontend', 'general.menu.tools.skin.mediumfont', 'Fuente mediana', 'es-ES');
INSERT INTO OKM_TRANSLATION (TR_MODULE, TR_KEY, TR_TEXT, TR_LANGUAGE) VALUES ('frontend', 'general.menu.tools.user.preferences', 'Configuracin del usuario', 'es-ES');
INSERT INTO OKM_TRANSLATION (TR_MODULE, TR_KEY, TR_TEXT, TR_LANGUAGE) VALUES ('frontend', 'general.menu.version.changes', 'Notas de la versin', 'es-ES');
INSERT INTO OKM_TRANSLATION (TR_MODULE, TR_KEY, TR_TEXT, TR_LANGUAGE) VALUES ('frontend', 'group.group', 'Grupo', 'es-ES');
INSERT INTO OKM_TRANSLATION (TR_MODULE, TR_KEY, TR_TEXT, TR_LANGUAGE) VALUES ('frontend', 'group.label', 'Aadir grupo de propiedad', 'es-ES');
INSERT INTO OKM_TRANSLATION (TR_MODULE, TR_KEY, TR_TEXT, TR_LANGUAGE) VALUES ('frontend', 'group.property.group', 'Propiedad', 'es-ES');
INSERT INTO OKM_TRANSLATION (TR_MODULE, TR_KEY, TR_TEXT, TR_LANGUAGE) VALUES ('frontend', 'image.viewer.label', 'Visor de imgenes', 'es-ES');
INSERT INTO OKM_TRANSLATION (TR_MODULE, TR_KEY, TR_TEXT, TR_LANGUAGE) VALUES ('frontend', 'image.viewer.zoom.in', 'Ampliar', 'es-ES');
INSERT INTO OKM_TRANSLATION (TR_MODULE, TR_KEY, TR_TEXT, TR_LANGUAGE) VALUES ('frontend', 'image.viewer.zoom.out', 'Reducir', 'es-ES');
INSERT INTO OKM_TRANSLATION (TR_MODULE, TR_KEY, TR_TEXT, TR_LANGUAGE) VALUES ('frontend', 'leftpanel.label.all.repository', 'En todo el repositorio', 'es-ES');
INSERT INTO OKM_TRANSLATION (TR_MODULE, TR_KEY, TR_TEXT, TR_LANGUAGE) VALUES ('frontend', 'leftpanel.label.categories', 'Categoras', 'es-ES');
INSERT INTO OKM_TRANSLATION (TR_MODULE, TR_KEY, TR_TEXT, TR_LANGUAGE) VALUES ('frontend', 'leftpanel.label.mail', 'Correo electrnico', 'es-ES');
INSERT INTO OKM_TRANSLATION (TR_MODULE, TR_KEY, TR_TEXT, TR_LANGUAGE) VALUES ('frontend', 'leftpanel.label.my.documents', 'Documentos personales', 'es-ES');
INSERT INTO OKM_TRANSLATION (TR_MODULE, TR_KEY, TR_TEXT, TR_LANGUAGE) VALUES ('frontend', 'leftpanel.label.stored.search', 'Bsquedas almacenadas', 'es-ES');
INSERT INTO OKM_TRANSLATION (TR_MODULE, TR_KEY, TR_TEXT, TR_LANGUAGE) VALUES ('frontend', 'leftpanel.label.taxonomy', 'Taxonoma', 'es-ES');
INSERT INTO OKM_TRANSLATION (TR_MODULE, TR_KEY, TR_TEXT, TR_LANGUAGE) VALUES ('frontend', 'leftpanel.label.templates', 'Plantillas', 'es-ES');
INSERT INTO OKM_TRANSLATION (TR_MODULE, TR_KEY, TR_TEXT, TR_LANGUAGE) VALUES ('frontend', 'leftpanel.label.thesaurus', 'Thesaurus', 'es-ES');
INSERT INTO OKM_TRANSLATION (TR_MODULE, TR_KEY, TR_TEXT, TR_LANGUAGE) VALUES ('frontend', 'leftpanel.label.trash', 'Papelera', 'es-ES');
INSERT INTO OKM_TRANSLATION (TR_MODULE, TR_KEY, TR_TEXT, TR_LANGUAGE) VALUES ('frontend', 'leftpanel.label.user.search', 'Novedades de usuario', 'es-ES');
INSERT INTO OKM_TRANSLATION (TR_MODULE, TR_KEY, TR_TEXT, TR_LANGUAGE) VALUES ('frontend', 'logout.closed', 'OpenKM se ha cerrado correctamente.', 'es-ES');
INSERT INTO OKM_TRANSLATION (TR_MODULE, TR_KEY, TR_TEXT, TR_LANGUAGE) VALUES ('frontend', 'logout.label', 'Salir', 'es-ES');
INSERT INTO OKM_TRANSLATION (TR_MODULE, TR_KEY, TR_TEXT, TR_LANGUAGE) VALUES ('frontend', 'logout.logout', 'OpenKM se est cerrando; por favor espere un momento', 'es-ES');
INSERT INTO OKM_TRANSLATION (TR_MODULE, TR_KEY, TR_TEXT, TR_LANGUAGE) VALUES ('frontend', 'mail.attachment', 'Ficheros adjuntos', 'es-ES');
INSERT INTO OKM_TRANSLATION (TR_MODULE, TR_KEY, TR_TEXT, TR_LANGUAGE) VALUES ('frontend', 'mail.from', 'Desde', 'es-ES');
INSERT INTO OKM_TRANSLATION (TR_MODULE, TR_KEY, TR_TEXT, TR_LANGUAGE) VALUES ('frontend', 'mail.reply', 'Contestar a', 'es-ES');
INSERT INTO OKM_TRANSLATION (TR_MODULE, TR_KEY, TR_TEXT, TR_LANGUAGE) VALUES ('frontend', 'mail.subject', 'Asunto', 'es-ES');
INSERT INTO OKM_TRANSLATION (TR_MODULE, TR_KEY, TR_TEXT, TR_LANGUAGE) VALUES ('frontend', 'mail.to', 'Para', 'es-ES');
INSERT INTO OKM_TRANSLATION (TR_MODULE, TR_KEY, TR_TEXT, TR_LANGUAGE) VALUES ('frontend', 'media.player.label', 'Reproductor multimedia', 'es-ES');
INSERT INTO OKM_TRANSLATION (TR_MODULE, TR_KEY, TR_TEXT, TR_LANGUAGE) VALUES ('extension', 'messaging.detail.date', 'Fecha', 'es-ES');
INSERT INTO OKM_TRANSLATION (TR_MODULE, TR_KEY, TR_TEXT, TR_LANGUAGE) VALUES ('extension', 'messaging.detail.document', 'Documento', 'es-ES');
INSERT INTO OKM_TRANSLATION (TR_MODULE, TR_KEY, TR_TEXT, TR_LANGUAGE) VALUES ('extension', 'messaging.detail.folder', 'Carpeta', 'es-ES');
INSERT INTO OKM_TRANSLATION (TR_MODULE, TR_KEY, TR_TEXT, TR_LANGUAGE) VALUES ('extension', 'messaging.detail.from', 'De', 'es-ES');
INSERT INTO OKM_TRANSLATION (TR_MODULE, TR_KEY, TR_TEXT, TR_LANGUAGE) VALUES ('extension', 'messaging.detail.query', 'Consulta', 'es-ES');
INSERT INTO OKM_TRANSLATION (TR_MODULE, TR_KEY, TR_TEXT, TR_LANGUAGE) VALUES ('extension', 'messaging.detail.shared', 'Compartido', 'es-ES');
INSERT INTO OKM_TRANSLATION (TR_MODULE, TR_KEY, TR_TEXT, TR_LANGUAGE) VALUES ('extension', 'messaging.detail.subscribed', 'Suscrito', 'es-ES');
INSERT INTO OKM_TRANSLATION (TR_MODULE, TR_KEY, TR_TEXT, TR_LANGUAGE) VALUES ('extension', 'messaging.detail.to', 'A', 'es-ES');
INSERT INTO OKM_TRANSLATION (TR_MODULE, TR_KEY, TR_TEXT, TR_LANGUAGE) VALUES ('extension', 'messaging.detail.type', 'Tipo', 'es-ES');
INSERT INTO OKM_TRANSLATION (TR_MODULE, TR_KEY, TR_TEXT, TR_LANGUAGE) VALUES ('extension', 'messaging.label.groups', 'Grupos', 'es-ES');
INSERT INTO OKM_TRANSLATION (TR_MODULE, TR_KEY, TR_TEXT, TR_LANGUAGE) VALUES ('extension', 'messaging.label.groups.to.notify', 'Grupos a notificar', 'es-ES');
INSERT INTO OKM_TRANSLATION (TR_MODULE, TR_KEY, TR_TEXT, TR_LANGUAGE) VALUES ('extension', 'messaging.label.message.received', 'Mensajes recibidos', 'es-ES');
INSERT INTO OKM_TRANSLATION (TR_MODULE, TR_KEY, TR_TEXT, TR_LANGUAGE) VALUES ('extension', 'messaging.label.message.sent', 'Mensajes enviados', 'es-ES');
INSERT INTO OKM_TRANSLATION (TR_MODULE, TR_KEY, TR_TEXT, TR_LANGUAGE) VALUES ('extension', 'messaging.label.must.select.users', 'Debe selecionar algun destinatario', 'es-ES');
INSERT INTO OKM_TRANSLATION (TR_MODULE, TR_KEY, TR_TEXT, TR_LANGUAGE) VALUES ('extension', 'messaging.label.notify.comment', 'Comentario', 'es-ES');
INSERT INTO OKM_TRANSLATION (TR_MODULE, TR_KEY, TR_TEXT, TR_LANGUAGE) VALUES ('extension', 'messaging.label.notify.subject', 'Asunto', 'es-ES');
INSERT INTO OKM_TRANSLATION (TR_MODULE, TR_KEY, TR_TEXT, TR_LANGUAGE) VALUES ('extension', 'messaging.label.propose', 'Propuestas', 'es-ES');
INSERT INTO OKM_TRANSLATION (TR_MODULE, TR_KEY, TR_TEXT, TR_LANGUAGE) VALUES ('extension', 'messaging.label.share.query', 'Consultas propuestas', 'es-ES');
INSERT INTO OKM_TRANSLATION (TR_MODULE, TR_KEY, TR_TEXT, TR_LANGUAGE) VALUES ('extension', 'messaging.label.users', 'Usuarios', 'es-ES');
INSERT INTO OKM_TRANSLATION (TR_MODULE, TR_KEY, TR_TEXT, TR_LANGUAGE) VALUES ('extension', 'messaging.label.users.to.notify', 'Usuarios a notificar', 'es-ES');
INSERT INTO OKM_TRANSLATION (TR_MODULE, TR_KEY, TR_TEXT, TR_LANGUAGE) VALUES ('extension', 'messaging.menu', 'Mensajera', 'es-ES');
INSERT INTO OKM_TRANSLATION (TR_MODULE, TR_KEY, TR_TEXT, TR_LANGUAGE) VALUES ('extension', 'messaging.message.date', 'Fecha', 'es-ES');
INSERT INTO OKM_TRANSLATION (TR_MODULE, TR_KEY, TR_TEXT, TR_LANGUAGE) VALUES ('extension', 'messaging.message.delete', 'Eliminar', 'es-ES');
INSERT INTO OKM_TRANSLATION (TR_MODULE, TR_KEY, TR_TEXT, TR_LANGUAGE) VALUES ('extension', 'messaging.message.proposed.folder.document', 'Documento/Carpeta propuesta', 'es-ES');
INSERT INTO OKM_TRANSLATION (TR_MODULE, TR_KEY, TR_TEXT, TR_LANGUAGE) VALUES ('extension', 'messaging.message.proposed.query', 'Consulta propuesta', 'es-ES');
INSERT INTO OKM_TRANSLATION (TR_MODULE, TR_KEY, TR_TEXT, TR_LANGUAGE) VALUES ('extension', 'messaging.message.send.from', 'Enviado por', 'es-ES');
INSERT INTO OKM_TRANSLATION (TR_MODULE, TR_KEY, TR_TEXT, TR_LANGUAGE) VALUES ('extension', 'messaging.message.send.to', 'Enviado a ', 'es-ES');
INSERT INTO OKM_TRANSLATION (TR_MODULE, TR_KEY, TR_TEXT, TR_LANGUAGE) VALUES ('extension', 'messaging.message.subject', 'Asunto', 'es-ES');
INSERT INTO OKM_TRANSLATION (TR_MODULE, TR_KEY, TR_TEXT, TR_LANGUAGE) VALUES ('extension', 'messaging.message.type', 'Tipo', 'es-ES');
INSERT INTO OKM_TRANSLATION (TR_MODULE, TR_KEY, TR_TEXT, TR_LANGUAGE) VALUES ('extension', 'messaging.message.type.message.sent', 'Mensaje enviado', 'es-ES');
INSERT INTO OKM_TRANSLATION (TR_MODULE, TR_KEY, TR_TEXT, TR_LANGUAGE) VALUES ('extension', 'messaging.message.type.propose.document', 'Documento propuesto', 'es-ES');
INSERT INTO OKM_TRANSLATION (TR_MODULE, TR_KEY, TR_TEXT, TR_LANGUAGE) VALUES ('extension', 'messaging.message.type.propose.folder', 'Carpeta propuesta', 'es-ES');
INSERT INTO OKM_TRANSLATION (TR_MODULE, TR_KEY, TR_TEXT, TR_LANGUAGE) VALUES ('extension', 'messaging.message.type.propose.query', 'Consulta propuesta', 'es-ES');
INSERT INTO OKM_TRANSLATION (TR_MODULE, TR_KEY, TR_TEXT, TR_LANGUAGE) VALUES ('extension', 'messaging.message.type.propose.user.query', 'Propuesta de consulta de usuario', 'es-ES');
INSERT INTO OKM_TRANSLATION (TR_MODULE, TR_KEY, TR_TEXT, TR_LANGUAGE) VALUES ('extension', 'messaging.message.user', 'Usuario', 'es-ES');
INSERT INTO OKM_TRANSLATION (TR_MODULE, TR_KEY, TR_TEXT, TR_LANGUAGE) VALUES ('extension', 'messaging.send.new.message', 'Enviar un nuevo mensaje', 'es-ES');
INSERT INTO OKM_TRANSLATION (TR_MODULE, TR_KEY, TR_TEXT, TR_LANGUAGE) VALUES ('extension', 'messaging.share.query', 'Compartir consulta', 'es-ES');
INSERT INTO OKM_TRANSLATION (TR_MODULE, TR_KEY, TR_TEXT, TR_LANGUAGE) VALUES ('extension', 'messaging.user.info.new.message.received', 'Nuevo mensaje recibido', 'es-ES');
INSERT INTO OKM_TRANSLATION (TR_MODULE, TR_KEY, TR_TEXT, TR_LANGUAGE) VALUES ('extension', 'messaging.user.info.new.proposed.query', 'Nueva propuesta de consulta', 'es-ES');
INSERT INTO OKM_TRANSLATION (TR_MODULE, TR_KEY, TR_TEXT, TR_LANGUAGE) VALUES ('extension', 'messaging.user.info.new.proposed.subscription', 'New proposed subscription', 'es-ES');
INSERT INTO OKM_TRANSLATION (TR_MODULE, TR_KEY, TR_TEXT, TR_LANGUAGE) VALUES ('extension', 'new.message.title', 'Enviar nuevo mensaje', 'es-ES');
INSERT INTO OKM_TRANSLATION (TR_MODULE, TR_KEY, TR_TEXT, TR_LANGUAGE) VALUES ('frontend', 'notify.label', 'Enviar enlace del documento', 'es-ES');
INSERT INTO OKM_TRANSLATION (TR_MODULE, TR_KEY, TR_TEXT, TR_LANGUAGE) VALUES ('frontend', 'notify.label.attachment', 'Enviar documento adjunto', 'es-ES');
INSERT INTO OKM_TRANSLATION (TR_MODULE, TR_KEY, TR_TEXT, TR_LANGUAGE) VALUES ('frontend', 'openkm.update.available', 'Actualizacin disponible de OpenKM', 'es-ES');
INSERT INTO OKM_TRANSLATION (TR_MODULE, TR_KEY, TR_TEXT, TR_LANGUAGE) VALUES ('frontend', 'preview.unavailable', 'Previsualizacin no disponible', 'es-ES');
INSERT INTO OKM_TRANSLATION (TR_MODULE, TR_KEY, TR_TEXT, TR_LANGUAGE) VALUES ('extension', 'propose.query.title', 'Proponer una consulta', 'es-ES');
INSERT INTO OKM_TRANSLATION (TR_MODULE, TR_KEY, TR_TEXT, TR_LANGUAGE) VALUES ('extension', 'propose.subscription.title', 'Proponer una suscripcin', 'es-ES');
INSERT INTO OKM_TRANSLATION (TR_MODULE, TR_KEY, TR_TEXT, TR_LANGUAGE) VALUES ('frontend', 'search.add.property.group', 'Aadir propiedad de grupo', 'es-ES');
INSERT INTO OKM_TRANSLATION (TR_MODULE, TR_KEY, TR_TEXT, TR_LANGUAGE) VALUES ('frontend', 'search.advanced', 'Avanzada', 'es-ES');
INSERT INTO OKM_TRANSLATION (TR_MODULE, TR_KEY, TR_TEXT, TR_LANGUAGE) VALUES ('frontend', 'search.category', 'Categora', 'es-ES');
INSERT INTO OKM_TRANSLATION (TR_MODULE, TR_KEY, TR_TEXT, TR_LANGUAGE) VALUES ('frontend', 'search.category.filter', 'Filtrado por categoras', 'es-ES');
INSERT INTO OKM_TRANSLATION (TR_MODULE, TR_KEY, TR_TEXT, TR_LANGUAGE) VALUES ('frontend', 'search.content', 'Contenido', 'es-ES');
INSERT INTO OKM_TRANSLATION (TR_MODULE, TR_KEY, TR_TEXT, TR_LANGUAGE) VALUES ('frontend', 'search.context', 'Contexto', 'es-ES');
INSERT INTO OKM_TRANSLATION (TR_MODULE, TR_KEY, TR_TEXT, TR_LANGUAGE) VALUES ('frontend', 'search.date.and', 'y', 'es-ES');
INSERT INTO OKM_TRANSLATION (TR_MODULE, TR_KEY, TR_TEXT, TR_LANGUAGE) VALUES ('frontend', 'search.date.range', 'Rango de fechas entre', 'es-ES');
INSERT INTO OKM_TRANSLATION (TR_MODULE, TR_KEY, TR_TEXT, TR_LANGUAGE) VALUES ('frontend', 'search.folder', 'Carpeta', 'es-ES');
INSERT INTO OKM_TRANSLATION (TR_MODULE, TR_KEY, TR_TEXT, TR_LANGUAGE) VALUES ('frontend', 'search.folder.filter', 'Filtrado por carpeta', 'es-ES');
INSERT INTO OKM_TRANSLATION (TR_MODULE, TR_KEY, TR_TEXT, TR_LANGUAGE) VALUES ('frontend', 'search.keywords', 'Palabras clave', 'es-ES');
INSERT INTO OKM_TRANSLATION (TR_MODULE, TR_KEY, TR_TEXT, TR_LANGUAGE) VALUES ('frontend', 'search.metadata', 'Metadatos', 'es-ES');
INSERT INTO OKM_TRANSLATION (TR_MODULE, TR_KEY, TR_TEXT, TR_LANGUAGE) VALUES ('frontend', 'search.mimetype', 'Tipo documento', 'es-ES');
INSERT INTO OKM_TRANSLATION (TR_MODULE, TR_KEY, TR_TEXT, TR_LANGUAGE) VALUES ('frontend', 'search.name', 'Nombre', 'es-ES');
INSERT INTO OKM_TRANSLATION (TR_MODULE, TR_KEY, TR_TEXT, TR_LANGUAGE) VALUES ('frontend', 'search.normal', 'Bsico', 'es-ES');
INSERT INTO OKM_TRANSLATION (TR_MODULE, TR_KEY, TR_TEXT, TR_LANGUAGE) VALUES ('frontend', 'search.page.results', 'Resultados por pgina', 'es-ES');
INSERT INTO OKM_TRANSLATION (TR_MODULE, TR_KEY, TR_TEXT, TR_LANGUAGE) VALUES ('frontend', 'search.result.author', 'Autor', 'es-ES');
INSERT INTO OKM_TRANSLATION (TR_MODULE, TR_KEY, TR_TEXT, TR_LANGUAGE) VALUES ('frontend', 'search.result.date.update', 'Fecha de modificacin', 'es-ES');
INSERT INTO OKM_TRANSLATION (TR_MODULE, TR_KEY, TR_TEXT, TR_LANGUAGE) VALUES ('frontend', 'search.result.menu.download', 'Descargar', 'es-ES');
INSERT INTO OKM_TRANSLATION (TR_MODULE, TR_KEY, TR_TEXT, TR_LANGUAGE) VALUES ('frontend', 'search.result.menu.go.document', 'Ir al documento', 'es-ES');
INSERT INTO OKM_TRANSLATION (TR_MODULE, TR_KEY, TR_TEXT, TR_LANGUAGE) VALUES ('frontend', 'search.result.menu.go.folder', 'Ir a la carpeta', 'es-ES');
INSERT INTO OKM_TRANSLATION (TR_MODULE, TR_KEY, TR_TEXT, TR_LANGUAGE) VALUES ('frontend', 'search.result.name', 'Nombre', 'es-ES');
INSERT INTO OKM_TRANSLATION (TR_MODULE, TR_KEY, TR_TEXT, TR_LANGUAGE) VALUES ('frontend', 'search.result.path', 'Ubicacin', 'es-ES');
INSERT INTO OKM_TRANSLATION (TR_MODULE, TR_KEY, TR_TEXT, TR_LANGUAGE) VALUES ('frontend', 'search.result.score', 'Relevancia', 'es-ES');
INSERT INTO OKM_TRANSLATION (TR_MODULE, TR_KEY, TR_TEXT, TR_LANGUAGE) VALUES ('frontend', 'search.result.size', 'Tamao', 'es-ES');
INSERT INTO OKM_TRANSLATION (TR_MODULE, TR_KEY, TR_TEXT, TR_LANGUAGE) VALUES ('frontend', 'search.result.status.findPaginated', 'Ejecutando bsqueda', 'es-ES');
INSERT INTO OKM_TRANSLATION (TR_MODULE, TR_KEY, TR_TEXT, TR_LANGUAGE) VALUES ('frontend', 'search.result.status.runsearch', 'Ejecutando bsqueda almacenada', 'es-ES');
INSERT INTO OKM_TRANSLATION (TR_MODULE, TR_KEY, TR_TEXT, TR_LANGUAGE) VALUES ('frontend', 'search.result.status.refresh.results', 'Resfrescando los resultados', 'es-ES');
INSERT INTO OKM_TRANSLATION (TR_MODULE, TR_KEY, TR_TEXT, TR_LANGUAGE) VALUES ('frontend', 'search.result.status.refresh.property.groups', 'Resfrescando los property groups', 'es-ES');
INSERT INTO OKM_TRANSLATION (TR_MODULE, TR_KEY, TR_TEXT, TR_LANGUAGE) VALUES ('frontend', 'search.result.version', 'Versin', 'es-ES');
INSERT INTO OKM_TRANSLATION (TR_MODULE, TR_KEY, TR_TEXT, TR_LANGUAGE) VALUES ('frontend', 'search.results', 'Resultados', 'es-ES');
INSERT INTO OKM_TRANSLATION (TR_MODULE, TR_KEY, TR_TEXT, TR_LANGUAGE) VALUES ('frontend', 'search.view.compact.results', 'Vista de resultados compacta', 'es-ES');
INSERT INTO OKM_TRANSLATION (TR_MODULE, TR_KEY, TR_TEXT, TR_LANGUAGE) VALUES ('frontend', 'search.view.propety.groups', 'Ver property groups', 'es-ES');
INSERT INTO OKM_TRANSLATION (TR_MODULE, TR_KEY, TR_TEXT, TR_LANGUAGE) VALUES ('frontend', 'search.save.as.news', 'Guardar como novedades de usuario', 'es-ES');
INSERT INTO OKM_TRANSLATION (TR_MODULE, TR_KEY, TR_TEXT, TR_LANGUAGE) VALUES ('frontend', 'search.saved.delete', 'Eliminar', 'es-ES');
INSERT INTO OKM_TRANSLATION (TR_MODULE, TR_KEY, TR_TEXT, TR_LANGUAGE) VALUES ('frontend', 'search.saved.run', 'Ejecutar', 'es-ES');
INSERT INTO OKM_TRANSLATION (TR_MODULE, TR_KEY, TR_TEXT, TR_LANGUAGE) VALUES ('frontend', 'search.saved.status.deletesearch', 'Eliminando bsqueda almacenada', 'es-ES');
INSERT INTO OKM_TRANSLATION (TR_MODULE, TR_KEY, TR_TEXT, TR_LANGUAGE) VALUES ('frontend', 'search.saved.status.getsearchs', 'Actualizando bsquedas almacenadas', 'es-ES');
INSERT INTO OKM_TRANSLATION (TR_MODULE, TR_KEY, TR_TEXT, TR_LANGUAGE) VALUES ('frontend', 'search.saved.status.getusernews', 'Actualizando las novedades de usuario', 'es-ES');
INSERT INTO OKM_TRANSLATION (TR_MODULE, TR_KEY, TR_TEXT, TR_LANGUAGE) VALUES ('frontend', 'search.saved.status.savesearch', 'Almacenando bsqueda', 'es-ES');
INSERT INTO OKM_TRANSLATION (TR_MODULE, TR_KEY, TR_TEXT, TR_LANGUAGE) VALUES ('frontend', 'search.to', 'al', 'es-ES');
INSERT INTO OKM_TRANSLATION (TR_MODULE, TR_KEY, TR_TEXT, TR_LANGUAGE) VALUES ('frontend', 'search.type', 'Tipo', 'es-ES');
INSERT INTO OKM_TRANSLATION (TR_MODULE, TR_KEY, TR_TEXT, TR_LANGUAGE) VALUES ('frontend', 'search.type.document', 'Documento', 'es-ES');
INSERT INTO OKM_TRANSLATION (TR_MODULE, TR_KEY, TR_TEXT, TR_LANGUAGE) VALUES ('frontend', 'search.type.folder', 'Carpeta', 'es-ES');
INSERT INTO OKM_TRANSLATION (TR_MODULE, TR_KEY, TR_TEXT, TR_LANGUAGE) VALUES ('frontend', 'search.type.mail', 'Correo electrnico', 'es-ES');
INSERT INTO OKM_TRANSLATION (TR_MODULE, TR_KEY, TR_TEXT, TR_LANGUAGE) VALUES ('frontend', 'search.user', 'Usuario', 'es-ES');
INSERT INTO OKM_TRANSLATION (TR_MODULE, TR_KEY, TR_TEXT, TR_LANGUAGE) VALUES ('frontend', 'security.group.name', 'Grupo', 'es-ES');
INSERT INTO OKM_TRANSLATION (TR_MODULE, TR_KEY, TR_TEXT, TR_LANGUAGE) VALUES ('frontend', 'security.group.permission.delete', 'Borrado', 'es-ES');
INSERT INTO OKM_TRANSLATION (TR_MODULE, TR_KEY, TR_TEXT, TR_LANGUAGE) VALUES ('frontend', 'security.group.permission.read', 'Lectura', 'es-ES');
INSERT INTO OKM_TRANSLATION (TR_MODULE, TR_KEY, TR_TEXT, TR_LANGUAGE) VALUES ('frontend', 'security.group.permission.security', 'Seguridad', 'es-ES');
INSERT INTO OKM_TRANSLATION (TR_MODULE, TR_KEY, TR_TEXT, TR_LANGUAGE) VALUES ('frontend', 'security.group.permission.write', 'Escritura', 'es-ES');
INSERT INTO OKM_TRANSLATION (TR_MODULE, TR_KEY, TR_TEXT, TR_LANGUAGE) VALUES ('frontend', 'security.groups', 'Grupos', 'es-ES');
INSERT INTO OKM_TRANSLATION (TR_MODULE, TR_KEY, TR_TEXT, TR_LANGUAGE) VALUES ('frontend', 'security.label', 'Seguridad', 'es-ES');
INSERT INTO OKM_TRANSLATION (TR_MODULE, TR_KEY, TR_TEXT, TR_LANGUAGE) VALUES ('frontend', 'security.recursive', 'Aplicar cambios de forma recursiva', 'es-ES');
INSERT INTO OKM_TRANSLATION (TR_MODULE, TR_KEY, TR_TEXT, TR_LANGUAGE) VALUES ('frontend', 'security.status.updating', 'Actualizando la seguridad', 'es-ES');
INSERT INTO OKM_TRANSLATION (TR_MODULE, TR_KEY, TR_TEXT, TR_LANGUAGE) VALUES ('frontend', 'security.user.name', 'Usuario', 'es-ES');
INSERT INTO OKM_TRANSLATION (TR_MODULE, TR_KEY, TR_TEXT, TR_LANGUAGE) VALUES ('frontend', 'security.user.permission.delete', 'Borrado', 'es-ES');
INSERT INTO OKM_TRANSLATION (TR_MODULE, TR_KEY, TR_TEXT, TR_LANGUAGE) VALUES ('frontend', 'security.user.permission.read', 'Lectura', 'es-ES');
INSERT INTO OKM_TRANSLATION (TR_MODULE, TR_KEY, TR_TEXT, TR_LANGUAGE) VALUES ('frontend', 'security.user.permission.security', 'Seguridad', 'es-ES');
INSERT INTO OKM_TRANSLATION (TR_MODULE, TR_KEY, TR_TEXT, TR_LANGUAGE) VALUES ('frontend', 'security.user.permission.write', 'Escritura', 'es-ES');
INSERT INTO OKM_TRANSLATION (TR_MODULE, TR_KEY, TR_TEXT, TR_LANGUAGE) VALUES ('frontend', 'security.users', 'Usuarios', 'es-ES');
INSERT INTO OKM_TRANSLATION (TR_MODULE, TR_KEY, TR_TEXT, TR_LANGUAGE) VALUES ('extension', 'security.filter.by.groups', 'Filtro de grupo', 'es-ES');
INSERT INTO OKM_TRANSLATION (TR_MODULE, TR_KEY, TR_TEXT, TR_LANGUAGE) VALUES ('frontend', 'security.filter.by.groups', 'Filtro de grupos', 'es-ES');
INSERT INTO OKM_TRANSLATION (TR_MODULE, TR_KEY, TR_TEXT, TR_LANGUAGE) VALUES ('extension', 'security.filter.by.users', 'Filtro de usuarios', 'es-ES');
INSERT INTO OKM_TRANSLATION (TR_MODULE, TR_KEY, TR_TEXT, TR_LANGUAGE) VALUES ('frontend', 'security.filter.by.users', 'Filtro de usuarios', 'es-ES');
INSERT INTO OKM_TRANSLATION (TR_MODULE, TR_KEY, TR_TEXT, TR_LANGUAGE) VALUES ('extension', 'stamp.label', 'Estampar documentos', 'es-ES');
INSERT INTO OKM_TRANSLATION (TR_MODULE, TR_KEY, TR_TEXT, TR_LANGUAGE) VALUES ('extension', 'stamp.stamping.document', 'Estampando el documento, por favor espere ...', 'es-ES');
INSERT INTO OKM_TRANSLATION (TR_MODULE, TR_KEY, TR_TEXT, TR_LANGUAGE) VALUES ('extension', 'stamp.start', 'Estampar', 'es-ES');
INSERT INTO OKM_TRANSLATION (TR_MODULE, TR_KEY, TR_TEXT, TR_LANGUAGE) VALUES ('frontend', 'startup.bookmarks', 'Obteniendo marcadores', 'es-ES');
INSERT INTO OKM_TRANSLATION (TR_MODULE, TR_KEY, TR_TEXT, TR_LANGUAGE) VALUES ('frontend', 'startup.categories', 'Obteniendo el nodo principal de las categoras', 'es-ES');
INSERT INTO OKM_TRANSLATION (TR_MODULE, TR_KEY, TR_TEXT, TR_LANGUAGE) VALUES ('frontend', 'startup.keep.alive', 'Cargando keep alive', 'es-ES');
INSERT INTO OKM_TRANSLATION (TR_MODULE, TR_KEY, TR_TEXT, TR_LANGUAGE) VALUES ('frontend', 'startup.loading.categories', 'Cargando categoras', 'es-ES');
INSERT INTO OKM_TRANSLATION (TR_MODULE, TR_KEY, TR_TEXT, TR_LANGUAGE) VALUES ('frontend', 'startup.loading.history.search', 'Cargando histrico de bsquedas', 'es-ES');
INSERT INTO OKM_TRANSLATION (TR_MODULE, TR_KEY, TR_TEXT, TR_LANGUAGE) VALUES ('frontend', 'startup.loading.mail', 'Cargando correos', 'es-ES');
INSERT INTO OKM_TRANSLATION (TR_MODULE, TR_KEY, TR_TEXT, TR_LANGUAGE) VALUES ('frontend', 'startup.loading.personal', 'Cargando personales', 'es-ES');
INSERT INTO OKM_TRANSLATION (TR_MODULE, TR_KEY, TR_TEXT, TR_LANGUAGE) VALUES ('frontend', 'startup.loading.taxonomy', 'Cargando taxonoma', 'es-ES');
INSERT INTO OKM_TRANSLATION (TR_MODULE, TR_KEY, TR_TEXT, TR_LANGUAGE) VALUES ('frontend', 'startup.loading.taxonomy.eval.params', 'Cargando taxonoma - evaluando parmetros', 'es-ES');
INSERT INTO OKM_TRANSLATION (TR_MODULE, TR_KEY, TR_TEXT, TR_LANGUAGE) VALUES ('frontend', 'startup.loading.taxonomy.getting.filebrowser.documents', 'Cargando taxonoma - obteniendo documentos', 'es-ES');
INSERT INTO OKM_TRANSLATION (TR_MODULE, TR_KEY, TR_TEXT, TR_LANGUAGE) VALUES ('frontend', 'startup.loading.taxonomy.getting.filebrowser.folders', 'Cargando taxonoma - obteniendo carpetas', 'es-ES');
INSERT INTO OKM_TRANSLATION (TR_MODULE, TR_KEY, TR_TEXT, TR_LANGUAGE) VALUES ('frontend', 'startup.loading.taxonomy.getting.filebrowser.mails', 'Cargando taxonoma - obteniendo correos electrnicos', 'es-ES');
INSERT INTO OKM_TRANSLATION (TR_MODULE, TR_KEY, TR_TEXT, TR_LANGUAGE) VALUES ('frontend', 'startup.loading.taxonomy.getting.folders', 'Cargando taxonoma - obteniendo carpetas', 'es-ES');
INSERT INTO OKM_TRANSLATION (TR_MODULE, TR_KEY, TR_TEXT, TR_LANGUAGE) VALUES ('frontend', 'startup.loading.taxonomy.open.path', 'Cargando taxonoma - abriendo la ruta', 'es-ES');
INSERT INTO OKM_TRANSLATION (TR_MODULE, TR_KEY, TR_TEXT, TR_LANGUAGE) VALUES ('frontend', 'startup.loading.templates', 'Cargando plantillas', 'es-ES');
INSERT INTO OKM_TRANSLATION (TR_MODULE, TR_KEY, TR_TEXT, TR_LANGUAGE) VALUES ('frontend', 'startup.loading.thesaurus', 'Cargando thesaurus', 'es-ES');
INSERT INTO OKM_TRANSLATION (TR_MODULE, TR_KEY, TR_TEXT, TR_LANGUAGE) VALUES ('frontend', 'startup.loading.trash', 'Cargando papelera', 'es-ES');
INSERT INTO OKM_TRANSLATION (TR_MODULE, TR_KEY, TR_TEXT, TR_LANGUAGE) VALUES ('frontend', 'startup.loading.user.values', 'Cargando datos del usuario', 'es-ES');
INSERT INTO OKM_TRANSLATION (TR_MODULE, TR_KEY, TR_TEXT, TR_LANGUAGE) VALUES ('frontend', 'startup.mail', 'Obteniendo el nodo principal de mail', 'es-ES');
INSERT INTO OKM_TRANSLATION (TR_MODULE, TR_KEY, TR_TEXT, TR_LANGUAGE) VALUES ('frontend', 'startup.openkm', 'Cargando OpenKM', 'es-ES');
INSERT INTO OKM_TRANSLATION (TR_MODULE, TR_KEY, TR_TEXT, TR_LANGUAGE) VALUES ('frontend', 'startup.personal', 'Obteniendo el nodo principal de personal', 'es-ES');
INSERT INTO OKM_TRANSLATION (TR_MODULE, TR_KEY, TR_TEXT, TR_LANGUAGE) VALUES ('frontend', 'startup.starting.loading', 'Comenzando la carga de OpenKM', 'es-ES');
INSERT INTO OKM_TRANSLATION (TR_MODULE, TR_KEY, TR_TEXT, TR_LANGUAGE) VALUES ('frontend', 'startup.taxonomy', 'Obteniendo el nodo principal de la taxonoma', 'es-ES');
INSERT INTO OKM_TRANSLATION (TR_MODULE, TR_KEY, TR_TEXT, TR_LANGUAGE) VALUES ('frontend', 'startup.template', 'Obteniendo el nodo principal de las plantillas', 'es-ES');
INSERT INTO OKM_TRANSLATION (TR_MODULE, TR_KEY, TR_TEXT, TR_LANGUAGE) VALUES ('frontend', 'startup.thesaurus', 'Obteniendo el nodo principal del thesausus', 'es-ES');
INSERT INTO OKM_TRANSLATION (TR_MODULE, TR_KEY, TR_TEXT, TR_LANGUAGE) VALUES ('frontend', 'startup.trash', 'Oteniendo el nodo principal de la papelera', 'es-ES');
INSERT INTO OKM_TRANSLATION (TR_MODULE, TR_KEY, TR_TEXT, TR_LANGUAGE) VALUES ('frontend', 'startup.user.home', 'Obteniendo el inicio de usuarios', 'es-ES');
INSERT INTO OKM_TRANSLATION (TR_MODULE, TR_KEY, TR_TEXT, TR_LANGUAGE) VALUES ('frontend', 'status.debug.disabled', 'Depuracin desactivada', 'es-ES');
INSERT INTO OKM_TRANSLATION (TR_MODULE, TR_KEY, TR_TEXT, TR_LANGUAGE) VALUES ('frontend', 'status.debug.enabled', 'Depuracin activada', 'es-ES');
INSERT INTO OKM_TRANSLATION (TR_MODULE, TR_KEY, TR_TEXT, TR_LANGUAGE) VALUES ('frontend', 'status.document.copied', 'Documento marcado para copiar', 'es-ES');
INSERT INTO OKM_TRANSLATION (TR_MODULE, TR_KEY, TR_TEXT, TR_LANGUAGE) VALUES ('frontend', 'status.document.cut', 'Documento marcado para recortar', 'es-ES');
INSERT INTO OKM_TRANSLATION (TR_MODULE, TR_KEY, TR_TEXT, TR_LANGUAGE) VALUES ('frontend', 'status.folder.copied', 'Carpeta marcada para copiar', 'es-ES');
INSERT INTO OKM_TRANSLATION (TR_MODULE, TR_KEY, TR_TEXT, TR_LANGUAGE) VALUES ('frontend', 'status.folder.cut', 'Carpeta marcada para recortar', 'es-ES');
INSERT INTO OKM_TRANSLATION (TR_MODULE, TR_KEY, TR_TEXT, TR_LANGUAGE) VALUES ('frontend', 'status.keep.alive.error', 'Detectada prdida de conexin con el servidor (keep alive)', 'es-ES');
INSERT INTO OKM_TRANSLATION (TR_MODULE, TR_KEY, TR_TEXT, TR_LANGUAGE) VALUES ('frontend', 'status.network.error.detected', 'Detectado error de red', 'es-ES');
INSERT INTO OKM_TRANSLATION (TR_MODULE, TR_KEY, TR_TEXT, TR_LANGUAGE) VALUES ('frontend', 'tab.document.history', 'Historial', 'es-ES');
INSERT INTO OKM_TRANSLATION (TR_MODULE, TR_KEY, TR_TEXT, TR_LANGUAGE) VALUES ('frontend', 'tab.document.notes', 'Notas', 'es-ES');
INSERT INTO OKM_TRANSLATION (TR_MODULE, TR_KEY, TR_TEXT, TR_LANGUAGE) VALUES ('frontend', 'tab.document.preview', 'Previsualizar', 'es-ES');
INSERT INTO OKM_TRANSLATION (TR_MODULE, TR_KEY, TR_TEXT, TR_LANGUAGE) VALUES ('frontend', 'tab.document.properties', 'Propiedades', 'es-ES');
INSERT INTO OKM_TRANSLATION (TR_MODULE, TR_KEY, TR_TEXT, TR_LANGUAGE) VALUES ('frontend', 'tab.document.security', 'Seguridad', 'es-ES');
INSERT INTO OKM_TRANSLATION (TR_MODULE, TR_KEY, TR_TEXT, TR_LANGUAGE) VALUES ('frontend', 'tab.document.status.get.version.history.size', 'Refrescando el tamao del histrico del documento', 'es-ES');
INSERT INTO OKM_TRANSLATION (TR_MODULE, TR_KEY, TR_TEXT, TR_LANGUAGE) VALUES ('frontend', 'tab.document.status.group.properties', 'Actualizando grupo de propiedades', 'es-ES');
INSERT INTO OKM_TRANSLATION (TR_MODULE, TR_KEY, TR_TEXT, TR_LANGUAGE) VALUES ('frontend', 'tab.document.status.history', 'Actualizando historial', 'es-ES');
INSERT INTO OKM_TRANSLATION (TR_MODULE, TR_KEY, TR_TEXT, TR_LANGUAGE) VALUES ('frontend', 'tab.document.status.purge.version.history', 'Compactando el histrico de documentos', 'es-ES');
INSERT INTO OKM_TRANSLATION (TR_MODULE, TR_KEY, TR_TEXT, TR_LANGUAGE) VALUES ('frontend', 'tab.document.status.restore.version', 'Restaurando la versin del documento', 'es-ES');
INSERT INTO OKM_TRANSLATION (TR_MODULE, TR_KEY, TR_TEXT, TR_LANGUAGE) VALUES ('frontend', 'tab.document.status.set.categories', 'Actualizando categoras', 'es-ES');
INSERT INTO OKM_TRANSLATION (TR_MODULE, TR_KEY, TR_TEXT, TR_LANGUAGE) VALUES ('frontend', 'tab.document.status.set.keywords', 'Estableciendo palabras clave', 'es-ES');
INSERT INTO OKM_TRANSLATION (TR_MODULE, TR_KEY, TR_TEXT, TR_LANGUAGE) VALUES ('frontend', 'tab.folder.notes', 'Notas', 'es-ES');
INSERT INTO OKM_TRANSLATION (TR_MODULE, TR_KEY, TR_TEXT, TR_LANGUAGE) VALUES ('frontend', 'tab.folder.properties', 'Propiedades', 'es-ES');
INSERT INTO OKM_TRANSLATION (TR_MODULE, TR_KEY, TR_TEXT, TR_LANGUAGE) VALUES ('frontend', 'tab.folder.security', 'Seguridad', 'es-ES');
INSERT INTO OKM_TRANSLATION (TR_MODULE, TR_KEY, TR_TEXT, TR_LANGUAGE) VALUES ('frontend', 'tab.status.security.role', 'Actualizando seguridad roles', 'es-ES');
INSERT INTO OKM_TRANSLATION (TR_MODULE, TR_KEY, TR_TEXT, TR_LANGUAGE) VALUES ('frontend', 'tab.status.security.user', 'Actualizando seguridad usuarios', 'es-ES');
INSERT INTO OKM_TRANSLATION (TR_MODULE, TR_KEY, TR_TEXT, TR_LANGUAGE) VALUES ('frontend', 'tab.workspace.administration', 'Administracin', 'es-ES');
INSERT INTO OKM_TRANSLATION (TR_MODULE, TR_KEY, TR_TEXT, TR_LANGUAGE) VALUES ('frontend', 'tab.workspace.dashboard', 'Tabln', 'es-ES');
INSERT INTO OKM_TRANSLATION (TR_MODULE, TR_KEY, TR_TEXT, TR_LANGUAGE) VALUES ('frontend', 'tab.workspace.desktop', 'Escritorio', 'es-ES');
INSERT INTO OKM_TRANSLATION (TR_MODULE, TR_KEY, TR_TEXT, TR_LANGUAGE) VALUES ('frontend', 'tab.workspace.search', 'Buscador', 'es-ES');
INSERT INTO OKM_TRANSLATION (TR_MODULE, TR_KEY, TR_TEXT, TR_LANGUAGE) VALUES ('frontend', 'template.wizard.creation', 'Asistente para la creacin de documentos', 'es-ES');
INSERT INTO OKM_TRANSLATION (TR_MODULE, TR_KEY, TR_TEXT, TR_LANGUAGE) VALUES ('frontend', 'thesaurus.directory.select.label', 'Aadir una palabra clave del thesaurus', 'es-ES');
INSERT INTO OKM_TRANSLATION (TR_MODULE, TR_KEY, TR_TEXT, TR_LANGUAGE) VALUES ('frontend', 'thesaurus.tab.keywords', 'Palabras clave', 'es-ES');
INSERT INTO OKM_TRANSLATION (TR_MODULE, TR_KEY, TR_TEXT, TR_LANGUAGE) VALUES ('frontend', 'thesaurus.tab.tree', 'Arbol', 'es-ES');
INSERT INTO OKM_TRANSLATION (TR_MODULE, TR_KEY, TR_TEXT, TR_LANGUAGE) VALUES ('frontend', 'trash.directory.select.label', 'Seleccionar capeta de destino', 'es-ES');
INSERT INTO OKM_TRANSLATION (TR_MODULE, TR_KEY, TR_TEXT, TR_LANGUAGE) VALUES ('frontend', 'trash.menu.directory.purge', 'Eliminar', 'es-ES');
INSERT INTO OKM_TRANSLATION (TR_MODULE, TR_KEY, TR_TEXT, TR_LANGUAGE) VALUES ('frontend', 'trash.menu.directory.purge.trash', 'Vaciar papelera', 'es-ES');
INSERT INTO OKM_TRANSLATION (TR_MODULE, TR_KEY, TR_TEXT, TR_LANGUAGE) VALUES ('frontend', 'trash.menu.directory.restore', 'Restaurar', 'es-ES');
INSERT INTO OKM_TRANSLATION (TR_MODULE, TR_KEY, TR_TEXT, TR_LANGUAGE) VALUES ('frontend', 'tree.folder.new', 'Nueva carpeta', 'es-ES');
INSERT INTO OKM_TRANSLATION (TR_MODULE, TR_KEY, TR_TEXT, TR_LANGUAGE) VALUES ('frontend', 'tree.menu.add.bookmark', 'Aadir marcador', 'es-ES');
INSERT INTO OKM_TRANSLATION (TR_MODULE, TR_KEY, TR_TEXT, TR_LANGUAGE) VALUES ('frontend', 'tree.menu.directory.add.document', 'Aadir documento', 'es-ES');
INSERT INTO OKM_TRANSLATION (TR_MODULE, TR_KEY, TR_TEXT, TR_LANGUAGE) VALUES ('frontend', 'tree.menu.directory.copy', 'Copiar', 'es-ES');
INSERT INTO OKM_TRANSLATION (TR_MODULE, TR_KEY, TR_TEXT, TR_LANGUAGE) VALUES ('frontend', 'tree.menu.directory.create', 'Crear carpeta', 'es-ES');
INSERT INTO OKM_TRANSLATION (TR_MODULE, TR_KEY, TR_TEXT, TR_LANGUAGE) VALUES ('frontend', 'tree.menu.directory.find.folder', 'Buscar carpeta', 'es-ES');
INSERT INTO OKM_TRANSLATION (TR_MODULE, TR_KEY, TR_TEXT, TR_LANGUAGE) VALUES ('frontend', 'tree.menu.directory.move', 'Mover', 'es-ES');
INSERT INTO OKM_TRANSLATION (TR_MODULE, TR_KEY, TR_TEXT, TR_LANGUAGE) VALUES ('frontend', 'tree.menu.directory.refresh', 'Refrescar', 'es-ES');
INSERT INTO OKM_TRANSLATION (TR_MODULE, TR_KEY, TR_TEXT, TR_LANGUAGE) VALUES ('frontend', 'tree.menu.directory.remove', 'Eliminar', 'es-ES');
INSERT INTO OKM_TRANSLATION (TR_MODULE, TR_KEY, TR_TEXT, TR_LANGUAGE) VALUES ('frontend', 'tree.menu.directory.rename', 'Renombrar', 'es-ES');
INSERT INTO OKM_TRANSLATION (TR_MODULE, TR_KEY, TR_TEXT, TR_LANGUAGE) VALUES ('frontend', 'tree.menu.export', 'Exportar a fichero', 'es-ES');
INSERT INTO OKM_TRANSLATION (TR_MODULE, TR_KEY, TR_TEXT, TR_LANGUAGE) VALUES ('frontend', 'tree.menu.set.home', 'Establecer inicio', 'es-ES');
INSERT INTO OKM_TRANSLATION (TR_MODULE, TR_KEY, TR_TEXT, TR_LANGUAGE) VALUES ('frontend', 'tree.status.refresh.add.subscription', 'Estableciendo suscripcin', 'es-ES');
INSERT INTO OKM_TRANSLATION (TR_MODULE, TR_KEY, TR_TEXT, TR_LANGUAGE) VALUES ('frontend', 'tree.status.refresh.create', 'Creando carpeta', 'es-ES');
INSERT INTO OKM_TRANSLATION (TR_MODULE, TR_KEY, TR_TEXT, TR_LANGUAGE) VALUES ('frontend', 'tree.status.refresh.delete', 'Eliminando carpeta', 'es-ES');
INSERT INTO OKM_TRANSLATION (TR_MODULE, TR_KEY, TR_TEXT, TR_LANGUAGE) VALUES ('frontend', 'tree.status.refresh.folder', 'Actualizando rbol de carpetas', 'es-ES');
INSERT INTO OKM_TRANSLATION (TR_MODULE, TR_KEY, TR_TEXT, TR_LANGUAGE) VALUES ('frontend', 'tree.status.refresh.get', 'Actualizando carpeta', 'es-ES');
INSERT INTO OKM_TRANSLATION (TR_MODULE, TR_KEY, TR_TEXT, TR_LANGUAGE) VALUES ('frontend', 'tree.status.refresh.get.keywords', 'Refrescando palabras clave', 'es-ES');
INSERT INTO OKM_TRANSLATION (TR_MODULE, TR_KEY, TR_TEXT, TR_LANGUAGE) VALUES ('frontend', 'tree.status.refresh.get.root', 'Refrescando carpeta inicial', 'es-ES');
INSERT INTO OKM_TRANSLATION (TR_MODULE, TR_KEY, TR_TEXT, TR_LANGUAGE) VALUES ('frontend', 'tree.status.refresh.get.user.home', 'Obteniendo inicio del usuario', 'es-ES');
INSERT INTO OKM_TRANSLATION (TR_MODULE, TR_KEY, TR_TEXT, TR_LANGUAGE) VALUES ('frontend', 'tree.status.refresh.purge', 'Eliminando carpeta', 'es-ES');
INSERT INTO OKM_TRANSLATION (TR_MODULE, TR_KEY, TR_TEXT, TR_LANGUAGE) VALUES ('frontend', 'tree.status.refresh.purge.trash', 'Vaciando papelera', 'es-ES');
INSERT INTO OKM_TRANSLATION (TR_MODULE, TR_KEY, TR_TEXT, TR_LANGUAGE) VALUES ('frontend', 'tree.status.refresh.remove.subscription', 'Eliminando suscripcin', 'es-ES');
INSERT INTO OKM_TRANSLATION (TR_MODULE, TR_KEY, TR_TEXT, TR_LANGUAGE) VALUES ('frontend', 'tree.status.refresh.rename', 'Renombrando carpeta', 'es-ES');
INSERT INTO OKM_TRANSLATION (TR_MODULE, TR_KEY, TR_TEXT, TR_LANGUAGE) VALUES ('frontend', 'tree.status.refresh.restore', 'Restaurando carpeta', 'es-ES');
INSERT INTO OKM_TRANSLATION (TR_MODULE, TR_KEY, TR_TEXT, TR_LANGUAGE) VALUES ('frontend', 'user.info.chat.connect', 'Conectar al chat', 'es-ES');
INSERT INTO OKM_TRANSLATION (TR_MODULE, TR_KEY, TR_TEXT, TR_LANGUAGE) VALUES ('frontend', 'user.info.chat.disconnect', 'Desconectar al chat', 'es-ES');
INSERT INTO OKM_TRANSLATION (TR_MODULE, TR_KEY, TR_TEXT, TR_LANGUAGE) VALUES ('frontend', 'user.info.chat.new.room', 'Nueva ventana', 'es-ES');
INSERT INTO OKM_TRANSLATION (TR_MODULE, TR_KEY, TR_TEXT, TR_LANGUAGE) VALUES ('frontend', 'user.info.checkout.actual', 'Documentos editados', 'es-ES');
INSERT INTO OKM_TRANSLATION (TR_MODULE, TR_KEY, TR_TEXT, TR_LANGUAGE) VALUES ('frontend', 'user.info.locked.actual', 'Documentos bloqueados', 'es-ES');
INSERT INTO OKM_TRANSLATION (TR_MODULE, TR_KEY, TR_TEXT, TR_LANGUAGE) VALUES ('frontend', 'user.info.news.new', 'Novedades', 'es-ES');
INSERT INTO OKM_TRANSLATION (TR_MODULE, TR_KEY, TR_TEXT, TR_LANGUAGE) VALUES ('frontend', 'user.info.subscription.actual', 'Suscripciones actuales', 'es-ES');
INSERT INTO OKM_TRANSLATION (TR_MODULE, TR_KEY, TR_TEXT, TR_LANGUAGE) VALUES ('frontend', 'user.info.user.quota', 'Cuota utilizada', 'es-ES');
INSERT INTO OKM_TRANSLATION (TR_MODULE, TR_KEY, TR_TEXT, TR_LANGUAGE) VALUES ('frontend', 'user.info.workflow.pending.tasks', 'Tareas pendientes', 'es-ES');
INSERT INTO OKM_TRANSLATION (TR_MODULE, TR_KEY, TR_TEXT, TR_LANGUAGE) VALUES ('frontend', 'user.info.workflow.pending.pooled.tasks', 'Tareas pendientes no asignadas', 'es-ES');
INSERT INTO OKM_TRANSLATION (TR_MODULE, TR_KEY, TR_TEXT, TR_LANGUAGE) VALUES ('frontend', 'user.online', 'Usuarios conectados', 'es-ES');
INSERT INTO OKM_TRANSLATION (TR_MODULE, TR_KEY, TR_TEXT, TR_LANGUAGE) VALUES ('frontend', 'user.preferences.imap.error', 'Todos los campos son obligatorios para configurar el correo', 'es-ES');
INSERT INTO OKM_TRANSLATION (TR_MODULE, TR_KEY, TR_TEXT, TR_LANGUAGE) VALUES ('frontend', 'user.preferences.imap.folder', 'Carpeta de IMAP', 'es-ES');
INSERT INTO OKM_TRANSLATION (TR_MODULE, TR_KEY, TR_TEXT, TR_LANGUAGE) VALUES ('frontend', 'user.preferences.imap.host', 'Servidor de IMAP', 'es-ES');
INSERT INTO OKM_TRANSLATION (TR_MODULE, TR_KEY, TR_TEXT, TR_LANGUAGE) VALUES ('frontend', 'user.preferences.imap.password.error.void', 'La clave de IMAP no puede estar vaca en la creacin', 'es-ES');
INSERT INTO OKM_TRANSLATION (TR_MODULE, TR_KEY, TR_TEXT, TR_LANGUAGE) VALUES ('frontend', 'user.preferences.imap.test.error', 'Configuracin de IMAP incorrecta', 'es-ES');
INSERT INTO OKM_TRANSLATION (TR_MODULE, TR_KEY, TR_TEXT, TR_LANGUAGE) VALUES ('frontend', 'user.preferences.imap.test.ok', 'Configuracin de IMAP correcta', 'es-ES');
INSERT INTO OKM_TRANSLATION (TR_MODULE, TR_KEY, TR_TEXT, TR_LANGUAGE) VALUES ('frontend', 'user.preferences.imap.user', 'Usuario de IMAP', 'es-ES');
INSERT INTO OKM_TRANSLATION (TR_MODULE, TR_KEY, TR_TEXT, TR_LANGUAGE) VALUES ('frontend', 'user.preferences.imap.user.password', 'Clave de IMAP', 'es-ES');
INSERT INTO OKM_TRANSLATION (TR_MODULE, TR_KEY, TR_TEXT, TR_LANGUAGE) VALUES ('frontend', 'user.preferences.label', 'Configuracin de usuario', 'es-ES');
INSERT INTO OKM_TRANSLATION (TR_MODULE, TR_KEY, TR_TEXT, TR_LANGUAGE) VALUES ('frontend', 'user.preferences.mail', 'Correo electrnico', 'es-ES');
INSERT INTO OKM_TRANSLATION (TR_MODULE, TR_KEY, TR_TEXT, TR_LANGUAGE) VALUES ('frontend', 'user.preferences.mail.data', 'Cuenta de correo', 'es-ES');
INSERT INTO OKM_TRANSLATION (TR_MODULE, TR_KEY, TR_TEXT, TR_LANGUAGE) VALUES ('frontend', 'user.preferences.password', 'Clave', 'es-ES');
INSERT INTO OKM_TRANSLATION (TR_MODULE, TR_KEY, TR_TEXT, TR_LANGUAGE) VALUES ('frontend', 'user.preferences.password.error', 'Error: las claves son distintas', 'es-ES');
INSERT INTO OKM_TRANSLATION (TR_MODULE, TR_KEY, TR_TEXT, TR_LANGUAGE) VALUES ('frontend', 'user.preferences.roles', 'Roles', 'es-ES');
INSERT INTO OKM_TRANSLATION (TR_MODULE, TR_KEY, TR_TEXT, TR_LANGUAGE) VALUES ('frontend', 'user.preferences.user', 'Usuario', 'es-ES');
INSERT INTO OKM_TRANSLATION (TR_MODULE, TR_KEY, TR_TEXT, TR_LANGUAGE) VALUES ('frontend', 'user.preferences.user.data', 'Cuenta de usuario', 'es-ES');
INSERT INTO OKM_TRANSLATION (TR_MODULE, TR_KEY, TR_TEXT, TR_LANGUAGE) VALUES ('frontend', 'validation.alphanumeric.required', 'Valor afanumrico requerido', 'es-ES');
INSERT INTO OKM_TRANSLATION (TR_MODULE, TR_KEY, TR_TEXT, TR_LANGUAGE) VALUES ('frontend', 'validation.decimal.required', 'Valor decimal requerido', 'es-ES');
INSERT INTO OKM_TRANSLATION (TR_MODULE, TR_KEY, TR_TEXT, TR_LANGUAGE) VALUES ('frontend', 'validation.gt.required', 'Debe ser mayor que', 'es-ES');
INSERT INTO OKM_TRANSLATION (TR_MODULE, TR_KEY, TR_TEXT, TR_LANGUAGE) VALUES ('frontend', 'validation.lt.required', 'Debe ser menor que', 'es-ES');
INSERT INTO OKM_TRANSLATION (TR_MODULE, TR_KEY, TR_TEXT, TR_LANGUAGE) VALUES ('frontend', 'validation.mail.required.field', 'Correo electrnico requerido', 'es-ES');
INSERT INTO OKM_TRANSLATION (TR_MODULE, TR_KEY, TR_TEXT, TR_LANGUAGE) VALUES ('frontend', 'validation.max.required', 'Valor mximo superado', 'es-ES');
INSERT INTO OKM_TRANSLATION (TR_MODULE, TR_KEY, TR_TEXT, TR_LANGUAGE) VALUES ('frontend', 'validation.maxlen.required', 'Longitud mxima requerida', 'es-ES');
INSERT INTO OKM_TRANSLATION (TR_MODULE, TR_KEY, TR_TEXT, TR_LANGUAGE) VALUES ('frontend', 'validation.min.required', 'Valor mnimo requerido', 'es-ES');
INSERT INTO OKM_TRANSLATION (TR_MODULE, TR_KEY, TR_TEXT, TR_LANGUAGE) VALUES ('frontend', 'validation.minlen.required', 'Longitud mnima requerida', 'es-ES');
INSERT INTO OKM_TRANSLATION (TR_MODULE, TR_KEY, TR_TEXT, TR_LANGUAGE) VALUES ('frontend', 'validation.numeric.required', 'Valor numrico requerido', 'es-ES');
INSERT INTO OKM_TRANSLATION (TR_MODULE, TR_KEY, TR_TEXT, TR_LANGUAGE) VALUES ('frontend', 'validation.regexp.required', 'No cumple  con el patrn', 'es-ES');
INSERT INTO OKM_TRANSLATION (TR_MODULE, TR_KEY, TR_TEXT, TR_LANGUAGE) VALUES ('frontend', 'validation.required.field', 'Campo requerido', 'es-ES');
INSERT INTO OKM_TRANSLATION (TR_MODULE, TR_KEY, TR_TEXT, TR_LANGUAGE) VALUES ('frontend', 'validation.url.required.field', 'URL requerida', 'es-ES');
INSERT INTO OKM_TRANSLATION (TR_MODULE, TR_KEY, TR_TEXT, TR_LANGUAGE) VALUES ('frontend', 'validator.password.error.max.length', 'Password error: demasiado largo', 'es-ES');
INSERT INTO OKM_TRANSLATION (TR_MODULE, TR_KEY, TR_TEXT, TR_LANGUAGE) VALUES ('frontend', 'validator.password.error.max.uppercase', 'Password error: faltan carcteres en mayscula', 'es-ES');
INSERT INTO OKM_TRANSLATION (TR_MODULE, TR_KEY, TR_TEXT, TR_LANGUAGE) VALUES ('frontend', 'validator.password.error.min.digits', 'Password error: faltan dgitos', 'es-ES');
INSERT INTO OKM_TRANSLATION (TR_MODULE, TR_KEY, TR_TEXT, TR_LANGUAGE) VALUES ('frontend', 'validator.password.error.min.length', 'Password error: demasiado corto', 'es-ES');
INSERT INTO OKM_TRANSLATION (TR_MODULE, TR_KEY, TR_TEXT, TR_LANGUAGE) VALUES ('frontend', 'validator.password.error.min.lowercase', 'Password error: faltan carcteres en minscula', 'es-ES');
INSERT INTO OKM_TRANSLATION (TR_MODULE, TR_KEY, TR_TEXT, TR_LANGUAGE) VALUES ('frontend', 'validator.password.error.min.special', 'Password error: faltan carcteres especiales', 'es-ES');
INSERT INTO OKM_TRANSLATION (TR_MODULE, TR_KEY, TR_TEXT, TR_LANGUAGE) VALUES ('frontend', 'version.author', 'Autor', 'es-ES');
INSERT INTO OKM_TRANSLATION (TR_MODULE, TR_KEY, TR_TEXT, TR_LANGUAGE) VALUES ('frontend', 'version.comment', 'Comentario', 'es-ES');
INSERT INTO OKM_TRANSLATION (TR_MODULE, TR_KEY, TR_TEXT, TR_LANGUAGE) VALUES ('frontend', 'version.created', 'Fecha', 'es-ES');
INSERT INTO OKM_TRANSLATION (TR_MODULE, TR_KEY, TR_TEXT, TR_LANGUAGE) VALUES ('frontend', 'version.name', 'Versin', 'es-ES');
INSERT INTO OKM_TRANSLATION (TR_MODULE, TR_KEY, TR_TEXT, TR_LANGUAGE) VALUES ('frontend', 'version.purge.document', 'Compactar histrico', 'es-ES');
INSERT INTO OKM_TRANSLATION (TR_MODULE, TR_KEY, TR_TEXT, TR_LANGUAGE) VALUES ('frontend', 'version.size', 'Tamao', 'es-ES');
INSERT INTO OKM_TRANSLATION (TR_MODULE, TR_KEY, TR_TEXT, TR_LANGUAGE) VALUES ('frontend', 'wizard.document.uploading', 'Asistente de documento', 'es-ES');
INSERT INTO OKM_TRANSLATION (TR_MODULE, TR_KEY, TR_TEXT, TR_LANGUAGE) VALUES ('frontend', 'workflow.label', 'Iniciar workflow', 'es-ES');
INSERT INTO OKM_TRANSLATION (TR_MODULE, TR_KEY, TR_TEXT, TR_LANGUAGE) VALUES ('extension', 'activitylog.tittle', 'Log de actividad', 'es-ES');
INSERT INTO OKM_TRANSLATION (TR_MODULE, TR_KEY, TR_TEXT, TR_LANGUAGE) VALUES ('extension', 'activitylog.filter', 'Filtrado', 'es-ES');
INSERT INTO OKM_TRANSLATION (TR_MODULE, TR_KEY, TR_TEXT, TR_LANGUAGE) VALUES ('extension', 'activitylog.tab.get.log', 'Obteniendo log de actividad', 'es-ES');
INSERT INTO OKM_TRANSLATION (TR_MODULE, TR_KEY, TR_TEXT, TR_LANGUAGE) VALUES ('extension', 'activitylog.filter.get.childs', 'Ver "obtener hijos"', 'es-ES');
INSERT INTO OKM_TRANSLATION (TR_MODULE, TR_KEY, TR_TEXT, TR_LANGUAGE) VALUES ('extension', 'contact.google.login.ok', 'Autentificacin correcta', 'es-ES');
INSERT INTO OKM_TRANSLATION (TR_MODULE, TR_KEY, TR_TEXT, TR_LANGUAGE) VALUES ('extension', 'contact.google.user', 'Usuario', 'es-ES');
INSERT INTO OKM_TRANSLATION (TR_MODULE, TR_KEY, TR_TEXT, TR_LANGUAGE) VALUES ('extension', 'contact.google.password', 'Clave', 'es-ES');
INSERT INTO OKM_TRANSLATION (TR_MODULE, TR_KEY, TR_TEXT, TR_LANGUAGE) VALUES ('extension', 'button.login', 'Login', 'es-ES');
INSERT INTO OKM_TRANSLATION (TR_MODULE, TR_KEY, TR_TEXT, TR_LANGUAGE) VALUES ('extension', 'contact.google.login.error', 'Login error', 'es-ES');
INSERT INTO OKM_TRANSLATION (TR_MODULE, TR_KEY, TR_TEXT, TR_LANGUAGE) VALUES ('extension', 'contact.google.size', 'Contactos', 'es-ES');
INSERT INTO OKM_TRANSLATION (TR_MODULE, TR_KEY, TR_TEXT, TR_LANGUAGE) VALUES ('extension', 'button.list', 'Listar', 'es-ES');
INSERT INTO OKM_TRANSLATION (TR_MODULE, TR_KEY, TR_TEXT, TR_LANGUAGE) VALUES ('extension', 'contact.synchornize', 'Sincronizar', 'es-ES');
INSERT INTO OKM_TRANSLATION (TR_MODULE, TR_KEY, TR_TEXT, TR_LANGUAGE) VALUES ('extension', 'contact.mapping.key', 'Campo personalizado en Google', 'es-ES');
INSERT INTO OKM_TRANSLATION (TR_MODULE, TR_KEY, TR_TEXT, TR_LANGUAGE) VALUES ('extension', 'contact.google.title', 'Sincronizacin de Google Contacts', 'es-ES');
INSERT INTO OKM_TRANSLATION (TR_MODULE, TR_KEY, TR_TEXT, TR_LANGUAGE) VALUES ('extension', 'button.add.mapping', 'Aadir mapeo', 'es-ES');
INSERT INTO OKM_TRANSLATION (TR_MODULE, TR_KEY, TR_TEXT, TR_LANGUAGE) VALUES ('extension', 'contact.mapping.to', 'Mapeado con', 'es-ES');
INSERT INTO OKM_TRANSLATION (TR_MODULE, TR_KEY, TR_TEXT, TR_LANGUAGE) VALUES ('extension', 'contact.google.groups', 'Grupos', 'es-ES');
INSERT INTO OKM_TRANSLATION (TR_MODULE, TR_KEY, TR_TEXT, TR_LANGUAGE) VALUES ('extension', 'contact.menu', 'Contactos', 'es-ES');
INSERT INTO OKM_TRANSLATION (TR_MODULE, TR_KEY, TR_TEXT, TR_LANGUAGE) VALUES ('extension', 'contact.google.login', 'Atentificandose en Google', 'es-ES');
INSERT INTO OKM_TRANSLATION (TR_MODULE, TR_KEY, TR_TEXT, TR_LANGUAGE) VALUES ('extension', 'contact.google.getting.groups', 'Obteniendo grupos', 'es-ES');
INSERT INTO OKM_TRANSLATION (TR_MODULE, TR_KEY, TR_TEXT, TR_LANGUAGE) VALUES ('extension', 'contact.google.getting.contacts', 'Obteniendo contactos', 'es-ES');
INSERT INTO OKM_TRANSLATION (TR_MODULE, TR_KEY, TR_TEXT, TR_LANGUAGE) VALUES ('extension', 'contact.google.synchronizing', 'Sincronizando contactos', 'es-ES');
INSERT INTO OKM_TRANSLATION (TR_MODULE, TR_KEY, TR_TEXT, TR_LANGUAGE) VALUES ('extension', 'contact.google.synchronized', 'Contactos sincronizados', 'es-ES');
INSERT INTO OKM_TRANSLATION (TR_MODULE, TR_KEY, TR_TEXT, TR_LANGUAGE) VALUES ('extension', 'activitylog.action', 'Accin', 'es-ES');
INSERT INTO OKM_TRANSLATION (TR_MODULE, TR_KEY, TR_TEXT, TR_LANGUAGE) VALUES ('extension', 'activitylog.user', 'Usuario', 'es-ES');
INSERT INTO OKM_TRANSLATION (TR_MODULE, TR_KEY, TR_TEXT, TR_LANGUAGE) VALUES ('extension', 'activitylog.date', 'Fecha', 'es-ES');
INSERT INTO OKM_TRANSLATION (TR_MODULE, TR_KEY, TR_TEXT, TR_LANGUAGE) VALUES ('extension', 'activitylog.params', 'Parmetros', 'es-ES');
INSERT INTO OKM_TRANSLATION (TR_MODULE, TR_KEY, TR_TEXT, TR_LANGUAGE) VALUES ('extension', 'forum.replies', 'Respuestas', 'es-ES');
INSERT INTO OKM_TRANSLATION (TR_MODULE, TR_KEY, TR_TEXT, TR_LANGUAGE) VALUES ('extension', 'forum.views', 'Visto', 'es-ES');
INSERT INTO OKM_TRANSLATION (TR_MODULE, TR_KEY, TR_TEXT, TR_LANGUAGE) VALUES ('extension', 'forum.last.post', 'ltimo mensaje', 'es-ES');
INSERT INTO OKM_TRANSLATION (TR_MODULE, TR_KEY, TR_TEXT, TR_LANGUAGE) VALUES ('extension', 'forum.user.by', 'por', 'es-ES');
INSERT INTO OKM_TRANSLATION (TR_MODULE, TR_KEY, TR_TEXT, TR_LANGUAGE) VALUES ('extension', 'forum.topics', 'Temas', 'es-ES');
INSERT INTO OKM_TRANSLATION (TR_MODULE, TR_KEY, TR_TEXT, TR_LANGUAGE) VALUES ('extension', 'forum.new.topic', 'Nuevo tema', 'es-ES');
INSERT INTO OKM_TRANSLATION (TR_MODULE, TR_KEY, TR_TEXT, TR_LANGUAGE) VALUES ('extension', 'forum.go.home', 'Inicio', 'es-ES');
INSERT INTO OKM_TRANSLATION (TR_MODULE, TR_KEY, TR_TEXT, TR_LANGUAGE) VALUES ('extension', 'forum.post.reply', 'Responder', 'es-ES');
INSERT INTO OKM_TRANSLATION (TR_MODULE, TR_KEY, TR_TEXT, TR_LANGUAGE) VALUES ('extension', 'forum.number.of.topics', 'N de temas', 'es-ES');
INSERT INTO OKM_TRANSLATION (TR_MODULE, TR_KEY, TR_TEXT, TR_LANGUAGE) VALUES ('extension', 'forum.subject', 'Tema', 'es-ES');
INSERT INTO OKM_TRANSLATION (TR_MODULE, TR_KEY, TR_TEXT, TR_LANGUAGE) VALUES ('extension', 'forum.number.of.replies', 'N de respuestas', 'es-ES');
INSERT INTO OKM_TRANSLATION (TR_MODULE, TR_KEY, TR_TEXT, TR_LANGUAGE) VALUES ('extension', 'forum.tab.title', 'Foro', 'es-ES');
INSERT INTO OKM_TRANSLATION (TR_MODULE, TR_KEY, TR_TEXT, TR_LANGUAGE) VALUES ('extension', 'forum.title', 'Foro', 'es-ES');
INSERT INTO OKM_TRANSLATION (TR_MODULE, TR_KEY, TR_TEXT, TR_LANGUAGE) VALUES ('extension', 'forum.topic', 'Temas', 'es-ES');
INSERT INTO OKM_TRANSLATION (TR_MODULE, TR_KEY, TR_TEXT, TR_LANGUAGE) VALUES ('extension', 'forum.post', 'Mensajes', 'es-ES');
INSERT INTO OKM_TRANSLATION (TR_MODULE, TR_KEY, TR_TEXT, TR_LANGUAGE) VALUES ('extension', 'forum.new.forum', 'Nuevo foro', 'es-ES');
INSERT INTO OKM_TRANSLATION (TR_MODULE, TR_KEY, TR_TEXT, TR_LANGUAGE) VALUES ('extension', 'forum.name', 'Nombre', 'es-ES');
INSERT INTO OKM_TRANSLATION (TR_MODULE, TR_KEY, TR_TEXT, TR_LANGUAGE) VALUES ('extension', 'forum.create.forum', 'Crear foro', 'es-ES');
INSERT INTO OKM_TRANSLATION (TR_MODULE, TR_KEY, TR_TEXT, TR_LANGUAGE) VALUES ('extension', 'forum.create.topic', 'Crear tema', 'es-ES');
INSERT INTO OKM_TRANSLATION (TR_MODULE, TR_KEY, TR_TEXT, TR_LANGUAGE) VALUES ('extension', 'forum.create.post', 'Crear respuesta', 'es-ES');
INSERT INTO OKM_TRANSLATION (TR_MODULE, TR_KEY, TR_TEXT, TR_LANGUAGE) VALUES ('extension', 'forum.edit.post', 'Editar respuesta', 'es-ES');
INSERT INTO OKM_TRANSLATION (TR_MODULE, TR_KEY, TR_TEXT, TR_LANGUAGE) VALUES ('extension', 'forum.edit.forum', 'Editar foro', 'es-ES');
INSERT INTO OKM_TRANSLATION (TR_MODULE, TR_KEY, TR_TEXT, TR_LANGUAGE) VALUES ('extension', 'confirm.delete.forum', ' Seguro que desea eliminar el foro ?', 'es-ES');
INSERT INTO OKM_TRANSLATION (TR_MODULE, TR_KEY, TR_TEXT, TR_LANGUAGE) VALUES ('extension', 'confirm.delete.post', ' Seguro que desea eliminar la respuesta ?', 'es-ES');
INSERT INTO OKM_TRANSLATION (TR_MODULE, TR_KEY, TR_TEXT, TR_LANGUAGE) VALUES ('extension', 'forum.edit.bold', 'Negrita:[b]texto[/b]', 'es-ES');
INSERT INTO OKM_TRANSLATION (TR_MODULE, TR_KEY, TR_TEXT, TR_LANGUAGE) VALUES ('extension', 'forum.edit.italic', 'Italica:[i]texto[/i]', 'es-ES');
INSERT INTO OKM_TRANSLATION (TR_MODULE, TR_KEY, TR_TEXT, TR_LANGUAGE) VALUES ('extension', 'forum.edit.underline', 'Subrayado:[u]texto[/u]', 'es-ES');
INSERT INTO OKM_TRANSLATION (TR_MODULE, TR_KEY, TR_TEXT, TR_LANGUAGE) VALUES ('extension', 'forum.edit.paragraph', 'Pargrafo:[p]text[/p]', 'es-ES');
INSERT INTO OKM_TRANSLATION (TR_MODULE, TR_KEY, TR_TEXT, TR_LANGUAGE) VALUES ('extension', 'forum.edit.button.quote', 'Cita', 'es-ES');
INSERT INTO OKM_TRANSLATION (TR_MODULE, TR_KEY, TR_TEXT, TR_LANGUAGE) VALUES ('extension', 'forum.edit.quote', 'Cita:[quote]texto[/quote]', 'es-ES');
INSERT INTO OKM_TRANSLATION (TR_MODULE, TR_KEY, TR_TEXT, TR_LANGUAGE) VALUES ('extension', 'forum.edit.justify.left', 'Justificar izquierda:[align=left]texto[/align]', 'es-ES');
INSERT INTO OKM_TRANSLATION (TR_MODULE, TR_KEY, TR_TEXT, TR_LANGUAGE) VALUES ('extension', 'forum.edit.justify.center', 'Centrar:[center]texto[/center]', 'es-ES');
INSERT INTO OKM_TRANSLATION (TR_MODULE, TR_KEY, TR_TEXT, TR_LANGUAGE) VALUES ('extension', 'forum.edit.justify', 'Justificar:[align=justify]texto[/align]', 'es-ES');
INSERT INTO OKM_TRANSLATION (TR_MODULE, TR_KEY, TR_TEXT, TR_LANGUAGE) VALUES ('extension', 'forum.edit.justify.right', 'Justificar derecha:[align=right]texto[/align]', 'es-ES');
INSERT INTO OKM_TRANSLATION (TR_MODULE, TR_KEY, TR_TEXT, TR_LANGUAGE) VALUES ('extension', 'forum.edit.font.tiny', 'Muy pequeo', 'es-ES');
INSERT INTO OKM_TRANSLATION (TR_MODULE, TR_KEY, TR_TEXT, TR_LANGUAGE) VALUES ('extension', 'forum.edit.font.small', 'Pequeo', 'es-ES');
INSERT INTO OKM_TRANSLATION (TR_MODULE, TR_KEY, TR_TEXT, TR_LANGUAGE) VALUES ('extension', 'forum.edit.font.normal', 'Normal', 'es-ES');
INSERT INTO OKM_TRANSLATION (TR_MODULE, TR_KEY, TR_TEXT, TR_LANGUAGE) VALUES ('extension', 'forum.edit.font.large', 'Grande', 'es-ES');
INSERT INTO OKM_TRANSLATION (TR_MODULE, TR_KEY, TR_TEXT, TR_LANGUAGE) VALUES ('extension', 'forum.edit.font.huge', 'Enorme', 'es-ES');
INSERT INTO OKM_TRANSLATION (TR_MODULE, TR_KEY, TR_TEXT, TR_LANGUAGE) VALUES ('extension', 'forum.edit.button.show.color', 'Mostrar colores', 'es-ES');
INSERT INTO OKM_TRANSLATION (TR_MODULE, TR_KEY, TR_TEXT, TR_LANGUAGE) VALUES ('extension', 'forum.edit.button.hide.color', 'Ocultar colores', 'es-ES');
INSERT INTO OKM_TRANSLATION (TR_MODULE, TR_KEY, TR_TEXT, TR_LANGUAGE) VALUES ('extension', 'forum.edit.color', 'Color:[color=color]text[/color]', 'es-ES');
INSERT INTO OKM_TRANSLATION (TR_MODULE, TR_KEY, TR_TEXT, TR_LANGUAGE) VALUES ('extension', 'forum.edit.image', 'Insertar imagen:[img]http://image_url[/img] o [img=http://image_url][/img] ', 'es-ES');
INSERT INTO OKM_TRANSLATION (TR_MODULE, TR_KEY, TR_TEXT, TR_LANGUAGE) VALUES ('extension', 'forum.edit.url', 'Insertar URL:[url]http://url[/url] o [url=http://url][/url]', 'es-ES');
INSERT INTO OKM_TRANSLATION (TR_MODULE, TR_KEY, TR_TEXT, TR_LANGUAGE) VALUES ('extension', 'forum.edit.email', 'Insertar correo:[email]email_adress[/email] o [email=email_adress][/email] ', 'es-ES');
INSERT INTO OKM_TRANSLATION (TR_MODULE, TR_KEY, TR_TEXT, TR_LANGUAGE) VALUES ('extension', 'status.forum.create.forum', 'Creando foro', 'es-ES');
INSERT INTO OKM_TRANSLATION (TR_MODULE, TR_KEY, TR_TEXT, TR_LANGUAGE) VALUES ('extension', 'status.forum.update.forum', 'Actualizando foro', 'es-ES');
INSERT INTO OKM_TRANSLATION (TR_MODULE, TR_KEY, TR_TEXT, TR_LANGUAGE) VALUES ('extension', 'status.forum.create.post', 'Creando respuesta', 'es-ES');
INSERT INTO OKM_TRANSLATION (TR_MODULE, TR_KEY, TR_TEXT, TR_LANGUAGE) VALUES ('extension', 'status.forum.create.topic', 'Creando tema', 'es-ES');
INSERT INTO OKM_TRANSLATION (TR_MODULE, TR_KEY, TR_TEXT, TR_LANGUAGE) VALUES ('extension', 'status.forum.update.post', 'Actualizando respuesta', 'es-ES');
INSERT INTO OKM_TRANSLATION (TR_MODULE, TR_KEY, TR_TEXT, TR_LANGUAGE) VALUES ('extension', 'status.forum.update.topic', 'Actualizando tema', 'es-ES');
INSERT INTO OKM_TRANSLATION (TR_MODULE, TR_KEY, TR_TEXT, TR_LANGUAGE) VALUES ('extension', 'status.forum.get.topics', 'Obteniendo temas', 'es-ES');
INSERT INTO OKM_TRANSLATION (TR_MODULE, TR_KEY, TR_TEXT, TR_LANGUAGE) VALUES ('extension', 'status.forum.get.posts', 'Obteniendo respuestas', 'es-ES');
INSERT INTO OKM_TRANSLATION (TR_MODULE, TR_KEY, TR_TEXT, TR_LANGUAGE) VALUES ('extension', 'status.forum.delete.post', 'Eliminando respuesta', 'es-ES');
INSERT INTO OKM_TRANSLATION (TR_MODULE, TR_KEY, TR_TEXT, TR_LANGUAGE) VALUES ('extension', 'status.forum.get.forums', 'Obteniendo foros', 'es-ES');
INSERT INTO OKM_TRANSLATION (TR_MODULE, TR_KEY, TR_TEXT, TR_LANGUAGE) VALUES ('extension', 'status.forum.delete.forum', 'Eliminando foro', 'es-ES');
INSERT INTO OKM_TRANSLATION (TR_MODULE, TR_KEY, TR_TEXT, TR_LANGUAGE) VALUES ('extension', 'forum.button.quote', 'Citar', 'es-ES');
INSERT INTO OKM_TRANSLATION (TR_MODULE, TR_KEY, TR_TEXT, TR_LANGUAGE) VALUES ('frontend', 'richtext.bold', 'Negrita', 'es-ES');
INSERT INTO OKM_TRANSLATION (TR_MODULE, TR_KEY, TR_TEXT, TR_LANGUAGE) VALUES ('frontend', 'richtext.italic', 'Itlica', 'es-ES');
INSERT INTO OKM_TRANSLATION (TR_MODULE, TR_KEY, TR_TEXT, TR_LANGUAGE) VALUES ('frontend', 'richtext.underline', 'Subrayado', 'es-ES');
INSERT INTO OKM_TRANSLATION (TR_MODULE, TR_KEY, TR_TEXT, TR_LANGUAGE) VALUES ('frontend', 'richtext.justify.left', 'Alinear derecha', 'es-ES');
INSERT INTO OKM_TRANSLATION (TR_MODULE, TR_KEY, TR_TEXT, TR_LANGUAGE) VALUES ('frontend', 'richtext.justify.center', 'Centrar', 'es-ES');
INSERT INTO OKM_TRANSLATION (TR_MODULE, TR_KEY, TR_TEXT, TR_LANGUAGE) VALUES ('frontend', 'richtext.justify', 'Justificar', 'es-ES');
INSERT INTO OKM_TRANSLATION (TR_MODULE, TR_KEY, TR_TEXT, TR_LANGUAGE) VALUES ('frontend', 'richtext.justify.right', 'Alinear izquierda', 'es-ES');
INSERT INTO OKM_TRANSLATION (TR_MODULE, TR_KEY, TR_TEXT, TR_LANGUAGE) VALUES ('frontend', 'richtext.stroke', 'Tachar', 'es-ES');
INSERT INTO OKM_TRANSLATION (TR_MODULE, TR_KEY, TR_TEXT, TR_LANGUAGE) VALUES ('frontend', 'richtext.subscript', 'Subndice', 'es-ES');
INSERT INTO OKM_TRANSLATION (TR_MODULE, TR_KEY, TR_TEXT, TR_LANGUAGE) VALUES ('frontend', 'richtext.superscript', 'Superndice', 'es-ES');
INSERT INTO OKM_TRANSLATION (TR_MODULE, TR_KEY, TR_TEXT, TR_LANGUAGE) VALUES ('frontend', 'richtext.list.ordered', 'Lista ordenada', 'es-ES');
INSERT INTO OKM_TRANSLATION (TR_MODULE, TR_KEY, TR_TEXT, TR_LANGUAGE) VALUES ('frontend', 'richtext.list.unordered', 'Lista sin orden', 'es-ES');
INSERT INTO OKM_TRANSLATION (TR_MODULE, TR_KEY, TR_TEXT, TR_LANGUAGE) VALUES ('frontend', 'richtext.ident.right', 'Identar a la derecha', 'es-ES');
INSERT INTO OKM_TRANSLATION (TR_MODULE, TR_KEY, TR_TEXT, TR_LANGUAGE) VALUES ('frontend', 'richtext.ident.left', 'Identar a la izquierda', 'es-ES');
INSERT INTO OKM_TRANSLATION (TR_MODULE, TR_KEY, TR_TEXT, TR_LANGUAGE) VALUES ('frontend', 'richtext.link.create', 'Insertar enlace', 'es-ES');
INSERT INTO OKM_TRANSLATION (TR_MODULE, TR_KEY, TR_TEXT, TR_LANGUAGE) VALUES ('frontend', 'richtext.link.break', 'Eliminar enlace', 'es-ES');
INSERT INTO OKM_TRANSLATION (TR_MODULE, TR_KEY, TR_TEXT, TR_LANGUAGE) VALUES ('frontend', 'richtext.line', 'Insertar lnea', 'es-ES');
INSERT INTO OKM_TRANSLATION (TR_MODULE, TR_KEY, TR_TEXT, TR_LANGUAGE) VALUES ('frontend', 'richtext.image', 'Insertar imagen', 'es-ES');
INSERT INTO OKM_TRANSLATION (TR_MODULE, TR_KEY, TR_TEXT, TR_LANGUAGE) VALUES ('frontend', 'richtext.remove.format', 'Eliminar formato', 'es-ES');
INSERT INTO OKM_TRANSLATION (TR_MODULE, TR_KEY, TR_TEXT, TR_LANGUAGE) VALUES ('frontend', 'richtext.switch.view', 'Ver/ocultar HTML', 'es-ES');
INSERT INTO OKM_TRANSLATION (TR_MODULE, TR_KEY, TR_TEXT, TR_LANGUAGE) VALUES ('frontend', 'richtext.colors', 'Colores', 'es-ES');
INSERT INTO OKM_TRANSLATION (TR_MODULE, TR_KEY, TR_TEXT, TR_LANGUAGE) VALUES ('frontend', 'richtext.fonts', 'Fuentes', 'es-ES');
INSERT INTO OKM_TRANSLATION (TR_MODULE, TR_KEY, TR_TEXT, TR_LANGUAGE) VALUES ('frontend', 'richtext.white', 'Blanco', 'es-ES');
INSERT INTO OKM_TRANSLATION (TR_MODULE, TR_KEY, TR_TEXT, TR_LANGUAGE) VALUES ('frontend', 'richtext.black', 'Negro', 'es-ES');
INSERT INTO OKM_TRANSLATION (TR_MODULE, TR_KEY, TR_TEXT, TR_LANGUAGE) VALUES ('frontend', 'richtext.red', 'Rojo', 'es-ES');
INSERT INTO OKM_TRANSLATION (TR_MODULE, TR_KEY, TR_TEXT, TR_LANGUAGE) VALUES ('frontend', 'richtext.green', 'Verde', 'es-ES');
INSERT INTO OKM_TRANSLATION (TR_MODULE, TR_KEY, TR_TEXT, TR_LANGUAGE) VALUES ('frontend', 'richtext.yellow', 'Amarillo', 'es-ES');
INSERT INTO OKM_TRANSLATION (TR_MODULE, TR_KEY, TR_TEXT, TR_LANGUAGE) VALUES ('frontend', 'richtext.blue', 'Azul', 'es-ES');
INSERT INTO OKM_TRANSLATION (TR_MODULE, TR_KEY, TR_TEXT, TR_LANGUAGE) VALUES ('frontend', 'richtext.add.url', 'Aadir url', 'es-ES');
INSERT INTO OKM_TRANSLATION (TR_MODULE, TR_KEY, TR_TEXT, TR_LANGUAGE) VALUES ('frontend', 'richtext.add.image.url', 'Aadir url de imagen', 'es-ES');
INSERT INTO OKM_TRANSLATION (TR_MODULE, TR_KEY, TR_TEXT, TR_LANGUAGE) VALUES ('extension', 'signature.change', 'Cambiar la firma', 'es-ES');
INSERT INTO OKM_TRANSLATION (TR_MODULE, TR_KEY, TR_TEXT, TR_LANGUAGE) VALUES ('extension', 'signature.actual', 'Firma', 'es-ES');
INSERT INTO OKM_TRANSLATION (TR_MODULE, TR_KEY, TR_TEXT, TR_LANGUAGE) VALUES ('extension', 'signature.not.signed', 'Sin firma', 'es-ES');
INSERT INTO OKM_TRANSLATION (TR_MODULE, TR_KEY, TR_TEXT, TR_LANGUAGE) VALUES ('frontend', 'group.properties.status.get.database.records', 'Obteniendo registros', 'es-ES');
INSERT INTO OKM_TRANSLATION (TR_MODULE, TR_KEY, TR_TEXT, TR_LANGUAGE) VALUES ('frontend', 'button.add.new.document', 'Aadir nuevo documento', 'es-ES');
INSERT INTO OKM_TRANSLATION (TR_MODULE, TR_KEY, TR_TEXT, TR_LANGUAGE) VALUES ('frontend', 'button.update.document', 'Actualizar documento', 'es-ES');
INSERT INTO OKM_TRANSLATION (TR_MODULE, TR_KEY, TR_TEXT, TR_LANGUAGE) VALUES ('frontend', 'form.manager.suggestbox.min.filter', 'Filtrado >= {0} carcteres', 'es-ES');
INSERT INTO OKM_TRANSLATION (TR_MODULE, TR_KEY, TR_TEXT, TR_LANGUAGE) VALUES ('frontend', 'button.execute', 'Ejecutar', 'es-ES');
INSERT INTO OKM_TRANSLATION (TR_MODULE, TR_KEY, TR_TEXT, TR_LANGUAGE) VALUES ('frontend', 'report.parameters', 'Parametros del report', 'es-ES');
INSERT INTO OKM_TRANSLATION (TR_MODULE, TR_KEY, TR_TEXT, TR_LANGUAGE) VALUES ('frontend', 'general.menu.report', 'Informes', 'es-ES');
INSERT INTO OKM_TRANSLATION (TR_MODULE, TR_KEY, TR_TEXT, TR_LANGUAGE) VALUES ('frontend', 'general.menu.report.format', 'Formato', 'es-ES');
INSERT INTO OKM_TRANSLATION (TR_MODULE, TR_KEY, TR_TEXT, TR_LANGUAGE) VALUES ('frontend', 'general.menu.report.format.pdf', 'PDF', 'es-ES');
INSERT INTO OKM_TRANSLATION (TR_MODULE, TR_KEY, TR_TEXT, TR_LANGUAGE) VALUES ('frontend', 'general.menu.report.format.rtf', 'RTF', 'es-ES');
INSERT INTO OKM_TRANSLATION (TR_MODULE, TR_KEY, TR_TEXT, TR_LANGUAGE) VALUES ('frontend', 'general.menu.report.format.csv', 'CSV', 'es-ES');
INSERT INTO OKM_TRANSLATION (TR_MODULE, TR_KEY, TR_TEXT, TR_LANGUAGE) VALUES ('frontend', 'button.print', 'Imprimir', 'es-ES');
INSERT INTO OKM_FORUM (FRM_ID, FRM_NAME, FRM_DESCRIPTION, FRM_DATE, FRM_LAST_POST_USER, FRM_LAST_POST_DATE, FRM_NUM_TOPICS, FRM_NUM_POSTS, FRM_ACTIVE) VALUES (1, 'Documents discussions', 'Documents discussions general forum', NOW(), 'system', NOW(), 0, 0, 'T');